[
    {
        "projcts_name": "Loopring_protocols",
        "num": 853,
        "created_user": "Brechtpd",
        "created_at": "2019-12-12T21:59:26Z",
        "closed_at": "2019-12-12T23:36:09Z",
        "merged_at": "2019-12-12T23:36:09Z",
        "label": [],
        "comments_data": [],
        "title": "[hebao] Allow adding to the whitelist immediately with majority",
        "body": "If the wallet owner can add to the whitelist with a delay, than I think we can allow adding to the whitelist immediately with a majority (with wallet owner signature required). This can be useful for when the owner has another secure address (or even an exchange address) without having to wait on the delay. If an attacker has a majority he is already able to use `ApprovedTransfers` without any limits, so this doesn't decrease the security."
    }
]