[
    {
        "projcts_name": "keep-network_keep-core",
        "num": 2678,
        "created_user": "dependabot[bot]",
        "created_at": "2021-10-30T18:45:42Z",
        "closed_at": "2022-02-08T12:39:21Z",
        "merged_at": null,
        "label": "dependencies",
        "comments_data": {
            "created": [
                "2022-02-08T12:39:21Z",
                "2022-02-08T12:39:24Z"
            ],
            "user_login": [
                "pdyraga",
                "dependabot[bot]"
            ]
        },
        "title": "Bump github.com/ethereum/go-ethereum from 1.10.8 to 1.10.9",
        "body": "Bumps [github.com/ethereum/go-ethereum](https://github.com/ethereum/go-ethereum) from 1.10.8 to 1.10.9.\n<details>\n<summary>Release notes</summary>\n<p><em>Sourced from <a href=\"https://github.com/ethereum/go-ethereum/releases\">github.com/ethereum/go-ethereum's releases</a>.</em></p>\n<blockquote>\n<h2>Attican Beta (v1.10.9)</h2>\n<p>Geth v1.10.9 is a maintenance release containing mostly bug fixes.</p>\n<p>Chain tracing has received quite a bit of attention during this release cycle. JS-based tracing now supports additional callbacks for entry and exit of contract calls, improving performance if processing individual opcodes is not needed.</p>\n<h4>Geth command changes</h4>\n<ul>\n<li>The 'evm' command has a new subcommand for testing tx decoding. (<a href=\"https://github-redirect.dependabot.com/ethereum/go-ethereum/pull/23494\">#23494</a>)</li>\n<li>'evm t8n' now calculates and returns block difficulty. (<a href=\"https://github-redirect.dependabot.com/ethereum/go-ethereum/pull/23353\">#23353</a>, <a href=\"https://github-redirect.dependabot.com/ethereum/go-ethereum/pull/23507\">#23507</a>)</li>\n<li>Legacy flags <code>--rpc</code>, <code>--rpcaddr</code>, <code>--rpcport</code>, etc. are no longer supported. (<a href=\"https://github-redirect.dependabot.com/ethereum/go-ethereum/pull/23358\">#23358</a>)</li>\n<li>Legacy debugging flags <code>--pprofport</code>, <code>--pprofaddr</code>, etc. are also no longer supported. (<a href=\"https://github-redirect.dependabot.com/ethereum/go-ethereum/pull/23368\">#23368</a>)</li>\n<li>When initializing Clique-based private networks, zero-length extradata in genesis.json now prints an error message instead of crashing. (<a href=\"https://github-redirect.dependabot.com/ethereum/go-ethereum/pull/23538\">#23538</a>)</li>\n</ul>\n<h4>Go library changes</h4>\n<ul>\n<li>Contract bindings created by accounts/abi/bind now validate log event signatures. This prevents accidentally decoding events with the wrong signature. (<a href=\"https://github-redirect.dependabot.com/ethereum/go-ethereum/pull/23230\">#23230</a>)</li>\n<li>A crash in accounts/abi when decoding struct-typed Solidity return values is resolved. (<a href=\"https://github-redirect.dependabot.com/ethereum/go-ethereum/pull/23573\">#23573</a>)</li>\n<li>Writes to the ancient database are now batched internally for improved performance. (<a href=\"https://github-redirect.dependabot.com/ethereum/go-ethereum/pull/23462\">#23462</a>)</li>\n<li>Multiple data races in transaction pool code are fixed. (<a href=\"https://github-redirect.dependabot.com/ethereum/go-ethereum/pull/23474\">#23474</a>)</li>\n<li>Comprehensive benchmarks for RLP encoding/decoding of consensus types have been added. (<a href=\"https://github-redirect.dependabot.com/ethereum/go-ethereum/pull/23190\">#23190</a>)</li>\n<li>RLP encoding of slices and arrays is slightly faster. (<a href=\"https://github-redirect.dependabot.com/ethereum/go-ethereum/pull/23467\">#23467</a>)</li>\n<li><code>rpc.BlockNumber</code> now implements encoding.TextMarshaler. (<a href=\"https://github-redirect.dependabot.com/ethereum/go-ethereum/pull/23324\">#23324</a>)</li>\n<li>The <code>Account</code> type has been moved from package core/state to core/types. (<a href=\"https://github-redirect.dependabot.com/ethereum/go-ethereum/pull/23567\">#23567</a>)</li>\n<li>For crypto/cloudflare/bn256 EC curve, in-place addition and unmarshalling now works correctly. (<a href=\"https://github-redirect.dependabot.com/ethereum/go-ethereum/pull/23419\">#23419</a>)</li>\n<li>A very rare crash in the background 'bloombits' indexer is resolved. (<a href=\"https://github-redirect.dependabot.com/ethereum/go-ethereum/pull/23437\">#23437</a>)</li>\n</ul>\n<h4>RPC/GraphQL changes</h4>\n<ul>\n<li>JS tracing of EVM execution now provides additional callbacks for call entry/exit. Using these callbacks instead of 'step' can yield a 10-100x tracing speedup if you don't need to process every VM opcode. (<a href=\"https://github-redirect.dependabot.com/ethereum/go-ethereum/pull/23087\">#23087</a>)</li>\n<li>The '4byte' built-in tracer now uses enter/exit. (<a href=\"https://github-redirect.dependabot.com/ethereum/go-ethereum/pull/23622\">#23622</a>)</li>\n<li>A state database corruption bug caused by tracer re-execution of old blocks is resolved. (<a href=\"https://github-redirect.dependabot.com/ethereum/go-ethereum/pull/23632\">#23632</a>)</li>\n<li>The new <code>debug_intermediateRoots</code> method computes per-transaction state roots of a block. (<a href=\"https://github-redirect.dependabot.com/ethereum/go-ethereum/pull/23594\">#23594</a>)</li>\n<li>EVM memory and return data are no longer captured by default when tracing. (<a href=\"https://github-redirect.dependabot.com/ethereum/go-ethereum/pull/23558\">#23558</a>)</li>\n<li>EVM execution is now aborted on the server side when tracing is interrupted. (<a href=\"https://github-redirect.dependabot.com/ethereum/go-ethereum/pull/23580\">#23580</a>)</li>\n<li>Broken WebSocket connections are now detected better and their subscriptions report an error instead of hanging indefinitely. (<a href=\"https://github-redirect.dependabot.com/ethereum/go-ethereum/pull/23556\">#23556</a>)</li>\n<li><code>personal_sendTransaction</code> now supports both &quot;input&quot; and &quot;data&quot; arguments, just like <code>eth_sendTransaction</code>. (<a href=\"https://github-redirect.dependabot.com/ethereum/go-ethereum/pull/23476\">#23476</a>)</li>\n<li>Log filtering performance is improved. (<a href=\"https://github-redirect.dependabot.com/ethereum/go-ethereum/pull/23147\">#23147</a>)</li>\n<li>Transaction access lists returned by GraphQL are now correct. (<a href=\"https://github-redirect.dependabot.com/ethereum/go-ethereum/pull/23650\">#23650</a>)</li>\n<li>The <code>debug_stacks</code> method now supports an optional filter expression. (<a href=\"https://github-redirect.dependabot.com/ethereum/go-ethereum/pull/23605\">#23605</a>)</li>\n<li>For clique blocks returned by RPC, the &quot;miner&quot; field once again contains the actual block coinbase field instead of the derived block signer. This fixes a regression where clients would no longer be able to verify the block seal signature. (<a href=\"https://github-redirect.dependabot.com/ethereum/go-ethereum/pull/23466\">#23466</a>)</li>\n</ul>\n<h4>Networking</h4>\n<ul>\n<li>The eth/65 peer-to-peer protocol is no longer supported. Geth only supports eth/66 as of this release. (<a href=\"https://github-redirect.dependabot.com/ethereum/go-ethereum/pull/23456\">#23456</a>)</li>\n<li>The cross-client eth protocol tests suite better distinguishes eth/65 and eth/66. (<a href=\"https://github-redirect.dependabot.com/ethereum/go-ethereum/pull/23568\">#23568</a>)</li>\n<li>ENR sequence numbers are now initialized as a timestamp. This prevents issues when the p2p nodes database is dropped/re-created while keeping the nodekey the same. (<a href=\"https://github-redirect.dependabot.com/ethereum/go-ethereum/pull/19903\">#19903</a>)</li>\n<li>Several data races are resolved in packages p2p and p2p/enode. (<a href=\"https://github-redirect.dependabot.com/ethereum/go-ethereum/pull/23434\">#23434</a>)</li>\n<li>Note: to simplify the ongoing rewrite of eth/downloader, the package has been duplicated temporarily. The additional copy will be removed later. (<a href=\"https://github-redirect.dependabot.com/ethereum/go-ethereum/pull/23561\">#23561</a>)</li>\n</ul>\n<h4>Build</h4>\n<!-- raw HTML omitted -->\n</blockquote>\n<p>... (truncated)</p>\n</details>\n<details>\n<summary>Commits</summary>\n<ul>\n<li><a href=\"https://github.com/ethereum/go-ethereum/commit/eae3b1946a276ac099e0018fc792d9e8c3bfda6d\"><code>eae3b19</code></a> params: release go-ethereum v1.10.9 stable</li>\n<li><a href=\"https://github.com/ethereum/go-ethereum/commit/3a6fe69f2356c50d1819be3417fcb89abc6e9cfe\"><code>3a6fe69</code></a> eth/protocols/snap, trie: better error-handling (<a href=\"https://github-redirect.dependabot.com/ethereum/go-ethereum/issues/23657\">#23657</a>)</li>\n<li><a href=\"https://github.com/ethereum/go-ethereum/commit/42bc1944a17260d75dc1e33e1571c804b9a4a88a\"><code>42bc194</code></a> graphql: add storage slots to access list (<a href=\"https://github-redirect.dependabot.com/ethereum/go-ethereum/issues/23650\">#23650</a>)</li>\n<li><a href=\"https://github.com/ethereum/go-ethereum/commit/a541fbea182edcb0313d3b578f939ce2c7045aed\"><code>a541fbe</code></a> eth/protocols/eth: simplify peer known block/txs caches (<a href=\"https://github-redirect.dependabot.com/ethereum/go-ethereum/issues/23649\">#23649</a>)</li>\n<li><a href=\"https://github.com/ethereum/go-ethereum/commit/3531ca2246db3474b5d1e61d18adc7e98725175b\"><code>3531ca2</code></a> eth/tracers: avoid unsyncronized mutations on trie database (<a href=\"https://github-redirect.dependabot.com/ethereum/go-ethereum/issues/23632\">#23632</a>)</li>\n<li><a href=\"https://github.com/ethereum/go-ethereum/commit/92c5d104d0158ed29a2aa4f583c40b7595b72a77\"><code>92c5d10</code></a> accounts/abi/bind: check event signature before parsing (<a href=\"https://github-redirect.dependabot.com/ethereum/go-ethereum/issues/23230\">#23230</a>)</li>\n<li><a href=\"https://github.com/ethereum/go-ethereum/commit/783e97ef1f51f4a94afbad6e07253bcdb78da2d7\"><code>783e97e</code></a> core/rawdb: avoid unnecessary receipt processing for log filtering (<a href=\"https://github-redirect.dependabot.com/ethereum/go-ethereum/issues/23147\">#23147</a>)</li>\n<li><a href=\"https://github.com/ethereum/go-ethereum/commit/ab2caaee1167a8bef9760d84b45716f1bddcc381\"><code>ab2caae</code></a> eth/tracers: implement debug.intermediateRoots (<a href=\"https://github-redirect.dependabot.com/ethereum/go-ethereum/issues/23594\">#23594</a>)</li>\n<li><a href=\"https://github.com/ethereum/go-ethereum/commit/443afc975c7a4016bf9ed1b057b8cc186cb089e1\"><code>443afc9</code></a> core/state: move state account to core/types + abstracted &quot;write account to t...</li>\n<li><a href=\"https://github.com/ethereum/go-ethereum/commit/ac7baeab57405c64592b1646a91e0a2bb33d8d6c\"><code>ac7baea</code></a> eth/tracers: re-write of 4byte tracer using enter/exit (<a href=\"https://github-redirect.dependabot.com/ethereum/go-ethereum/issues/23622\">#23622</a>)</li>\n<li>Additional commits viewable in <a href=\"https://github.com/ethereum/go-ethereum/compare/v1.10.8...v1.10.9\">compare view</a></li>\n</ul>\n</details>\n<br />\n\n\n[![Dependabot compatibility score](https://dependabot-badges.githubapp.com/badges/compatibility_score?dependency-name=github.com/ethereum/go-ethereum&package-manager=go_modules&previous-version=1.10.8&new-version=1.10.9)](https://docs.github.com/en/github/managing-security-vulnerabilities/about-dependabot-security-updates#about-compatibility-scores)\n\nDependabot will resolve any conflicts with this PR as long as you don't alter it yourself. You can also trigger a rebase manually by commenting `@dependabot rebase`.\n\n[//]: # (dependabot-automerge-start)\n[//]: # (dependabot-automerge-end)\n\n---\n\n<details>\n<summary>Dependabot commands and options</summary>\n<br />\n\nYou can trigger Dependabot actions by commenting on this PR:\n- `@dependabot rebase` will rebase this PR\n- `@dependabot recreate` will recreate this PR, overwriting any edits that have been made to it\n- `@dependabot merge` will merge this PR after your CI passes on it\n- `@dependabot squash and merge` will squash and merge this PR after your CI passes on it\n- `@dependabot cancel merge` will cancel a previously requested merge and block automerging\n- `@dependabot reopen` will reopen this PR if it is closed\n- `@dependabot close` will close this PR and stop Dependabot recreating it. You can achieve the same result by closing it manually\n- `@dependabot ignore this major version` will close this PR and stop Dependabot creating any more for this major version (unless you reopen the PR or upgrade to it yourself)\n- `@dependabot ignore this minor version` will close this PR and stop Dependabot creating any more for this minor version (unless you reopen the PR or upgrade to it yourself)\n- `@dependabot ignore this dependency` will close this PR and stop Dependabot creating any more for this dependency (unless you reopen the PR or upgrade to it yourself)\n- `@dependabot use these labels` will set the current labels as the default for future PRs for this repo and language\n- `@dependabot use these reviewers` will set the current reviewers as the default for future PRs for this repo and language\n- `@dependabot use these assignees` will set the current assignees as the default for future PRs for this repo and language\n- `@dependabot use this milestone` will set the current milestone as the default for future PRs for this repo and language\n\nYou can disable automated security fix PRs for this repo from the [Security Alerts page](https://github.com/keep-network/keep-core/network/alerts).\n\n</details>"
    }
]