[
    {
        "projcts_name": "balancer-labs_balancer-v2-monorepo",
        "num": 134,
        "created_user": "nventuro",
        "created_at": "2020-11-20T20:58:55Z",
        "closed_at": "2021-02-11T01:05:12Z",
        "merged_at": [],
        "label": [],
        "comments_data": {
            "created": [
                "2020-12-04T19:16:58Z",
                "2021-01-09T16:15:24Z"
            ],
            "user_login": [
                "nventuro",
                "dmf7z"
            ]
        },
        "title": "Make all Vault arithmetic overflow safe",
        "body": "There's plenty of unchecked addition and substraction going around, we need to make sure we're preventing all possible instances of overflow. There's a few instances where we know overflow is impossible (e.g. because a previous `if` just checked for that indirectly): in those cases we should have a comment explaining so."
    },
    {
        "projcts_name": "liquity_dev",
        "num": 328,
        "created_user": "NatalieChin80",
        "created_at": "2021-03-01T14:25:06Z",
        "closed_at": "2021-03-01T20:28:05Z",
        "merged_at": [],
        "label": [],
        "comments_data": {
            "created": [
                "2021-03-01T20:28:05Z"
            ],
            "user_login": [
                "bingen"
            ]
        },
        "title": "Risks with making scripts accessible",
        "body": "Severity: Undetermined \r\nDifficulty: Undetermined \r\nType: Unexpected Behavior\r\nTarget: `contracts/Proxy/*`\r\n\r\n## Description \r\nBy making these scripts easily accessible for users, it decreases the barrier of entry to attackers to extend the script for use in malicious ways against the Liquity platform. \r\n\r\nThe scripts provide examples of how rewards can be recycled, which allows attackers to more easily integrate flash loans and decentralized exchanges than if they were required to write the exploit from scratch. This puts additional pressure on the Liquity system to behave as expected, and any deviations in the protocol may result in easier exploitability. \r\n\r\nFor instance, if liquity/dev#310 represent realistic values, the unintentional arithmetic rounding may have unintentional side effects when users are adjusting or re-opening a trove with their staked collateral. \r\n\r\n## Exploit Scenario \r\nA part of the Liquity protocol is vulnerable to flash loans. Due to the visibility of these scripts, an attacker can more easily integrate into the loans to exploit the issue. \r\n\r\n## Recommendations\r\nShort term, consider making these scripts accessible through EIP 1167's Minimal Proxies and CREATE2 so users have access to these operations without making it as easy-to-use for attackers. \r\n\r\nLong term, analyze the Liquity protocol and document all operations that may be affected by external DeFi interactions. Ensure that external users cannot maliciously affect the Liquity protocol. "
    },
    {
        "projcts_name": "saddle-finance_saddle-contract",
        "num": 67,
        "created_user": "penandlim",
        "created_at": "2020-09-24T21:00:51Z",
        "closed_at": "2020-09-25T06:48:00Z",
        "merged_at": "2020-09-25T06:48:00Z",
        "label": [],
        "comments_data": {
            "created": [
                "2020-09-24T21:14:10Z"
            ],
            "user_login": [
                "alphastorm"
            ]
        },
        "title": "Fixes various crytic issues",
        "body": "Crytic issues fixed:\r\n* Imprecise arithmetic\r\n* Unused return values\r\n* Local variables shadowing\r\n\r\nJob #201 detected 68 findings\r\n0 High\r\n7 Medium\r\n24 Low\r\n21 Informational\r\n16 Optimization\r\n\r\n->\r\n\r\nJob #202 detected 57 findings\r\n0 High\r\n2 Medium\r\n19 Low\r\n20 Informational\r\n16 Optimization"
    },
    {
        "projcts_name": "balancer-labs_balancer-v2-monorepo",
        "num": 26,
        "created_user": "nventuro",
        "created_at": "2020-09-21T17:51:19Z",
        "closed_at": "2020-09-21T18:10:54Z",
        "merged_at": "2020-09-21T18:10:54Z",
        "label": [],
        "comments_data": [],
        "title": "Fix invariant validation in Vault",
        "body": "This was causing some tests to fail due to multiplcation overflow, as weights are expected to be below one. Also, some formulas don't hold if the weights don't sum to one, so the check was wrong regardless."
    },
    {
        "projcts_name": "yearn_yearn-vaults",
        "num": 22,
        "created_user": "Macarse",
        "created_at": "2020-10-16T18:38:44Z",
        "closed_at": "2020-10-17T01:28:49Z",
        "merged_at": "2020-10-17T01:28:49Z",
        "label": [],
        "comments_data": {
            "created": [
                "2020-10-16T19:45:29Z"
            ],
            "user_login": [
                "fubuloubu"
            ]
        },
        "title": "feat: added test to check user not withdrawing more than what they have",
        "body": "I thought there was a bug so I created a test. The code works correctly but because of an exception in the VM.\r\n\r\nException:\r\n\r\n```\r\n>       vault.withdraw(Wei(\"110 ether\"), {\"from\": rando})\r\nE       brownie.exceptions.VirtualMachineError: revert: Integer underflow\r\nE       Trace step -1, program counter 4703:\r\nE         File \"contracts/Vault.vy\", line 418, in Vault.withdraw:    \r\nE       \r\nE           # Burn shares (full value of what was withdrawn)\r\nE           self.totalSupply -= shares\r\nE           self.balanceOf[msg.sender] -= shares\r\nE           log Transfer(msg.sender, ZERO_ADDRESS, shares)\r\nE       \r\nE           # Withdraw remaining balance (minus fee)\r\n\r\ntests/functional/vault/test_withdrawal.py:63: VirtualMachineError\r\n```\r\nShouldn't we add an assert at the beginning of `withdraw()` to make sure the user has enough funds?\r\n"
    },
    {
        "projcts_name": "balancer-labs_balancer-v2-monorepo",
        "num": 1188,
        "created_user": "RedFox20",
        "created_at": "2022-03-21T20:40:38Z",
        "closed_at": "2022-03-23T19:55:38Z",
        "merged_at": "2022-03-23T19:55:38Z",
        "label": [],
        "comments_data": {
            "created": [
                "2022-03-21T20:56:07Z",
                "2022-03-21T21:38:49Z",
                "2022-03-22T17:57:54Z",
                "2022-03-23T20:09:41Z"
            ],
            "user_login": [
                "RedFox20",
                "axic",
                "nventuro",
                "dmf7z"
            ]
        },
        "title": "fix: Decimal math errors in stable-pool math.ts",
        "body": "calculateApproxInvariant used incorrect javascript `>` operator, which resulted in incorrect converge. Additionally converge must happen when BigNumber integer representation of `inv - prevInv` is <= integer 1"
    },
    {
        "projcts_name": "UMAprotocol_protocol",
        "num": 84,
        "created_user": "mrice32",
        "created_at": "2019-01-04T21:37:48Z",
        "closed_at": "2019-01-07T15:09:50Z",
        "merged_at": "2019-01-07T15:09:49Z",
        "label": [],
        "comments_data": {
            "created": [
                "2019-01-05T00:07:45Z",
                "2019-01-05T18:50:33Z"
            ],
            "user_login": [
                "mrice32",
                "cc7768"
            ]
        },
        "title": "Use safemath for signed integers",
        "body": "Now that openzeppelin supports safemath for signed integers, we should use this for all integer operations. This PR moves all of our existing contracts to integer safemath.\r\n\r\nThis also includes the trivial change to move all `int256` -> `int` (a shorter alias for the same type).\r\n\r\nFixes #3."
    },
    {
        "projcts_name": "UMAprotocol_protocol",
        "num": 9,
        "created_user": "mrice32",
        "created_at": "2018-09-18T15:54:42Z",
        "closed_at": "2018-09-19T17:42:29Z",
        "merged_at": "2018-09-19T17:42:29Z",
        "label": [],
        "comments_data": {
            "created": [
                "2018-09-19T02:56:21Z"
            ],
            "user_login": [
                "cc7768"
            ]
        },
        "title": "Use SafeMath for most uint operations",
        "body": "SafeMath adds checks to uint operations (signed ints coming soon! https://github.com/OpenZeppelin/openzeppelin-solidity/pull/835). Basically integer operations can create security bugs because integers can overflow or underflow given certain inputs. While SafeMath doesn't completely solve the issue, it does revert any transaction where an over/underflow occurs.\r\n\r\nA few notes:\r\n- SafeMath does add gas overhead in *most* cases (there may be one exception where a multiply by `0` is cheaper in SafeMath), but I think it's well worth the cost in offloading a certain class of security concerns.\r\n- I didn't use SafeMath for `i++` in for loops because they are generally just adding `1` until they reach some number that is already a `uint`, so it's pretty clear that they won't overflow. Also the gas overhead might be non-negligible here.\r\n\r\nPartially solves #3."
    },
    {
        "projcts_name": "UMAprotocol_protocol",
        "num": 3,
        "created_user": "mrice32",
        "created_at": "2018-09-18T00:14:55Z",
        "closed_at": "2019-01-07T15:09:49Z",
        "merged_at": [],
        "label": "enhancement",
        "comments_data": {
            "created": [
                "2018-09-27T15:15:19Z"
            ],
            "user_login": [
                "mrice32"
            ]
        },
        "title": "Start using some SafeMath lib for integer ops",
        "body": "To safeguard our contracts from accidental integer overflow, etc, we should use a library to do runtime checks on all integer operations."
    },
    {
        "projcts_name": "yearn_yearn-vaults",
        "num": 221,
        "created_user": "fubuloubu",
        "created_at": "2021-02-23T20:20:13Z",
        "closed_at": "2021-04-05T20:35:22Z",
        "merged_at": [],
        "label": "enhancement",
        "comments_data": {
            "created": [
                "2021-03-30T16:07:07Z",
                "2021-03-30T18:57:48Z",
                "2021-03-30T19:40:21Z"
            ],
            "user_login": [
                "ghost",
                "fubuloubu",
                "ghost"
            ]
        },
        "title": "Increase precision for important calculations based on decimals",
        "body": "There are a couple of really important interactions that need precise math to prevent too much rounding error from integer math flooring results.\r\n\r\nExample:\r\nhttps://github.com/iearn-finance/yearn-vaults/blob/dff2c5c05caf946ace09dae3cbea79c05983160d/contracts/Vault.vy#L792\r\n\r\nWe tried to fix it a bit like this:\r\nhttps://github.com/iearn-finance/yearn-vaults/blob/dff2c5c05caf946ace09dae3cbea79c05983160d/contracts/Vault.vy#L883\r\n\r\nBut really in general, this should be computed a bit more dynamically so we can ensure a certain level of precision based on the decimals value. Think:\r\n```python\r\nprecision = 18 - self.decimals if self.decimals <= 18 else 0\r\n\r\ncalculation = (10 ** precision) * ... calculation here ... / (10 ** precision)\r\n```"
    },
    {
        "projcts_name": "aurafinance_aura-contracts",
        "num": 34,
        "created_user": "0xahtle7",
        "created_at": "2022-03-26T20:43:44Z",
        "closed_at": "2022-03-28T10:02:15Z",
        "merged_at": "2022-03-28T10:02:15Z",
        "label": [],
        "comments_data": [],
        "title": "fix: fixes AuraLocker.balanceOf() Arithmetic error",
        "body": "- Fixes method AuraLocker.balanceOf aritmetic error after an emergency withdraw has been done. "
    },
    {
        "projcts_name": "enzymefinance_protocol",
        "num": 692,
        "created_user": "travs",
        "created_at": "2019-01-16T15:25:56Z",
        "closed_at": "2019-01-17T22:41:49Z",
        "merged_at": [],
        "label": [],
        "comments_data": [],
        "title": "Premium always computes to zero in `enginePrice()` of `Engine`",
        "body": "Description\r\nA mistake in the integer arithmetic for calculating the premium causes the premium to always be zero.\r\n\r\nEngine.sol / Line 85\r\nuint premium = mul(ethPerMln, premiumPercent()) / 100;\r\n\r\nBecause premiumPercent() returns a percentage (< 100) the division will always floor to 0.\r\n\r\nRecommendation\r\nReorder the operations as follows:\r\nuint premium = mul(ethPerMln, premiumPercent()) / 100;"
    }
]