[
    {
        "projcts_name": "UMAprotocol_protocol",
        "num": 1471,
        "created_user": "rcai1",
        "created_at": "2020-05-18T20:41:10Z",
        "closed_at": "2020-05-20T18:18:54Z",
        "merged_at": "2020-05-20T18:18:54Z",
        "label": [],
        "comments_data": {
            "created": [
                "2020-05-18T20:52:44Z"
            ],
            "user_login": [
                "coveralls"
            ]
        },
        "title": "Create bribery attack section",
        "body": "Signed-off-by: rcai1 <regina@umaproject.org>"
    },
    {
        "projcts_name": "aurafinance_aura-contracts",
        "num": 102,
        "created_user": "phijfry",
        "created_at": "2022-07-11T14:47:39Z",
        "closed_at": "2022-07-18T16:28:22Z",
        "merged_at": "2022-07-18T16:28:22Z",
        "label": [],
        "comments_data": [],
        "title": "feat: siphon token fork test",
        "body": "Grab rewards from chef to use for bribes"
    }
]