[
    {
        "projcts_name": "keep-network_keep-core",
        "num": 1178,
        "created_user": "pdyraga",
        "created_at": "2019-11-30T11:42:31Z",
        "closed_at": "2019-12-02T11:24:32Z",
        "merged_at": "2019-12-02T11:24:32Z",
        "label": [],
        "comments_data": [],
        "title": "Remove user-provided seed parameter from relay request interface",
        "body": "Refs: #1096\r\n~~Depends on #1177~~ \r\n\r\nAllowing the customer to provide seed is not secure in the current model. The attacks that use requester-provided seeds are fundamentally brute-force but that does not make them unviable. The attacker does not have to e.g. break the encryption of 128-bit keys but even a 1-in-1.000.000 outcome in biasing group selection can be useful for the attacker.\r\n\r\nThis change brings down the verification cost of a new relay entry:\r\n```\r\nestimate: 448544 -> 432597 (-15947)\r\ngasUsed: 433544 -> 417597  (-15947)\r\n```\r\n\r\nBut what is even more important, this change will also let us avoid expensive `g1HashToPoint` operation during relay entry verification as the input of the beacon will be always `G1`. More to come in the next PR..."
    }
]