[
    {
        "projcts_name": "balancer-labs_balancer-v2-monorepo",
        "num": 922,
        "created_user": "gtaschuk",
        "created_at": "2021-10-07T15:12:48Z",
        "closed_at": "2021-10-29T15:40:03Z",
        "merged_at": [],
        "label": [],
        "comments_data": {
            "created": [
                "2021-10-08T04:05:58Z",
                "2021-10-08T06:22:47Z",
                "2021-10-13T13:12:04Z",
                "2021-10-13T20:09:31Z",
                "2021-10-13T20:36:12Z",
                "2021-10-15T02:23:14Z"
            ],
            "user_login": [
                "nventuro",
                "gtaschuk",
                "nventuro",
                "gtaschuk",
                "nventuro",
                "nventuro"
            ]
        },
        "title": "MultiDistributor: Consider using a permissionless model",
        "body": "Up for discussion:\r\n\r\nCurrently we use a permissioned model to add distributors to a pool (either via governance, pools, or asset managers).  This is to prevent a DDOS attack in which looping through too many distributions would make staking/unstaking/claiming rewards expensive or potentially completely block unstaking from a pool.  And yet, if the permissioned entities were compromised, they could still force distributions on users, paralyzing pool stakes.\r\n\r\nAn alternate approach would be to make this contract completely permissionless - users would instead opt in to _channels_ {staked token, distributed token, distributor}, that they wish to receive distributions for and anyone would be able to become a  distributor.\r\n\r\nI'm imagining opt-in being binary - a user would have all their staking tokens staked to the channels they want to claim.  The UX of opting in to channels could be mitigated with a permit scheme .  Best case we figure out how to pack 256 opt-in/opt-out into a storage slot and allow it to be updated en masse\r\n\r\nIt's worth noting that while reward rates and reward durations vary, it doesn't matter who issues a distribution, and users should opt for the channels that best suit their staking plans.  Perhaps this could translate into automatic opt-in for particular distributions or permit-based opt in (for instance, any channel with a sufficiently high reward rate, or added through a pool etc)\r\n\r\nMoving to a permissionless model results in much less operational overhead for managing who is an allowed distributor and puts the users in control of which distributions are worth their gas to receive.  It also makes this contract useful beyond our ecosystem and allows people to set up staking schemes for any token in an environment where there is cheap liquidity for distributed tokens through balancer."
    },
    {
        "projcts_name": "fei-protocol_fei-protocol-core",
        "num": 586,
        "created_user": "thomas-waite",
        "created_at": "2022-03-14T17:51:30Z",
        "closed_at": "2022-03-23T22:42:28Z",
        "merged_at": "2022-03-23T22:42:28Z",
        "label": [],
        "comments_data": {
            "created": [
                "2022-03-18T18:33:56Z",
                "2022-03-21T12:25:27Z"
            ],
            "user_login": [
                "kryptoklob",
                "thomas-waite"
            ]
        },
        "title": "Add MetadataRegistry contract",
        "body": "# Summary\r\nAdds a `MetadataRegistry` contract with a single non-permissioned state changing function: `registerProposal(uint256 podId,uint256 proposalId,string memory metadata`. \r\n\r\nUsed in order to emit `metadata` for pod proposals, which the frontend can listen to and display. This is required as Gnosis Safe's do not support adding arbitrary metadata. A spec is available if useful.\r\n\r\nIt is intended that the first function call in a pod transaction - before the transaction goes to the appropriate timelock - is sent to this contract. The contract can emit the metadata and allow the frontend to show the proposal as it is in the timelock, where it can the be vetoed if appropriate.\r\n\r\n## TODO\r\nOnce permissions PR is in, make the `registerProposal()` method permissioned to pods only. Will prevent an unlikely DDOS weakness\r\n"
    },
    {
        "projcts_name": "keep-network_keep-core",
        "num": 252,
        "created_user": "pdyraga",
        "created_at": "2018-08-13T12:44:55Z",
        "closed_at": "2020-12-28T20:12:23Z",
        "merged_at": [],
        "label": [],
        "comments_data": {
            "created": [
                "2018-08-13T12:50:27Z",
                "2018-08-13T13:06:48Z",
                "2018-08-13T13:11:25Z",
                "2018-08-13T13:16:22Z",
                "2018-08-13T22:37:24Z",
                "2018-08-20T09:14:15Z",
                "2018-08-21T12:13:58Z",
                "2018-08-21T12:39:55Z",
                "2020-12-28T20:12:23Z"
            ],
            "user_login": [
                "mhluongo",
                "pdyraga",
                "mhluongo",
                "rargulati",
                "ngrinkevich",
                "pdyraga",
                "Shadowfiend",
                "mhluongo",
                "mhluongo"
            ]
        },
        "title": "Metrics discussion",
        "body": "Let\u2019s discuss what kind of metrics do we want to collect and how do we want to make it happen.\r\n\r\nAs usual, to start a discussion, let me put some thoughts. \r\n\r\nFor the T-ECDSA, we\u2019d be probably interested in two metrics:\r\n- How fast it takes a T-ECDSA key to be generated,\r\n- How fast it takes for a group of nodes to produce a signature.\r\n\r\nThis is something we currently can measure by just looking at tests but much more beneficial would be to know those metrics from user\u2019s point - the time from executing the smart contract up to getting the result. This is something we can probably measure from integration tests.\r\n\r\nAnother interesting metric would be how long it takes to execute all our Go tests on CircleCI. I think it would help us to visualize it somewhere. Maybe run the tests on `master` daily and save the timing for the sake of comparison with those from the past? Of course, over time, when we implement more features, thus, add more tests, an overall execution time will increase and this is a natural thing. However, if we see a 2x test execution time increase after merging a single PR, this should be alarming.\r\n\r\nAnother interesting metric, once we'll have a Keep network running, would be to have a health check member - one Keep instance querying the network, e.g. executing random beacon requests or T-ECDSA requests just to check how do we perform at overall. Are there any nodes slowing down or maybe are we under DDoS? \r\n\r\nLet us know what you think!\r\n\r\n"
    },
    {
        "projcts_name": "keep-network_keep-core",
        "num": 251,
        "created_user": "pdyraga",
        "created_at": "2018-08-13T12:44:07Z",
        "closed_at": "2018-08-13T12:45:25Z",
        "merged_at": [],
        "label": [],
        "comments_data": [],
        "title": "Metrics discussion",
        "body": "Let\u2019s discuss what kind of metrics do we want to collect and how do we want to make it happen.\r\n\r\nAs usual, to start a discussion, let me put some thoughts. \r\n\r\nFor the T-ECDSA, we\u2019d be probably interested in two metrics:\r\n- How fast it takes a T-ECDSA key to be generated,\r\n- How fast it takes for a group of nodes to produce a signature.\r\n\r\nThis is something we currently can measure by just looking at tests but much more beneficial would be to know those metrics from user\u2019s point - the time from executing the smart contract up to getting the result. This is something we can probably measure from integration tests.\r\n\r\nAnother interesting metric would be how long it takes to execute all our Go tests on CircleCI. I think it would help us to visualize it somewhere. Maybe run the tests on `master` daily and save the timing for the sake of comparison with those from the past? Of course, over time, when we implement more features, thus, add more tests, an overall execution time will increase and this is a natural thing. However, if we see a 2x test execution time increase after merging a single PR, this should be alarming.\r\n\r\nAnother interesting metric, once we'll have a Keep network running, would be to have a health check member - one Keep instance querying the network, e.g. executing random beacon requests or T-ECDSA requests just to check how do we perform at overall. Are there any nodes slowing down or maybe are we under DDoS? \r\n\r\nLet us know what you think!\r\n\r\n"
    },
    {
        "projcts_name": "Uniswap_v3-core",
        "num": 78,
        "created_user": "moodysalem",
        "created_at": "2020-10-19T22:06:48Z",
        "closed_at": "2020-10-20T19:16:59Z",
        "merged_at": [],
        "label": [],
        "comments_data": [],
        "title": "set `feeTo` on a per pair basis",
        "body": "feeToSetter should be able to set feeTo on a per pair basis\r\n\r\n\r\nwe struck this idea:\r\n~alternatively to feeTo being a fixed address on factory that receives fees, could point to a controller that has a method that returns feeTo, which can optionally return a constant address, or a return a different address for each pair~\r\n\r\nfor the reason that it could allow governance to ddos a pair, e.g. by setting the `feeToController` to a contract that always reverted. while this attack could be prevented, it is additional complexity (and gas) that we deem not worth the tradeoff"
    },
    {
        "projcts_name": "superfluid-finance_protocol-monorepo",
        "num": 728,
        "created_user": "vmichalik",
        "created_at": "2022-04-06T10:33:56Z",
        "closed_at": "2022-05-09T18:21:37Z",
        "merged_at": [],
        "label": "Type: Spike",
        "comments_data": {
            "created": [
                "2022-04-06T12:15:39Z",
                "2022-04-13T10:15:34Z",
                "2022-04-13T12:19:53Z",
                "2022-04-14T08:05:17Z",
                "2022-04-21T17:34:34Z",
                "2022-04-21T18:09:26Z",
                "2022-04-21T18:34:57Z",
                "2022-04-21T21:21:22Z",
                "2022-04-22T08:53:42Z",
                "2022-04-22T08:58:07Z",
                "2022-04-22T08:58:35Z",
                "2022-04-22T09:08:24Z",
                "2022-04-22T09:40:40Z",
                "2022-04-25T10:43:39Z"
            ],
            "user_login": [
                "hellwolf",
                "kasparkallas",
                "kasparkallas",
                "msoni89",
                "msoni89",
                "kasparkallas",
                "msoni89",
                "msoni89",
                "hellwolf",
                "hellwolf",
                "hellwolf",
                "kasparkallas",
                "kasparkallas",
                "kasparkallas"
            ]
        },
        "title": "[SUBGRAPH] Validate Balance-centric Subgraph",
        "body": "**Describe the issue:**\nTry building a balance-centric subgraph, per the below design.\n![image.png](https://images.zenhubusercontent.com/5a045ea68a75884b9086bebc/99a74fe8-9a9b-456c-9783-84ef32671b8a)\n\nThe intended benefits are as follows:\n- Web3 calls are not required for querying balance\n- Notifications and automation backend (platform) can be more minimal\n- Data dashboards for solvency health are simpler to produce\n- Improve data querying for human readability\n- Improve data querying for data visualization\n\n**Timebox:**\nThis spike should be capped at 3 days and reviewed at the end of the spike.\n\n**Additional context:**\n- A primary concern for this subgraph is that it may create DDOS attack vectors."
    }
]