[
    {
        "projcts_name": "yearn_yearn-vaults",
        "num": 460,
        "created_user": "0xUncleSam",
        "created_at": "2021-08-11T22:29:27Z",
        "closed_at": "2021-08-12T04:57:27Z",
        "merged_at": null,
        "label": [],
        "comments_data": {
            "created": [
                "2021-08-11T23:13:27Z"
            ],
            "user_login": [
                "sdan"
            ]
        },
        "title": "feat: tax strategy harvests + add IRS management",
        "body": "Add required IRS integration for yearn strategies. Yearn Finance falls under the US legal definition of a US based corporation and must be taxed on its proceeds. Failure to comply may result in severe financial penalties, repossession of Yearn private key management, and the deanonymization of key Yearn contributors.\r\n\r\nThis includes a few updates:\r\n- Adding US executive branch as governance and removing the illegal DAO reference\r\n- Allow US executive branch to set IRS address\r\n- Expand IRS role to allow setting tax rate and allow IRS to be a keeper\r\n- Tax each harvest on a configurable tax rate set by the IRS"
    },
    {
        "projcts_name": "AcalaNetwork_Acala",
        "num": 236,
        "created_user": "xlc",
        "created_at": "2020-05-20T00:07:30Z",
        "closed_at": "2020-06-15T06:42:37Z",
        "merged_at": [],
        "label": [],
        "comments_data": {
            "created": [
                "2020-05-30T03:45:36Z"
            ],
            "user_login": [
                "xlc"
            ]
        },
        "title": "Account Model Refactor",
        "body": "### Account Model Refactor\r\n\r\n`ExistentialDeposit` causes a lot of issues and edgecases:\r\n\r\n- System account have to be initialized first\r\n  - https://github.com/paritytech/substrate/blob/812d94d42c6d6d7fd28cf18a08d84f14c49d8544/frame/treasury/src/lib.rs#L230-L233\r\n- Almost impossible to guantaree a transfer is going to success\r\n  - https://github.com/paritytech/substrate/blob/812d94d42c6d6d7fd28cf18a08d84f14c49d8544/frame/treasury/src/lib.rs#L676-L682\r\n\r\nSo we will be dropping it.\r\n\r\nThe main reason of  `ExistentialDeposit` is to prevent dust account attack, avoid state bloating to ensure people will not be unnecessarily to store account balances with near zero value and the storages are paid with enough compensation. \r\n\r\nTo prevent such attack without `ExistentialDeposit`, a new account model is required.\r\n\r\nAn account needs to be opened before it can exists and holding balances and system account data (i.e. nonce and ref count). A deposit will be reserved in order to open an account. This deposit essentially pays for the state usage of account data and all the token balances.\r\n\r\nAccount can be closed to wipe account data and token balances and release the reserved token.\r\n\r\nSystem account ref counting can be used to prevent an account to be closed, so pallets can know it only need to dealing with opened accounts.\r\n\r\n### Workflow\r\n\r\n- any kind of transfer\r\n  - check if receiver has account opened\r\n  - if no, use the transfered fund to open account\r\n    - if fund is not ACA\r\n      - use DEX to convert required amount to ACA\r\n    - reserve required ACA and mark account is open\r\n- to close account\r\n  - parameter `dest: Option<AccountId>`\r\n  - if no dest, use treasury address\r\n  - check allow_death from system ref counting\r\n  - if yes\r\n    - iterate all token balances, send remaining fund including reserved ones to dest\r\n    - kill account\r\n\r\n### Spec\r\n\r\n- orml-traits\r\n  - Types\r\n    - trait OnReceived\r\n      - on_received(account: AccountId, currency: CurrencyId, amount: Balance)\r\n- orml-tokens\r\n  - Trait\r\n    - OnReceived: OnReceived\r\n  - Module\r\n    - update deposit & transfer to call OnReceived\r\n- module-accounts\r\n  - Trait\r\n    - OnCreatedAccount: Happened\r\n    - KillAccount: Happened\r\n    - NewAccountDeposit: Get\\<Balance>\r\n    - Treasury: Get\\<ModuleId>\r\n  - Calls\r\n    - close_account(origin, to: Option\\<AccountId>)\r\n      - ensure signed\r\n      - ensure `system::Module::allow_death`\r\n      - iterate all currencies and send all remaining funds to `to`\r\n      - call `KillAccount`\r\n  - Module\r\n    - open_account(who: AccountId, currency: CurrencyId) -> DispatchResult\r\n      - if currency is not ACA, use DEX to buy ACA\r\n        - if failed, send all fund to treasury\r\n      - Reserve `NewAccountDeposit`\r\n        - if failed, send all fund to treasury\r\n      - call `OnCreatedAccount`\r\n    - impl OnReceived\r\n      - on_received\r\n        - if account did not exist\r\n          - `open_account`\r\n    - impl StoredMap\r\n      - Duplicate https://github.com/paritytech/substrate/blob/812d94d42c6d6d7fd28cf18a08d84f14c49d8544/frame/system/src/lib.rs#L1271\r\n      - Still use `system::Account` as storage\r\n      - When account received balances (via mutate / insert)\r\n        - if account did not exist\r\n          - `open_account`\r\n- runtime\r\n  - pallet_balances\r\n    - type ExistentialDeposit = 1\r\n      - https://github.com/paritytech/substrate/issues/6083#issuecomment-631214968\r\n    - AccountStore = Accounts\r\n  - module_accounts\r\n    - OnCreatedAccount = system::CallOnCreatedAccount\r\n    - KillAccount = system::CallKillAccount\r\n    - NewAccountDeposit = 0.01 ACA\r\n      - exact value to be decided later"
    },
    {
        "projcts_name": "AcalaNetwork_Acala",
        "num": 1319,
        "created_user": "xlc",
        "created_at": "2021-08-11T22:41:38Z",
        "closed_at": "2021-09-15T09:56:23Z",
        "merged_at": [],
        "label": [],
        "comments_data": [],
        "title": "Integration test to make sure system account transfer does not have dust requirements",
        "body": "Followup of #1318\r\n\r\nNeed some more integration tests\r\n- honzon surplus is able to correctly transfered and debitExchangeRate is updating\r\n- dust tokens goes to treasury when treasury is empty\r\n- crosschain transfer fee correctly goes to treasury"
    },
    {
        "projcts_name": "AcalaNetwork_Acala",
        "num": 1316,
        "created_user": "xlc",
        "created_at": "2021-08-11T06:51:02Z",
        "closed_at": "2021-09-27T12:22:19Z",
        "merged_at": [],
        "label": [],
        "comments_data": [],
        "title": "sweep dust token",
        "body": "add `fn sweep_dust(origin, currency_id: CurrencyId, accounts: Vec<AccountId>)` that iterate all accounts for given currency id and transfer then to treasury if balance is lower than ED\r\n\r\nonly `SweepOrigin` can call this, which should be configured to be any general council member"
    },
    {
        "projcts_name": "AcalaNetwork_Acala",
        "num": 1047,
        "created_user": "xlc",
        "created_at": "2021-05-25T23:27:14Z",
        "closed_at": "2021-12-13T20:58:34Z",
        "merged_at": [],
        "label": "T2-optimization",
        "comments_data": {
            "created": [
                "2021-05-27T05:39:57Z"
            ],
            "user_login": [
                "xlc"
            ]
        },
        "title": "Handles EVM decimal conversion",
        "body": "Native token in EVM is 18 decimals but ACA / KAR is only 12.\r\nNeed a way to convert it and have dust handled somehow."
    },
    {
        "projcts_name": "AcalaNetwork_Acala",
        "num": 468,
        "created_user": "wangjj9219",
        "created_at": "2020-10-13T13:30:13Z",
        "closed_at": "2020-10-16T01:46:49Z",
        "merged_at": "2020-10-16T01:46:49Z",
        "label": [],
        "comments_data": {
            "created": [
                "2020-10-14T21:08:03Z"
            ],
            "user_login": [
                "xlc"
            ]
        },
        "title": "Refactor dex",
        "body": "BREAKING CHANGES!\r\n\r\n1. Use new swap mechanism refer to Uniswap V2:\r\na. Support trading pairs between any tokens exclude dex share lp\r\nb. Support use exact supply to swap target, and use supply to swap exact target\r\nc. Can specify the swap path, for example: `[BTC, AUSD, ACA]` means swap BTC to AUSD firstly, then swap AUSD to ACA.\r\nd. More efficient and simple calculation\r\n2. refactor the trait `DEXManager`, affect multiple modules: cdp_treasury, cdp_engine, auction_manager, accounts\r\n3. If the account which has not opened account receive non-native token and swap failed, no longer recycle non-native token. For the dust, it will be better to deal with it in currencies modules. \r\n4. remove dex rpc\r\n5. some rename"
    },
    {
        "projcts_name": "connext_nxtp",
        "num": 1617,
        "created_user": "LayneHaber",
        "created_at": "2022-07-26T04:32:17Z",
        "closed_at": "2022-07-26T19:28:53Z",
        "merged_at": "2022-07-26T19:28:53Z",
        "label": [],
        "comments_data": [],
        "title": "Spearbit 34: onReceive dust",
        "body": "## Description\r\n\r\n<!--- Provide a general summary of your changes in the Title above -->\r\n\r\nFixes https://github.com/spearbit-audits/connext/issues/34\r\n\r\n**NOTE:** Depends on #1585 being merged\r\n\r\n## Type of change\r\n\r\n<!--- What types of changes does your code introduce? Put an `x` in all the boxes that apply: -->\r\n\r\n- [ ] Docs change / dependency upgrade\r\n- [ ] Configuration / tooling changes\r\n- [ ] Refactoring\r\n- [x] Bug fix (non-breaking change which fixes an issue)\r\n- [ ] New feature (non-breaking change which adds functionality)\r\n- [ ] Breaking change (fix or feature that would cause existing functionality to change)\r\n- [ ] Requires changes in customer code\r\n\r\n## High-level change(s) description - from the user's perspective\r\n\r\n<!--- Describe your changes in more detail -->\r\n\r\n- Adds dust accounting in `onReceive`\r\n\r\nFixes https://github.com/spearbit-audits/connext/issues/34\r\n\r\n## Related Issue(s)\r\n\r\nFixes https://github.com/spearbit-audits/connext/issues/34\r\n\r\n## Related pull request(s)\r\n\r\n<!--- Please link to the PRs here: -->\r\n\r\n<!--- adapted from https://github.com/inversify/inversify-basic-example/blob/master/PULL_REQUEST_TEMPLATE.md -->\r\n"
    },
    {
        "projcts_name": "UMAprotocol_protocol",
        "num": 3211,
        "created_user": "chrismaree",
        "created_at": "2021-07-09T08:20:35Z",
        "closed_at": "2021-07-09T15:57:50Z",
        "merged_at": "2021-07-09T15:57:50Z",
        "label": [],
        "comments_data": [],
        "title": "feat(LSP): Add rounding protection and additional unit tests",
        "body": "**Motivation**\r\n\r\nAfter some Kovan testing by the UMA team, it became apparent there are some cases where rounding can result in dust minting for free. This PR fixes this case and adds unit tests to validate the solution.\r\n\r\n**Summary**\r\n\r\nUpdate implementation and tests to better deal with rounding errors.\r\n\r\n**Testing**\r\n\r\nCheck a box to describe how you tested these changes and list the steps for reviewers to test.\r\n\r\n- [ ]  Ran end-to-end test, running the code as in production\r\n- [X]  New unit tests created\r\n- [ ]  Existing tests adequate, no new tests required\r\n- [ ]  All existing tests pass\r\n- [ ]  Untested\r\n"
    }
]