[
    {
        "projcts_name": "pendle-finance_pendle-core",
        "num": 258,
        "created_user": "aparcekarl",
        "created_at": "2021-12-04T09:26:38Z",
        "closed_at": "2021-12-04T10:23:28Z",
        "merged_at": [],
        "label": [],
        "comments_data": {
            "created": [
                "2021-12-04T10:23:28Z"
            ],
            "user_login": [
                "ayobuenavista"
            ]
        },
        "title": "Security Report: Subdomain Takeover of https://eth-kovan-staging.pendle.finance/ Pointing to Netlify",
        "body": "Hi Pendle Security Team,\r\n\r\nI just want to reach out to you. I'm trying to submit this report weather your interested on it.\r\n\r\nThanks for taking a look.\r\n\r\nRecently, i just found some of your subdomain (*pendle.finance) pointing to vulnerable Third Party site \"Netlify\"\r\n\r\nThis issue is about your subdomain being misconfigured in Netlify\r\nhttps://eth-kovan-staging.pendle.finance/\r\n\r\n\r\n![POC](https://user-images.githubusercontent.com/18432315/144704538-4ace1bbe-3113-492c-942a-3b5014482622.png)\r\n\r\nI've temporarily taken over the subdomain and added it to my Netlify account and added a simple text for PoC\r\n\r\n![POC1](https://user-images.githubusercontent.com/18432315/144704542-08d439a1-4259-4e40-b39a-992bf2074498.png)\r\n\r\n\r\nEverytime you navigate to the subdomain, you will be pointed to the website that I now already owned.\r\n\r\nThis vulnerability can reflect to an email leak from your company, due to the situation that the attacker can receive email transactions from the company and clients.\r\n\r\nPlease refer to this report for further information;\r\nhttps://hackerone.com/reports/388622\r\nhttps://hackerone.com/reports/325336\r\n\r\nImpact\r\n\r\nI was able to hijack the domain eth-kovan-staging.pendle.finance because an outdated DNS entry pointed to Netlify. I created a resource in that web hosting and was able to host my own content accessible via your domain. HTML files located on this domain are able to use JavaScript to access globally-scoped non-HTTPOnly cookies. For example, a cookie used to authenticate against topsecret.pendle.finance is scoped to *pendle.finance, so a page on my hijacked domain can steal it.\r\n\r\nThis vulnerability is rated as severe due to the increased impact that can be escalated to a high severity threat and boils down to the registration of a domain by somebody else (with bad intentions) in order to gain control over one or more (sub)domains. This presents an interesting attack vector, which can even lead to several high severity risks, like this authentication bypass explained in a bug bounty report https://hackerone.com/reports/172137 by @ArneSwinnen.\r\n\r\nThe attacker can use this method to steal cookies by hosting malicious javascript/spread malware/steal money by setting up the sale/setup fake dapp application to steal private keys/ steal login details of users/spear-phishing/authentication bypass and other bad stuff.\r\n\r\n\r\nRisk Breakdown\r\n\r\nRisk: Severe\r\nDifficulty to Exploit: Easy\r\nComplexity: Easy\r\nWeakness Categories: Deployment Misconfiguration/Stored XSS/Authentication Bypass (CWE: 16)\r\nCVSS2 Score: 9.3 (AV:N/AC:M/Au:S/C:C/I:C/A:N)\r\nReference: https://0xpatrik.com/subdomain-takeover/\r\n\r\nRemediations\r\n\r\n1. Check your DNS-configuration for subdomains pointing to services, not in use\r\n2. Set up your external service so it fully listens to your wildcard DNS.\r\n3. Our advice is to keep your DNS entries constantly vetted and restricted.\r\n4. Preventing subdomain takeovers is a matter of order of operations in lifecycle management for virtual hosts and DNS. Depending on the size of the organization, this may require communication and coordination across multiple departments, which can only increase the likelihood for a vulnerable misconfiguration.\r\n5. Create an inventory of all of your organization\u2019s domains and their hosting providers, and update it as things change, to ensure that nothing is left dangling.\r\n\r\nThank you"
    }
]