[
    {
        "projcts_name": "keep-network_keep-core",
        "num": 1075,
        "created_user": "pdyraga",
        "created_at": "2019-10-15T11:18:24Z",
        "closed_at": "2020-04-01T16:31:48Z",
        "merged_at": [],
        "label": "\ud83d\udd00 relay",
        "comments_data": [],
        "title": "Validation of signature shares",
        "body": "If signature shares aren't verified, broadcasting invalid shares can serve as a DOS attack vector.\r\n\r\nIf signature shares are verified before reconstructing the threshold signature, and invalid signature shares rejected, the major DOS attack vector is closed.\r\n\r\nThis issue aims at implementing signature shares validation. Only valid shares should be used to reconstruct a signature."
    },
    {
        "projcts_name": "liquity_dev",
        "num": 301,
        "created_user": "RickGriff",
        "created_at": "2021-02-18T12:37:37Z",
        "closed_at": "2021-02-23T22:13:35Z",
        "merged_at": [],
        "label": [],
        "comments_data": [],
        "title": "Fix partial redemption bug & include a minimum net debt",
        "body": "In a redemption sequence, when the partial hint is out of date, we return 0 for the trove's `LUSDLot`.\r\n\r\nThe redemption loop breaks when it finds a trove with 0 `LUSDLot`:\r\n\r\n`if (singleRedemption.LUSDLot == 0) break;`\r\n\r\nHowever, there can exist troves with no net debt (only the 50 LUSD liquidation reserve).  These \"0 net debt\" troves cause the redemption loop to break, and could even constitute a DoS attack vector - if there are troves with 0 net debt at close to 110% ICR, they can cause a `redeemCollateral` transaction to break early, redeeming little or even no LUSD.  Such troves could easily be opened and kept at close to 110% ICR.\r\n\r\nMore generally, with small troves at the ICR = 110% boundary, redemptions can be unprofitable.  The smaller the minimum net debt, the lower the gas price & ETH price at which redemptions can be unprofitable:\r\nhttps://docs.google.com/spreadsheets/d/1irHF4nq4avjnBIen2HxHxBdqilt_6gSxS_QcK4Ykk04/edit?usp=sharing\r\n\r\n**Fix:**\r\n- Implement a minimum net debt. Provisionally: 1950 LUSD (to ensure 2000 LUSD total debt)\r\n- Make `redeemCollateral` not perform a partial redemption that would cause the trove's remaining net debt to be less than the minimum net debt.\r\n- Use a bool to signal whether the partial hint got out of date (or not), and break the loop conditionally on that\r\n\r\nFix PR: https://github.com/liquity/dev/pull/311\r\n\r\n"
    },
    {
        "projcts_name": "fei-protocol_fei-protocol-core",
        "num": 571,
        "created_user": "kryptoklob",
        "created_at": "2022-03-04T07:18:20Z",
        "closed_at": "2022-03-04T19:10:20Z",
        "merged_at": [],
        "label": [],
        "comments_data": {
            "created": [
                "2022-03-04T07:35:17Z",
                "2022-03-04T15:57:03Z",
                "2022-03-04T18:48:03Z"
            ],
            "user_login": [
                "Joeysantoro",
                "ElliotFriedman",
                "kryptoklob"
            ]
        },
        "title": "[Non Custodial Rate Limited PSM] Add forced deposit() on mint above specified threshold",
        "body": "See comment here: https://github.com/fei-protocol/fei-protocol-core/pull/570#discussion_r819280152\r\n\r\nWe should add a threshold for a forced deposit() call when someone calls mint, which will prevent the DOS vector where someone cycles the PSM to pull all funds out of a pcv deposit."
    },
    {
        "projcts_name": "keep-network_keep-core",
        "num": 1641,
        "created_user": "pdyraga",
        "created_at": "2020-04-20T14:47:29Z",
        "closed_at": "2020-04-22T09:13:56Z",
        "merged_at": [],
        "label": "\ud83c\udf0d network",
        "comments_data": [],
        "title": "Peers outside of the group participate in dissemination of broadcast channel messages",
        "body": "libp2p pubsub peers do not relay messages to peers not subscribed to a topic. It can be problematic if a peer not subscribed to a topic is the only common point between two peers connected to the topic. We experienced it on testnet during network crash testing when connections did not recover fast enough.\r\n\r\nThe idea is that all peers should participate in the dissemination of broadcast channel messages. We are rate-limited by blockchain so there should be no risk of DoS-ing."
    },
    {
        "projcts_name": "OriginProtocol_origin-dollar",
        "num": 240,
        "created_user": "mikeshultz",
        "created_at": "2020-09-22T21:51:19Z",
        "closed_at": "2020-09-24T22:01:31Z",
        "merged_at": [],
        "label": "bug",
        "comments_data": {
            "created": [
                "2020-09-23T17:38:13Z",
                "2020-09-23T18:15:26Z",
                "2020-09-23T19:16:04Z",
                "2020-09-23T19:46:28Z",
                "2020-09-23T19:59:06Z",
                "2020-09-24T05:54:01Z",
                "2020-09-24T06:13:11Z",
                "2020-09-24T16:48:27Z"
            ],
            "user_login": [
                "mikeshultz",
                "mikeshultz",
                "mikeshultz",
                "mikeshultz",
                "joshfraser",
                "micahalcorn",
                "sparrowDom",
                "sparrowDom"
            ]
        },
        "title": "JSON-RPC requests",
        "body": "The amount JSON-RPC requests are.. intense.  Not sure where they're coming from, but requests for network ID and other trivial things are sent very often that it could actually DoS the client.  Should probably dial that back a bit.\r\n\r\nWill fill out more detail when I have it."
    },
    {
        "projcts_name": "UMAprotocol_protocol",
        "num": 1066,
        "created_user": "nicholaspai",
        "created_at": "2020-03-14T03:48:28Z",
        "closed_at": "2020-04-04T00:43:52Z",
        "merged_at": [],
        "label": [],
        "comments_data": {
            "created": [
                "2020-03-16T19:47:52Z",
                "2020-03-17T12:23:20Z",
                "2020-03-17T14:48:44Z",
                "2020-03-23T17:27:12Z",
                "2020-04-04T00:43:52Z"
            ],
            "user_login": [
                "nicholaspai",
                "chrismaree",
                "nicholaspai",
                "nicholaspai",
                "nicholaspai"
            ]
        },
        "title": "Constrain or discretize range of partial liquidation amounts",
        "body": "We don't want liquidators liquidating close to (but not equal to) 0% or 100% of the collateral amount for various reasons\r\n- denial of service attacks\r\n- precision errors\r\n\r\nPossible solutions\r\n- Set minimum partial liquidation size to either % of collateral (i.e. must be >= 10%)\r\n- Set a maximum size \r\n\r\nSee discussion on \"Auction Lot Sizes\"  for a similar discussion: https://forum.makerdao.com/t/auction-parameter-derivations/781"
    },
    {
        "projcts_name": "keep-network_keep-core",
        "num": 68,
        "created_user": "rargulati",
        "created_at": "2018-04-10T01:38:09Z",
        "closed_at": "2018-04-13T19:07:02Z",
        "merged_at": "2018-04-13T19:07:02Z",
        "label": [],
        "comments_data": {
            "created": [
                "2018-04-10T01:39:08Z",
                "2018-04-10T14:05:52Z",
                "2018-04-12T13:25:59Z",
                "2018-04-12T22:25:35Z",
                "2018-04-13T19:05:52Z"
            ],
            "user_login": [
                "rargulati",
                "Shadowfiend",
                "rargulati",
                "Shadowfiend",
                "Shadowfiend"
            ]
        },
        "title": "Begin fleshing out Denial of Service Section.",
        "body": "This commit introduces a VERY ROUGH DRAFT of ideas that constitute the\r\ndenial of service section. There is much work to be done here."
    },
    {
        "projcts_name": "Loopring_protocols",
        "num": 2393,
        "created_user": "dependabot-preview[bot]",
        "created_at": "2021-05-07T18:16:40Z",
        "closed_at": "2021-05-13T06:48:07Z",
        "merged_at": null,
        "label": "dependencies",
        "comments_data": {
            "created": [
                "2021-05-13T06:48:08Z"
            ],
            "user_login": [
                "dependabot-preview[bot]"
            ]
        },
        "title": "[Security] Bump hosted-git-info from 2.8.8 to 2.8.9",
        "body": "Bumps [hosted-git-info](https://github.com/npm/hosted-git-info) from 2.8.8 to 2.8.9. **This update includes a security fix.**\n<details>\n<summary>Vulnerabilities fixed</summary>\n<p><em>Sourced from <a href=\"https://github.com/advisories/GHSA-43f8-2h32-f4cj\">The GitHub Security Advisory Database</a>.</em></p>\n<blockquote>\n<p><strong>Regular Expression Denial of Service in hosted-git-info</strong>\nThe npm package <code>hosted-git-info</code> before 3.0.8 are vulnerable to Regular Expression Denial of Service (ReDoS) via regular expression shortcutMatch in the fromUrl function in index.js. The affected regular expression exhibits polynomial worst-case time complexity</p>\n<p>Affected versions: &lt; 2.8.9</p>\n</blockquote>\n</details>\n<details>\n<summary>Changelog</summary>\n<p><em>Sourced from <a href=\"https://github.com/npm/hosted-git-info/blob/v2.8.9/CHANGELOG.md\">hosted-git-info's changelog</a>.</em></p>\n<blockquote>\n<h2><a href=\"https://github.com/npm/hosted-git-info/compare/v2.8.8...v2.8.9\">2.8.9</a> (2021-04-07)</h2>\n<h3>Bug Fixes</h3>\n<ul>\n<li>backport regex fix from <a href=\"https://github-redirect.dependabot.com/npm/hosted-git-info/issues/76\">#76</a> (<a href=\"https://github.com/npm/hosted-git-info/commit/29adfe5\">29adfe5</a>), closes <a href=\"https://github-redirect.dependabot.com/npm/hosted-git-info/issues/84\">#84</a></li>\n</ul>\n<p><!-- raw HTML omitted --><!-- raw HTML omitted --></p>\n</blockquote>\n</details>\n<details>\n<summary>Commits</summary>\n<ul>\n<li><a href=\"https://github.com/npm/hosted-git-info/commit/8d4b3697d79bcd89cdb36d1db165e3696c783a01\"><code>8d4b369</code></a> chore(release): 2.8.9</li>\n<li><a href=\"https://github.com/npm/hosted-git-info/commit/29adfe5ef789784c861b2cdeb15051ec2ba651a7\"><code>29adfe5</code></a> fix: backport regex fix from <a href=\"https://github-redirect.dependabot.com/npm/hosted-git-info/issues/76\">#76</a></li>\n<li>See full diff in <a href=\"https://github.com/npm/hosted-git-info/compare/v2.8.8...v2.8.9\">compare view</a></li>\n</ul>\n</details>\n<details>\n<summary>Maintainer changes</summary>\n<p>This version was pushed to npm by <a href=\"https://www.npmjs.com/~nlf\">nlf</a>, a new releaser for hosted-git-info since your current version.</p>\n</details>\n<br />\n\n\n[![Dependabot compatibility score](https://api.dependabot.com/badges/compatibility_score?dependency-name=hosted-git-info&package-manager=npm_and_yarn&previous-version=2.8.8&new-version=2.8.9)](https://dependabot.com/compatibility-score/?dependency-name=hosted-git-info&package-manager=npm_and_yarn&previous-version=2.8.8&new-version=2.8.9)\n\nDependabot will resolve any conflicts with this PR as long as you don't alter it yourself. You can also trigger a rebase manually by commenting `@dependabot rebase`.\n\n[//]: # (dependabot-automerge-start)\n[//]: # (dependabot-automerge-end)\n\n---\n\n<details>\n<summary>Dependabot commands and options</summary>\n<br />\n\nYou can trigger Dependabot actions by commenting on this PR:\n- `@dependabot rebase` will rebase this PR\n- `@dependabot recreate` will recreate this PR, overwriting any edits that have been made to it\n- `@dependabot merge` will merge this PR after your CI passes on it\n- `@dependabot squash and merge` will squash and merge this PR after your CI passes on it\n- `@dependabot cancel merge` will cancel a previously requested merge and block automerging\n- `@dependabot reopen` will reopen this PR if it is closed\n- `@dependabot close` will close this PR and stop Dependabot recreating it. You can achieve the same result by closing it manually\n- `@dependabot ignore this major version` will close this PR and stop Dependabot creating any more for this major version (unless you reopen the PR or upgrade to it yourself)\n- `@dependabot ignore this minor version` will close this PR and stop Dependabot creating any more for this minor version (unless you reopen the PR or upgrade to it yourself)\n- `@dependabot ignore this dependency` will close this PR and stop Dependabot creating any more for this dependency (unless you reopen the PR or upgrade to it yourself)\n- `@dependabot use these labels` will set the current labels as the default for future PRs for this repo and language\n- `@dependabot use these reviewers` will set the current reviewers as the default for future PRs for this repo and language\n- `@dependabot use these assignees` will set the current assignees as the default for future PRs for this repo and language\n- `@dependabot use this milestone` will set the current milestone as the default for future PRs for this repo and language\n- `@dependabot badge me` will comment on this PR with code to add a \"Dependabot enabled\" badge to your readme\n\nAdditionally, you can set the following in your Dependabot [dashboard](https://app.dependabot.com):\n- Update frequency (including time of day and day of week)\n- Pull request limits (per update run and/or open at any time)\n- Out-of-range updates (receive only lockfile updates, if desired)\n- Security updates (receive only security updates, if desired)\n\n\n\n</details>"
    },
    {
        "projcts_name": "Loopring_protocols",
        "num": 2346,
        "created_user": "dependabot-preview[bot]",
        "created_at": "2021-04-16T23:09:40Z",
        "closed_at": "2021-04-17T03:57:45Z",
        "merged_at": "2021-04-17T03:57:45Z",
        "label": "dependencies",
        "comments_data": [],
        "title": "[Security] Bump ssri from 6.0.1 to 6.0.2",
        "body": "Bumps [ssri](https://github.com/npm/ssri) from 6.0.1 to 6.0.2. **This update includes a security fix.**\n<details>\n<summary>Vulnerabilities fixed</summary>\n<p><em>Sourced from <a href=\"https://github.com/advisories/GHSA-vx3p-948g-6vhq\">The GitHub Security Advisory Database</a>.</em></p>\n<blockquote>\n<p><strong>Regular Expression Denial of Service (ReDoS)</strong>\nnpm <code>ssri</code> 5.2.2-6.0.1 and 7.0.0-8.0.0, processes SRIs using a regular expression which is vulnerable to a denial of service. Malicious SRIs could take an extremely long time to process, leading to denial of service. This issue only affects consumers using the strict option.</p>\n<p>Affected versions: &gt;= 5.2.2 &lt; 6.0.2</p>\n</blockquote>\n</details>\n<details>\n<summary>Changelog</summary>\n<p><em>Sourced from <a href=\"https://github.com/npm/ssri/blob/v6.0.2/CHANGELOG.md\">ssri's changelog</a>.</em></p>\n<blockquote>\n<h2><a href=\"https://github.com/zkat/ssri/compare/v6.0.1...v6.0.2\">6.0.2</a> (2021-04-07)</h2>\n<h3>Bug Fixes</h3>\n<ul>\n<li>backport regex change from 8.0.1 (<a href=\"https://github.com/zkat/ssri/commit/b30dfdb\">b30dfdb</a>), closes <a href=\"https://github-redirect.dependabot.com/zkat/ssri/issues/19\">#19</a></li>\n</ul>\n<p><!-- raw HTML omitted --><!-- raw HTML omitted --></p>\n</blockquote>\n</details>\n<details>\n<summary>Commits</summary>\n<ul>\n<li><a href=\"https://github.com/npm/ssri/commit/b7c8c7c61db89aeb9fbf7596c0ef17071bc216ef\"><code>b7c8c7c</code></a> chore(release): 6.0.2</li>\n<li><a href=\"https://github.com/npm/ssri/commit/b30dfdb00bb94ddc49a25a85a18fb27afafdfbb1\"><code>b30dfdb</code></a> fix: backport regex change from 8.0.1</li>\n<li>See full diff in <a href=\"https://github.com/npm/ssri/compare/v6.0.1...v6.0.2\">compare view</a></li>\n</ul>\n</details>\n<details>\n<summary>Maintainer changes</summary>\n<p>This version was pushed to npm by <a href=\"https://www.npmjs.com/~nlf\">nlf</a>, a new releaser for ssri since your current version.</p>\n</details>\n<br />\n\n\n[![Dependabot compatibility score](https://api.dependabot.com/badges/compatibility_score?dependency-name=ssri&package-manager=npm_and_yarn&previous-version=6.0.1&new-version=6.0.2)](https://dependabot.com/compatibility-score/?dependency-name=ssri&package-manager=npm_and_yarn&previous-version=6.0.1&new-version=6.0.2)\n\nDependabot will resolve any conflicts with this PR as long as you don't alter it yourself. You can also trigger a rebase manually by commenting `@dependabot rebase`.\n\n[//]: # (dependabot-automerge-start)\n[//]: # (dependabot-automerge-end)\n\n---\n\n<details>\n<summary>Dependabot commands and options</summary>\n<br />\n\nYou can trigger Dependabot actions by commenting on this PR:\n- `@dependabot rebase` will rebase this PR\n- `@dependabot recreate` will recreate this PR, overwriting any edits that have been made to it\n- `@dependabot merge` will merge this PR after your CI passes on it\n- `@dependabot squash and merge` will squash and merge this PR after your CI passes on it\n- `@dependabot cancel merge` will cancel a previously requested merge and block automerging\n- `@dependabot reopen` will reopen this PR if it is closed\n- `@dependabot close` will close this PR and stop Dependabot recreating it. You can achieve the same result by closing it manually\n- `@dependabot ignore this major version` will close this PR and stop Dependabot creating any more for this major version (unless you reopen the PR or upgrade to it yourself)\n- `@dependabot ignore this minor version` will close this PR and stop Dependabot creating any more for this minor version (unless you reopen the PR or upgrade to it yourself)\n- `@dependabot ignore this dependency` will close this PR and stop Dependabot creating any more for this dependency (unless you reopen the PR or upgrade to it yourself)\n- `@dependabot use these labels` will set the current labels as the default for future PRs for this repo and language\n- `@dependabot use these reviewers` will set the current reviewers as the default for future PRs for this repo and language\n- `@dependabot use these assignees` will set the current assignees as the default for future PRs for this repo and language\n- `@dependabot use this milestone` will set the current milestone as the default for future PRs for this repo and language\n- `@dependabot badge me` will comment on this PR with code to add a \"Dependabot enabled\" badge to your readme\n\nAdditionally, you can set the following in your Dependabot [dashboard](https://app.dependabot.com):\n- Update frequency (including time of day and day of week)\n- Pull request limits (per update run and/or open at any time)\n- Out-of-range updates (receive only lockfile updates, if desired)\n- Security updates (receive only security updates, if desired)\n\n\n\n</details>"
    },
    {
        "projcts_name": "Loopring_protocols",
        "num": 2223,
        "created_user": "dependabot-preview[bot]",
        "created_at": "2021-02-22T21:18:01Z",
        "closed_at": "2021-02-23T02:38:14Z",
        "merged_at": null,
        "label": "dependencies",
        "comments_data": {
            "created": [
                "2021-02-23T02:38:16Z"
            ],
            "user_login": [
                "dependabot-preview[bot]"
            ]
        },
        "title": "[Security] Bump lodash from 4.17.15 to 4.17.21",
        "body": "Bumps [lodash](https://github.com/lodash/lodash) from 4.17.15 to 4.17.21. **This update includes security fixes.**\n<details>\n<summary>Vulnerabilities fixed</summary>\n<p><em>Sourced from <a href=\"https://github.com/advisories/GHSA-p6mc-m468-83gw\">The GitHub Security Advisory Database</a>.</em></p>\n<blockquote>\n<p><strong>Prototype Pollution in lodash</strong>\nVersions of lodash prior to 4.17.19 are vulnerable to Prototype Pollution. The function zipObjectDeep allows a malicious user to modify the prototype of Object if the property identifiers are user-supplied. Being affected by this issue requires zipping objects based on user-provided property arrays.</p>\n<p>This vulnerability causes the addition or modification of an existing property that will exist on all objects and may lead to Denial of Service or Code Execution under specific circumstances.</p>\n<p>Affected versions: &lt; 4.17.19</p>\n</blockquote>\n<p><em>Sourced from <a href=\"https://github.com/advisories/GHSA-p6mc-m468-83gw\">The GitHub Security Advisory Database</a>.</em></p>\n<blockquote>\n<p><strong>Prototype Pollution in lodash</strong>\nVersions of lodash prior to 4.17.19 are vulnerable to Prototype Pollution. The function zipObjectDeep allows a malicious user to modify the prototype of Object if the property identifiers are user-supplied. Being affected by this issue requires zipping objects based on user-provided property arrays.</p>\n<p>This vulnerability causes the addition or modification of an existing property that will exist on all objects and may lead to Denial of Service or Code Execution under specific circumstances.</p>\n<p>Affected versions: &lt; 4.17.19</p>\n</blockquote>\n<p><em>Sourced from <a href=\"https://github.com/nodejs/security-wg/blob/master/vuln/npm/516.json\">The Node Security Working Group</a>.</em></p>\n<blockquote>\n<p><strong>Allocation of Resources Without Limits or Throttling</strong>\nPrototype pollution attack (lodash)</p>\n<p>Affected versions: &gt;=4.17.15 &lt;4.17.19</p>\n</blockquote>\n</details>\n<details>\n<summary>Commits</summary>\n<ul>\n<li><a href=\"https://github.com/lodash/lodash/commit/f299b52f39486275a9e6483b60a410e06520c538\"><code>f299b52</code></a> Bump to v4.17.21</li>\n<li><a href=\"https://github.com/lodash/lodash/commit/c4847ebe7d14540bb28a8b932a9ce1b9ecbfee1a\"><code>c4847eb</code></a> Improve performance of <code>toNumber</code>, <code>trim</code> and <code>trimEnd</code> on large input strings</li>\n<li><a href=\"https://github.com/lodash/lodash/commit/3469357cff396a26c363f8c1b5a91dde28ba4b1c\"><code>3469357</code></a> Prevent command injection through <code>_.template</code>'s <code>variable</code> option</li>\n<li><a href=\"https://github.com/lodash/lodash/commit/ded9bc66583ed0b4e3b7dc906206d40757b4a90a\"><code>ded9bc6</code></a> Bump to v4.17.20.</li>\n<li><a href=\"https://github.com/lodash/lodash/commit/63150ef7645ac07961b63a86490f419f356429aa\"><code>63150ef</code></a> Documentation fixes.</li>\n<li><a href=\"https://github.com/lodash/lodash/commit/00f0f62a979d2f5fa0287c06eae70cf9a62d8794\"><code>00f0f62</code></a> test.js: Remove trailing comma.</li>\n<li><a href=\"https://github.com/lodash/lodash/commit/846e434c7a5b5692c55ebf5715ed677b70a32389\"><code>846e434</code></a> Temporarily use a custom fork of <code>lodash-cli</code>.</li>\n<li><a href=\"https://github.com/lodash/lodash/commit/5d046f39cbd27f573914768e3b36eeefcc4f1229\"><code>5d046f3</code></a> Re-enable Travis tests on <code>4.17</code> branch.</li>\n<li><a href=\"https://github.com/lodash/lodash/commit/aa816b36d402a1ad9385142ce7188f17dae514fd\"><code>aa816b3</code></a> Remove <code>/npm-package</code>.</li>\n<li><a href=\"https://github.com/lodash/lodash/commit/d7fbc52ee0466a6d248f047b5d5c3e6d1e099056\"><code>d7fbc52</code></a> Bump to v4.17.19</li>\n<li>Additional commits viewable in <a href=\"https://github.com/lodash/lodash/compare/4.17.15...4.17.21\">compare view</a></li>\n</ul>\n</details>\n<details>\n<summary>Maintainer changes</summary>\n<p>This version was pushed to npm by <a href=\"https://www.npmjs.com/~bnjmnt4n\">bnjmnt4n</a>, a new releaser for lodash since your current version.</p>\n</details>\n<br />\n\n\n[![Dependabot compatibility score](https://api.dependabot.com/badges/compatibility_score?dependency-name=lodash&package-manager=npm_and_yarn&previous-version=4.17.15&new-version=4.17.21)](https://dependabot.com/compatibility-score/?dependency-name=lodash&package-manager=npm_and_yarn&previous-version=4.17.15&new-version=4.17.21)\n\nDependabot will resolve any conflicts with this PR as long as you don't alter it yourself. You can also trigger a rebase manually by commenting `@dependabot rebase`.\n\n[//]: # (dependabot-automerge-start)\n[//]: # (dependabot-automerge-end)\n\n---\n\n**Note:** This repo was added to Dependabot recently, so you'll receive a maximum of 5 PRs for your first few update runs. Once an update run creates fewer than 5 PRs we'll remove that limit.\n\nYou can always request more updates by clicking `Bump now` in your [Dependabot dashboard](https://app.dependabot.com).\n\n<details>\n<summary>Dependabot commands and options</summary>\n<br />\n\nYou can trigger Dependabot actions by commenting on this PR:\n- `@dependabot rebase` will rebase this PR\n- `@dependabot recreate` will recreate this PR, overwriting any edits that have been made to it\n- `@dependabot merge` will merge this PR after your CI passes on it\n- `@dependabot squash and merge` will squash and merge this PR after your CI passes on it\n- `@dependabot cancel merge` will cancel a previously requested merge and block automerging\n- `@dependabot reopen` will reopen this PR if it is closed\n- `@dependabot close` will close this PR and stop Dependabot recreating it. You can achieve the same result by closing it manually\n- `@dependabot ignore this major version` will close this PR and stop Dependabot creating any more for this major version (unless you reopen the PR or upgrade to it yourself)\n- `@dependabot ignore this minor version` will close this PR and stop Dependabot creating any more for this minor version (unless you reopen the PR or upgrade to it yourself)\n- `@dependabot ignore this dependency` will close this PR and stop Dependabot creating any more for this dependency (unless you reopen the PR or upgrade to it yourself)\n- `@dependabot use these labels` will set the current labels as the default for future PRs for this repo and language\n- `@dependabot use these reviewers` will set the current reviewers as the default for future PRs for this repo and language\n- `@dependabot use these assignees` will set the current assignees as the default for future PRs for this repo and language\n- `@dependabot use this milestone` will set the current milestone as the default for future PRs for this repo and language\n- `@dependabot badge me` will comment on this PR with code to add a \"Dependabot enabled\" badge to your readme\n\nAdditionally, you can set the following in your Dependabot [dashboard](https://app.dependabot.com):\n- Update frequency (including time of day and day of week)\n- Pull request limits (per update run and/or open at any time)\n- Out-of-range updates (receive only lockfile updates, if desired)\n- Security updates (receive only security updates, if desired)\n\n\n\n</details>"
    },
    {
        "projcts_name": "Loopring_protocols",
        "num": 2188,
        "created_user": "dependabot-preview[bot]",
        "created_at": "2021-02-08T21:12:42Z",
        "closed_at": "2021-02-10T03:24:44Z",
        "merged_at": null,
        "label": "dependencies",
        "comments_data": {
            "created": [
                "2021-02-10T03:24:46Z"
            ],
            "user_login": [
                "dependabot-preview[bot]"
            ]
        },
        "title": "[Security] Bump lodash from 4.17.15 to 4.17.20",
        "body": "Bumps [lodash](https://github.com/lodash/lodash) from 4.17.15 to 4.17.20. **This update includes security fixes.**\n<details>\n<summary>Vulnerabilities fixed</summary>\n<p><em>Sourced from <a href=\"https://github.com/advisories/GHSA-p6mc-m468-83gw\">The GitHub Security Advisory Database</a>.</em></p>\n<blockquote>\n<p><strong>Prototype Pollution in lodash</strong>\nVersions of lodash prior to 4.17.19 are vulnerable to Prototype Pollution. The function zipObjectDeep allows a malicious user to modify the prototype of Object if the property identifiers are user-supplied. Being affected by this issue requires zipping objects based on user-provided property arrays.</p>\n<p>This vulnerability causes the addition or modification of an existing property that will exist on all objects and may lead to Denial of Service or Code Execution under specific circumstances.</p>\n<p>Affected versions: &lt; 4.17.19</p>\n</blockquote>\n<p><em>Sourced from <a href=\"https://github.com/advisories/GHSA-p6mc-m468-83gw\">The GitHub Security Advisory Database</a>.</em></p>\n<blockquote>\n<p><strong>Prototype Pollution in lodash</strong>\nVersions of lodash prior to 4.17.19 are vulnerable to Prototype Pollution. The function zipObjectDeep allows a malicious user to modify the prototype of Object if the property identifiers are user-supplied. Being affected by this issue requires zipping objects based on user-provided property arrays.</p>\n<p>This vulnerability causes the addition or modification of an existing property that will exist on all objects and may lead to Denial of Service or Code Execution under specific circumstances.</p>\n<p>Affected versions: &lt; 4.17.19</p>\n</blockquote>\n<p><em>Sourced from <a href=\"https://github.com/nodejs/security-wg/blob/master/vuln/npm/516.json\">The Node Security Working Group</a>.</em></p>\n<blockquote>\n<p><strong>Allocation of Resources Without Limits or Throttling</strong>\nPrototype pollution attack (lodash)</p>\n<p>Affected versions: &gt;=4.17.15 &lt;4.17.19</p>\n</blockquote>\n</details>\n<details>\n<summary>Commits</summary>\n<ul>\n<li><a href=\"https://github.com/lodash/lodash/commit/ded9bc66583ed0b4e3b7dc906206d40757b4a90a\"><code>ded9bc6</code></a> Bump to v4.17.20.</li>\n<li><a href=\"https://github.com/lodash/lodash/commit/63150ef7645ac07961b63a86490f419f356429aa\"><code>63150ef</code></a> Documentation fixes.</li>\n<li><a href=\"https://github.com/lodash/lodash/commit/00f0f62a979d2f5fa0287c06eae70cf9a62d8794\"><code>00f0f62</code></a> test.js: Remove trailing comma.</li>\n<li><a href=\"https://github.com/lodash/lodash/commit/846e434c7a5b5692c55ebf5715ed677b70a32389\"><code>846e434</code></a> Temporarily use a custom fork of <code>lodash-cli</code>.</li>\n<li><a href=\"https://github.com/lodash/lodash/commit/5d046f39cbd27f573914768e3b36eeefcc4f1229\"><code>5d046f3</code></a> Re-enable Travis tests on <code>4.17</code> branch.</li>\n<li><a href=\"https://github.com/lodash/lodash/commit/aa816b36d402a1ad9385142ce7188f17dae514fd\"><code>aa816b3</code></a> Remove <code>/npm-package</code>.</li>\n<li><a href=\"https://github.com/lodash/lodash/commit/d7fbc52ee0466a6d248f047b5d5c3e6d1e099056\"><code>d7fbc52</code></a> Bump to v4.17.19</li>\n<li><a href=\"https://github.com/lodash/lodash/commit/2e1c0f22f425e9c013815b2cd7c2ebd51f49a8d6\"><code>2e1c0f2</code></a> Add npm-package</li>\n<li><a href=\"https://github.com/lodash/lodash/commit/1b6c282299f4e0271f932b466c67f0f822aa308e\"><code>1b6c282</code></a> Bump to v4.17.18</li>\n<li><a href=\"https://github.com/lodash/lodash/commit/a370ac81408de2da77a82b3c4b61a01a3b9c2fac\"><code>a370ac8</code></a> Bump to v4.17.17</li>\n<li>Additional commits viewable in <a href=\"https://github.com/lodash/lodash/compare/4.17.15...4.17.20\">compare view</a></li>\n</ul>\n</details>\n<details>\n<summary>Maintainer changes</summary>\n<p>This version was pushed to npm by <a href=\"https://www.npmjs.com/~bnjmnt4n\">bnjmnt4n</a>, a new releaser for lodash since your current version.</p>\n</details>\n<br />\n\n\n[![Dependabot compatibility score](https://api.dependabot.com/badges/compatibility_score?dependency-name=lodash&package-manager=npm_and_yarn&previous-version=4.17.15&new-version=4.17.20)](https://dependabot.com/compatibility-score/?dependency-name=lodash&package-manager=npm_and_yarn&previous-version=4.17.15&new-version=4.17.20)\n\nDependabot will resolve any conflicts with this PR as long as you don't alter it yourself. You can also trigger a rebase manually by commenting `@dependabot rebase`.\n\n[//]: # (dependabot-automerge-start)\n[//]: # (dependabot-automerge-end)\n\n---\n\n**Note:** This repo was added to Dependabot recently, so you'll receive a maximum of 5 PRs for your first few update runs. Once an update run creates fewer than 5 PRs we'll remove that limit.\n\nYou can always request more updates by clicking `Bump now` in your [Dependabot dashboard](https://app.dependabot.com).\n\n<details>\n<summary>Dependabot commands and options</summary>\n<br />\n\nYou can trigger Dependabot actions by commenting on this PR:\n- `@dependabot rebase` will rebase this PR\n- `@dependabot recreate` will recreate this PR, overwriting any edits that have been made to it\n- `@dependabot merge` will merge this PR after your CI passes on it\n- `@dependabot squash and merge` will squash and merge this PR after your CI passes on it\n- `@dependabot cancel merge` will cancel a previously requested merge and block automerging\n- `@dependabot reopen` will reopen this PR if it is closed\n- `@dependabot close` will close this PR and stop Dependabot recreating it. You can achieve the same result by closing it manually\n- `@dependabot ignore this major version` will close this PR and stop Dependabot creating any more for this major version (unless you reopen the PR or upgrade to it yourself)\n- `@dependabot ignore this minor version` will close this PR and stop Dependabot creating any more for this minor version (unless you reopen the PR or upgrade to it yourself)\n- `@dependabot ignore this dependency` will close this PR and stop Dependabot creating any more for this dependency (unless you reopen the PR or upgrade to it yourself)\n- `@dependabot use these labels` will set the current labels as the default for future PRs for this repo and language\n- `@dependabot use these reviewers` will set the current reviewers as the default for future PRs for this repo and language\n- `@dependabot use these assignees` will set the current assignees as the default for future PRs for this repo and language\n- `@dependabot use this milestone` will set the current milestone as the default for future PRs for this repo and language\n- `@dependabot badge me` will comment on this PR with code to add a \"Dependabot enabled\" badge to your readme\n\nAdditionally, you can set the following in your Dependabot [dashboard](https://app.dependabot.com):\n- Update frequency (including time of day and day of week)\n- Pull request limits (per update run and/or open at any time)\n- Out-of-range updates (receive only lockfile updates, if desired)\n- Security updates (receive only security updates, if desired)\n\n\n\n</details>"
    },
    {
        "projcts_name": "celo-tools_mento-fi",
        "num": 13,
        "created_user": "dependabot[bot]",
        "created_at": "2022-01-28T23:44:44Z",
        "closed_at": "2022-02-17T22:39:54Z",
        "merged_at": null,
        "label": "dependencies",
        "comments_data": {
            "created": [
                "2022-01-28T23:44:48Z",
                "2022-02-17T22:39:54Z"
            ],
            "user_login": [
                "vercel[bot]",
                "dependabot[bot]"
            ]
        },
        "title": "Bump next from 12.0.7 to 12.0.9",
        "body": "Bumps [next](https://github.com/vercel/next.js) from 12.0.7 to 12.0.9.\n<details>\n<summary>Release notes</summary>\n<p><em>Sourced from <a href=\"https://github.com/vercel/next.js/releases\">next's releases</a>.</em></p>\n<blockquote>\n<h2>v12.0.9</h2>\n<p><strong>This upgrade is completely backward-compatible and recommended for all users on versions below 12.0.9</strong></p>\n<p>Vulnerable code could allow a bad actor to trigger a denial of service attack via the <code>/${locale}/_next/</code> route for anyone running a Next.js app at version &gt;= 12.0.0, and using built-in <a href=\"https://nextjs.org/docs/advanced-features/i18n-routing\">i18n routing</a> functionality.</p>\n<h2>How to Upgrade</h2>\n<ul>\n<li>We have released patch versions for both the stable and canary channels of Next.js.</li>\n<li>To upgrade run <code>npm install next@latest --save</code></li>\n</ul>\n<h2>Impact</h2>\n<ul>\n<li><strong>Affected:</strong>\u00a0All of the following must be true to be affected by this CVE\n<ul>\n<li>Next.js versions between <code>v12.0.0</code> and <code>v12.0.9</code></li>\n<li>Using next start or a custom server</li>\n<li>Using the built-in i18n support</li>\n</ul>\n</li>\n<li><strong>Not affected:</strong>\n<ul>\n<li>Deployments on Vercel (vercel.com) are not affected along with similar environments where invalid requests are filtered before reaching Next.js.</li>\n</ul>\n</li>\n</ul>\n<p>We recommend everyone to upgrade regardless of whether you can reproduce the issue or not.</p>\n<h3>How to Assess Impact</h3>\n<p>If your server has seen requests to any route under the prefix <code>/${locale}/_next/</code> that have triggered a heap overflow error, this was caused by the patched issue.</p>\n<h2>What is Being Done</h2>\n<p>As Next.js has grown in popularity and usage by enterprises, it has received the attention of security researchers and auditors. We are thankful to our users for their investigation and responsible disclosure of the original bug.</p>\n<p>We've landed a patch that ensures this is handled properly so the requested route no longer crashes and triggers a heap overflow.</p>\n<p>Regression tests for this attack were added to the <a href=\"https://github-redirect.dependabot.com/vercel/next.js/pull/33503/files#diff-ed73e662e3c049828f92017b8104734e08b868acf10d4d621c44266a72825df6\">i18n integration test suite</a></p>\n<ul>\n<li>A public CVE was released.</li>\n<li>We encourage responsible disclosure of future reports. Please email us at <code>security@vercel.com</code>. We are actively monitoring this mailbox.</li>\n</ul>\n<h3>Core Changes</h3>\n<ul>\n<li>middlewares: limit <code>process.env</code> to inferred usage: <a href=\"https://github-redirect.dependabot.com/vercel/next.js/issues/33186\">#33186</a></li>\n<li>update webpack: <a href=\"https://github-redirect.dependabot.com/vercel/next.js/issues/33207\">#33207</a></li>\n<li>Abstract out native filesystem usage from the base server: <a href=\"https://github-redirect.dependabot.com/vercel/next.js/issues/33226\">#33226</a></li>\n<li>use text data url instead of base64 for shorter encoding: <a href=\"https://github-redirect.dependabot.com/vercel/next.js/issues/33218\">#33218</a></li>\n<li>chore(deps): upgrade <code>postcss</code>: <a href=\"https://github-redirect.dependabot.com/vercel/next.js/issues/33142\">#33142</a></li>\n<li>Fix global process testing for the process polyfill: <a href=\"https://github-redirect.dependabot.com/vercel/next.js/issues/33220\">#33220</a></li>\n<li>Update swc: <a href=\"https://github-redirect.dependabot.com/vercel/next.js/issues/33201\">#33201</a></li>\n<li>improve full refresh overlay: <a href=\"https://github-redirect.dependabot.com/vercel/next.js/issues/33301\">#33301</a></li>\n<li>Custom app for server components: <a href=\"https://github-redirect.dependabot.com/vercel/next.js/issues/33149\">#33149</a></li>\n<li>Update yarn PnP tests and disable swc file reading for PnP: <a href=\"https://github-redirect.dependabot.com/vercel/next.js/issues/33236\">#33236</a></li>\n<li>Base Http for BaseServer: <a href=\"https://github-redirect.dependabot.com/vercel/next.js/issues/32999\">#32999</a></li>\n<li>Update swc: <a href=\"https://github-redirect.dependabot.com/vercel/next.js/issues/33342\">#33342</a></li>\n</ul>\n<!-- raw HTML omitted -->\n</blockquote>\n<p>... (truncated)</p>\n</details>\n<details>\n<summary>Commits</summary>\n<ul>\n<li><a href=\"https://github.com/vercel/next.js/commit/07431d3e0f057a0bd58af6d456e4bee646fd8b42\"><code>07431d3</code></a> v12.0.9</li>\n<li><a href=\"https://github.com/vercel/next.js/commit/c938e20077e40ec5ea63ad24cde4cb3c5e17ad21\"><code>c938e20</code></a> v12.0.9-canary.12</li>\n<li><a href=\"https://github.com/vercel/next.js/commit/c385d1b8c446b60c60ffe3fbdf4818b3e760e1c0\"><code>c385d1b</code></a> REMOVE: duplicate key in docs/testing.md (<a href=\"https://github-redirect.dependabot.com/vercel/next.js/issues/33681\">#33681</a>)</li>\n<li><a href=\"https://github.com/vercel/next.js/commit/9b98c5a0e0004663f5ccd993b10807fc1646cb09\"><code>9b98c5a</code></a> chore(docs): update security headers specification (<a href=\"https://github-redirect.dependabot.com/vercel/next.js/issues/33673\">#33673</a>)</li>\n<li><a href=\"https://github.com/vercel/next.js/commit/865a079923d179a9a71bb5f30313f3327d3a59cf\"><code>865a079</code></a> v12.0.9-canary.11</li>\n<li><a href=\"https://github.com/vercel/next.js/commit/b5d4564cca27dac6b588f26fe21a2439ead89a46\"><code>b5d4564</code></a> Revert &quot;Relay Support in Rust Compiler&quot; (<a href=\"https://github-redirect.dependabot.com/vercel/next.js/issues/33699\">#33699</a>)</li>\n<li><a href=\"https://github.com/vercel/next.js/commit/5c6c3851006a2fd43a8ec9518c1be7f723bbf2e3\"><code>5c6c385</code></a> Use relative path for example (<a href=\"https://github-redirect.dependabot.com/vercel/next.js/issues/33565\">#33565</a>)</li>\n<li><a href=\"https://github.com/vercel/next.js/commit/65c63c94349a4ef2bb53fe412f021b4b0a5c26c2\"><code>65c63c9</code></a> v12.0.9-canary.10</li>\n<li><a href=\"https://github.com/vercel/next.js/commit/b20eb99a4d11c2622ea0bbb06c68c895fc6faac1\"><code>b20eb99</code></a> Relay Support in Rust Compiler (<a href=\"https://github-redirect.dependabot.com/vercel/next.js/issues/33240\">#33240</a>)</li>\n<li><a href=\"https://github.com/vercel/next.js/commit/99d4d6c5a41003338f62fd20bdcafe78e02f7a1a\"><code>99d4d6c</code></a> Implement web server as the request handler for edge SSR (<a href=\"https://github-redirect.dependabot.com/vercel/next.js/issues/33635\">#33635</a>)</li>\n<li>Additional commits viewable in <a href=\"https://github.com/vercel/next.js/compare/v12.0.7...v12.0.9\">compare view</a></li>\n</ul>\n</details>\n<br />\n\n\n[![Dependabot compatibility score](https://dependabot-badges.githubapp.com/badges/compatibility_score?dependency-name=next&package-manager=npm_and_yarn&previous-version=12.0.7&new-version=12.0.9)](https://docs.github.com/en/github/managing-security-vulnerabilities/about-dependabot-security-updates#about-compatibility-scores)\n\nDependabot will resolve any conflicts with this PR as long as you don't alter it yourself. You can also trigger a rebase manually by commenting `@dependabot rebase`.\n\n[//]: # (dependabot-automerge-start)\n[//]: # (dependabot-automerge-end)\n\n---\n\n<details>\n<summary>Dependabot commands and options</summary>\n<br />\n\nYou can trigger Dependabot actions by commenting on this PR:\n- `@dependabot rebase` will rebase this PR\n- `@dependabot recreate` will recreate this PR, overwriting any edits that have been made to it\n- `@dependabot merge` will merge this PR after your CI passes on it\n- `@dependabot squash and merge` will squash and merge this PR after your CI passes on it\n- `@dependabot cancel merge` will cancel a previously requested merge and block automerging\n- `@dependabot reopen` will reopen this PR if it is closed\n- `@dependabot close` will close this PR and stop Dependabot recreating it. You can achieve the same result by closing it manually\n- `@dependabot ignore this major version` will close this PR and stop Dependabot creating any more for this major version (unless you reopen the PR or upgrade to it yourself)\n- `@dependabot ignore this minor version` will close this PR and stop Dependabot creating any more for this minor version (unless you reopen the PR or upgrade to it yourself)\n- `@dependabot ignore this dependency` will close this PR and stop Dependabot creating any more for this dependency (unless you reopen the PR or upgrade to it yourself)\n- `@dependabot use these labels` will set the current labels as the default for future PRs for this repo and language\n- `@dependabot use these reviewers` will set the current reviewers as the default for future PRs for this repo and language\n- `@dependabot use these assignees` will set the current assignees as the default for future PRs for this repo and language\n- `@dependabot use this milestone` will set the current milestone as the default for future PRs for this repo and language\n\nYou can disable automated security fix PRs for this repo from the [Security Alerts page](https://github.com/celo-tools/mento-fi/network/alerts).\n\n</details>"
    },
    {
        "projcts_name": "gnosis_dex-contracts",
        "num": 1082,
        "created_user": "dependabot-preview[bot]",
        "created_at": "2020-12-14T02:37:19Z",
        "closed_at": "2020-12-14T03:19:48Z",
        "merged_at": "2020-12-14T03:19:48Z",
        "label": "dependencies",
        "comments_data": [],
        "title": "[Security] Bump highlight.js from 10.4.0 to 10.4.1",
        "body": "Bumps [highlight.js](https://github.com/highlightjs/highlight.js) from 10.4.0 to 10.4.1. **This update includes a security fix.**\n<details>\n<summary>Vulnerabilities fixed</summary>\n<p><em>Sourced from <a href=\"https://github.com/advisories/GHSA-7wwv-vh3v-89cq\">The GitHub Security Advisory Database</a>.</em></p>\n<blockquote>\n<p><strong>ReDOS vulnerabities: multiple grammars</strong></p>\n<h3>Impact: Potential ReDOS vulnerabilities (exponential and polynomial RegEx backtracking)</h3>\n<p><a href=\"https://owasp.org/www-community/attacks/Regular_expression_Denial_of_Service_-_ReDoS\">oswasp</a>:</p>\n<p>&gt; The Regular expression Denial of Service (ReDoS) is a Denial of Service attack, that exploits the fact that most Regular Expression implementations may reach extreme situations that cause them to work very slowly (exponentially related to input size). An attacker can then cause a program using a Regular Expression to enter these extreme situations and then hang for a very long time.</p>\n<p>If are you are using Highlight.js to highlight user-provided data you are possibly vulnerable.  On the client-side (in a browser or Electron environment) risks could include lengthy freezes or crashes... On the server-side infinite freezes could occur... effectively preventing users from accessing your app or service (ie, Denial of Service).</p>\n<p>This is an issue with grammars shipped with the parser (and potentially 3rd party grammars also), not the parser itself. If you are using Highlight.js with any of the following grammars you are vulnerable.  If you are using <code>highlightAuto</code> to detect the language (and have any of these grammars registered) you are vulnerable.</p>\n<p>All versions prior to 10.4.1 are vulnerable, including version 9.18.5.</p>\n<p><strong>Grammars with exponential backtracking issues:</strong></p>\n<ul>\n<li>c-like (c, cpp, arduino)</li>\n<li>handlebars (htmlbars)</li>\n<li>gams</li>\n<li>perl</li>\n<li>jboss-cli</li>\n<li>r</li>\n</ul>\n<!-- raw HTML omitted -->\n<p>Affected versions: &gt;= 9.0.0 &lt; 10.4.1</p>\n</blockquote>\n</details>\n<details>\n<summary>Release notes</summary>\n<p><em>Sourced from <a href=\"https://github.com/highlightjs/highlight.js/releases\">highlight.js's releases</a>.</em></p>\n<blockquote>\n<h2>10.4.1</h2>\n<p>Security fixes:</p>\n<ul>\n<li>(fix) Exponential backtracking fixes for: <a href=\"https://github.com/joshgoebel\">Josh Goebel</a>\n<ul>\n<li>cpp</li>\n<li>handlebars</li>\n<li>gams</li>\n<li>perl</li>\n<li>jboss-cli</li>\n<li>r</li>\n<li>erlang-repl</li>\n<li>powershell</li>\n<li>routeros</li>\n</ul>\n</li>\n<li>(fix) Polynomial backtracking fixes for: <a href=\"https://github.com/joshgoebel\">Josh Goebel</a>\n<ul>\n<li>asciidoc</li>\n<li>reasonml</li>\n<li>latex</li>\n<li>kotlin</li>\n<li>gcode</li>\n<li>d</li>\n<li>aspectj</li>\n<li>moonscript</li>\n<li>coffeescript/livescript</li>\n<li>csharp</li>\n<li>scilab</li>\n<li>crystal</li>\n<li>elixir</li>\n<li>basic</li>\n<li>ebnf</li>\n<li>ruby</li>\n<li>fortran/irpf90</li>\n<li>livecodeserver</li>\n<li>yaml</li>\n<li>x86asm</li>\n<li>dsconfig</li>\n<li>markdown</li>\n<li>ruleslanguage</li>\n<li>xquery</li>\n<li>sqf</li>\n</ul>\n</li>\n</ul>\n<p>Very grateful to <a href=\"https://github.com/RunDevelopment\">Michael Schmidt</a> for all the help.</p>\n</blockquote>\n</details>\n<details>\n<summary>Changelog</summary>\n<p><em>Sourced from <a href=\"https://github.com/highlightjs/highlight.js/blob/master/CHANGES.md\">highlight.js's changelog</a>.</em></p>\n<blockquote>\n<h2>Version 10.4.1 (tentative)</h2>\n<p>Security</p>\n<ul>\n<li>(fix) Exponential backtracking fixes for: <a href=\"https://github.com/joshgoebel\">Josh Goebel</a>\n<ul>\n<li>cpp</li>\n<li>handlebars</li>\n<li>gams</li>\n<li>perl</li>\n<li>jboss-cli</li>\n<li>r</li>\n<li>erlang-repl</li>\n<li>powershell</li>\n<li>routeros</li>\n</ul>\n</li>\n<li>(fix) Polynomial backtracking fixes for: <a href=\"https://github.com/joshgoebel\">Josh Goebel</a>\n<ul>\n<li>asciidoc</li>\n<li>reasonml</li>\n<li>latex</li>\n<li>kotlin</li>\n<li>gcode</li>\n<li>d</li>\n<li>aspectj</li>\n<li>moonscript</li>\n<li>coffeescript/livescript</li>\n<li>csharp</li>\n<li>scilab</li>\n<li>crystal</li>\n<li>elixir</li>\n<li>basic</li>\n<li>ebnf</li>\n<li>ruby</li>\n<li>fortran/irpf90</li>\n<li>livecodeserver</li>\n<li>yaml</li>\n<li>x86asm</li>\n<li>dsconfig</li>\n<li>markdown</li>\n<li>ruleslanguage</li>\n<li>xquery</li>\n<li>sqf</li>\n</ul>\n</li>\n</ul>\n<p>Very grateful to <a href=\"https://github.com/RunDevelopment\">Michael Schmidt</a> for all the help.</p>\n</blockquote>\n</details>\n<details>\n<summary>Commits</summary>\n<ul>\n<li><a href=\"https://github.com/highlightjs/highlight.js/commit/e96b915af70d1c3f014b732c10e7cd077f22b9c3\"><code>e96b915</code></a> bump 10.4.1</li>\n<li><a href=\"https://github.com/highlightjs/highlight.js/commit/065f65f41e803ef80a334f7d30da30e7bc653801\"><code>065f65f</code></a> chore(release) allow release script to handle production releases</li>\n<li><a href=\"https://github.com/highlightjs/highlight.js/commit/68509fc6301f5bb504d33766c45dd64253512e4b\"><code>68509fc</code></a> chore(docs) bump SECURITY mention to 9.18.5</li>\n<li><a href=\"https://github.com/highlightjs/highlight.js/commit/aa0fb850c24e94081bc65687010d41e1b7dda28a\"><code>aa0fb85</code></a> chore(docs) Version 9 has reached EOL.</li>\n<li><a href=\"https://github.com/highlightjs/highlight.js/commit/fb0a62650c39bc6b9c9365657ce4f912d50523fc\"><code>fb0a626</code></a> enh(ci): Add tests for polynomial regex issues</li>\n<li><a href=\"https://github.com/highlightjs/highlight.js/commit/fa46dd181d3fc37d43847aa253176c88d3d1e640\"><code>fa46dd1</code></a> fix(reasonml) fix poly backtracking issue</li>\n<li><a href=\"https://github.com/highlightjs/highlight.js/commit/d496052534bb4317373991098d15ddd5ccb8f566\"><code>d496052</code></a> fix(latex) fix poly backtracking issue</li>\n<li><a href=\"https://github.com/highlightjs/highlight.js/commit/d9f1cdb9924a1f22fc145711a499962a76477ac7\"><code>d9f1cdb</code></a> fix(javascript/typescript) fix poly backtracking issue</li>\n<li><a href=\"https://github.com/highlightjs/highlight.js/commit/fdec037a569c9f06592dd17304b07640365573b7\"><code>fdec037</code></a> fix(asciidoc) fix poly backtracking issue</li>\n<li><a href=\"https://github.com/highlightjs/highlight.js/commit/02ca487e8ca4d56f2cbd1b738eae8f814688b5eb\"><code>02ca487</code></a> fix(kotlin) fix poly backtracking issue</li>\n<li>Additional commits viewable in <a href=\"https://github.com/highlightjs/highlight.js/compare/10.4.0...10.4.1\">compare view</a></li>\n</ul>\n</details>\n<details>\n<summary>Maintainer changes</summary>\n<p>This version was pushed to npm by <a href=\"https://www.npmjs.com/~joshgoebel\">joshgoebel</a>, a new releaser for highlight.js since your current version.</p>\n</details>\n<br />\n\n\n[![Dependabot compatibility score](https://api.dependabot.com/badges/compatibility_score?dependency-name=highlight.js&package-manager=npm_and_yarn&previous-version=10.4.0&new-version=10.4.1)](https://dependabot.com/compatibility-score/?dependency-name=highlight.js&package-manager=npm_and_yarn&previous-version=10.4.0&new-version=10.4.1)\n\nDependabot will resolve any conflicts with this PR as long as you don't alter it yourself. You can also trigger a rebase manually by commenting `@dependabot rebase`.\n\n[//]: # (dependabot-automerge-start)\n[//]: # (dependabot-automerge-end)\n\n---\n\n<details>\n<summary>Dependabot commands and options</summary>\n<br />\n\nYou can trigger Dependabot actions by commenting on this PR:\n- `@dependabot rebase` will rebase this PR\n- `@dependabot recreate` will recreate this PR, overwriting any edits that have been made to it\n- `@dependabot merge` will merge this PR after your CI passes on it\n- `@dependabot squash and merge` will squash and merge this PR after your CI passes on it\n- `@dependabot cancel merge` will cancel a previously requested merge and block automerging\n- `@dependabot reopen` will reopen this PR if it is closed\n- `@dependabot close` will close this PR and stop Dependabot recreating it. You can achieve the same result by closing it manually\n- `@dependabot ignore this major version` will close this PR and stop Dependabot creating any more for this major version (unless you reopen the PR or upgrade to it yourself)\n- `@dependabot ignore this minor version` will close this PR and stop Dependabot creating any more for this minor version (unless you reopen the PR or upgrade to it yourself)\n- `@dependabot ignore this dependency` will close this PR and stop Dependabot creating any more for this dependency (unless you reopen the PR or upgrade to it yourself)\n- `@dependabot use these labels` will set the current labels as the default for future PRs for this repo and language\n- `@dependabot use these reviewers` will set the current reviewers as the default for future PRs for this repo and language\n- `@dependabot use these assignees` will set the current assignees as the default for future PRs for this repo and language\n- `@dependabot use this milestone` will set the current milestone as the default for future PRs for this repo and language\n- `@dependabot badge me` will comment on this PR with code to add a \"Dependabot enabled\" badge to your readme\n\nAdditionally, you can set the following in your Dependabot [dashboard](https://app.dependabot.com):\n- Update frequency (including time of day and day of week)\n- Pull request limits (per update run and/or open at any time)\n- Out-of-range updates (receive only lockfile updates, if desired)\n- Security updates (receive only security updates, if desired)\n\n\n\n</details>"
    },
    {
        "projcts_name": "gnosis_dex-contracts",
        "num": 89,
        "created_user": "bh2smith",
        "created_at": "2019-05-28T18:44:39Z",
        "closed_at": "2020-02-10T15:08:32Z",
        "merged_at": [],
        "label": "design-decision",
        "comments_data": {
            "created": [
                "2019-05-28T18:49:52Z",
                "2019-05-29T08:47:42Z",
                "2019-05-29T08:58:09Z",
                "2019-05-29T08:59:35Z",
                "2019-05-29T09:05:03Z",
                "2019-05-29T09:09:45Z",
                "2019-05-29T09:11:25Z",
                "2019-05-29T09:15:42Z",
                "2019-05-29T09:38:14Z",
                "2019-05-29T10:53:09Z",
                "2019-06-03T06:17:53Z",
                "2019-06-03T22:51:28Z"
            ],
            "user_login": [
                "bh2smith",
                "fleupold",
                "bh2smith",
                "bh2smith",
                "fleupold",
                "bh2smith",
                "fleupold",
                "bh2smith",
                "bh2smith",
                "fleupold",
                "josojo",
                "bh2smith"
            ]
        },
        "title": "[Snapp] Optimistic: Rollback account state on successful dispute",
        "body": "# Rollback on Successful Dispute\r\n\r\nBecause this trading engine offers decentralized order matching, dispute-resolution mechanism must be implemented.\r\nThe *anchor contract* is incapable of determining valid from invalid solution proposals and assumes validity by default.\r\nWhen a challenge is successful, there must be possibility to rollback or, at least, ignore faulty state transitions.\r\n\r\nThe smart contract only knows a compressed representation of the account balances on the exchange at any given time, and thus, is incapable of determining when a balance update (i.e. state transition is valid).\r\n\r\n## Setting the stage\r\n\r\nIn the current (MVP) implementation of the `SnappBase` contract, account states are stored as an array of hashes \r\n\r\n```\r\nbytes32 [] stateRoots;\r\n```\r\n\r\nThere are three types of state transition (Deposits, Withdraws and Auction Settlement): All different transition types are similar in the sense that they are the result of processing a batch collected requests. However, no two of them are treated identically must be considered individually for implementation dispute resolution. Below is a brief summary of each transition type with their subtle differences highlighted**!**\r\n\r\n1. **Deposit**\r\n\t - Deposit requests are collected in a batch via `requestDeposit`. \r\n\t - **! Funds are immediately transferred to the contract upon request. !** \r\n\t - Sender's new account balance is only represented `stateRoot` when batch of requests has been processed (via `applyDeposits`). \r\n\tThis process suggests that deposit request batches can not be forgotten in the event of a rollback\r\n2. **Withdraw**\r\n\t - Withdraw requests are collected in a batch via `requestDeposit`. \r\n\t - Funds are **NOT** taken out of the account\r\n\t - Sender's new account balance is only represented `stateRoot` when batch of requests has been processed (via `applyWithdrawals`).\r\n\t - **! Funds are only transferred out of the contract after the Withdrawals have been applied ( via `claimWithdraw`) !**. [This will imply that withdraw transitions must be finalized before funds can be claimed].\r\n\r\n3. **Auction Settlement**\r\n\t- limit orders are collected in a batch via `placeOrder`\r\n\t- orders are put in to an optimization problem and solutions are proposed by many solvers, collected by contract and organized in the form of a max heap.\r\n\t- after solution proposal period has ended, contract selects the \"best\" by popping the proposal heap. \r\n\t\t* Note: if there are no solutions, the `NullSolution` is applied.\r\n\t- proposer to provided solution information and new state hash (via `applyAuction`)\r\n\r\n## Finalization\r\n\r\nThe simplest imaginable form of state finalization is to impose a fixed time-delay `T` (aka challenge period) for each state update. Thus, disabling any additional updates until the challenge period for the current state has passed. Such a finalization is agnostic to the transition types and allows for one to carefully consider the implementation details of rollback individually without any additional complexity.\r\n\r\nAn alternative, slightly more complex, might be to consider the definition of finalization differently for each individual transition type. This idea will be investigated after giving implementation proposals for the simple case. \r\n\r\n## Challenge & Resolution\r\n\r\nOne key factor in dispute resolution is the number of transactions required for the contract to verify if rollback is required. This essentially breaks down into single vs. multiple transaction validation. For example, based on the discussions in #87, we see that snark-resolution could be validated in a \"single\" transaction (if the deployment of proof contract is considered separately), whereas on-chain validation often requires multiple transactions (due to payload constraints and overall block-gas limit). When a fraud proof can be validated in a single transaction, it suffices to implement the challenge, validation and rollback all within the single function. However, for multi-transaction fraud-proof validation, roll-back will requires a few steps such as\r\n\r\n- challenge state by index and raise flag.\r\n- provide pieces of proof in steps.\r\n- if state turns out invalid (after several steps), rollback.\r\n\r\nThe multi-transaction case inevitably implies that the time-delay must be reset (or extended in some way) on each successful step in the fraud-proof (giving the prover sufficient time to continue). In this case one may want to consider the possibility of allowing someone to provide a legitimacy proof to terminate the dispute process. Such time extension could also result in a DOS attack if not implemented properly.\r\n\r\nIt will likely turn out, that a hybrid solution for rolling back both single and multi transaction validation. This means consideration in both scenarios. Notice also, that any single transaction validation may not even require the challenger to bond their proof."
    },
    {
        "projcts_name": "swim-io_pool",
        "num": 48,
        "created_user": "dependabot[bot]",
        "created_at": "2022-06-06T21:59:00Z",
        "closed_at": "2022-06-07T09:08:56Z",
        "merged_at": "2022-06-07T09:08:56Z",
        "label": "dependencies",
        "comments_data": [],
        "title": "Bump regex from 1.5.4 to 1.5.6",
        "body": "Bumps [regex](https://github.com/rust-lang/regex) from 1.5.4 to 1.5.6.\n<details>\n<summary>Changelog</summary>\n<p><em>Sourced from <a href=\"https://github.com/rust-lang/regex/blob/master/CHANGELOG.md\">regex's changelog</a>.</em></p>\n<blockquote>\n<h1>1.5.6 (2022-05-20)</h1>\n<p>This release includes a few bug fixes, including a bug that produced incorrect\nmatches when a non-greedy <code>?</code> operator was used.</p>\n<ul>\n<li>[BUG <a href=\"https://github-redirect.dependabot.com/rust-lang/regex/issues/680\">#680</a>](<a href=\"https://github-redirect.dependabot.com/rust-lang/regex/issues/680\">rust-lang/regex#680</a>):\nFixes a bug where <code>[[:alnum:][:^ascii:]]</code> dropped <code>[:alnum:]</code> from the class.</li>\n<li>[BUG <a href=\"https://github-redirect.dependabot.com/rust-lang/regex/issues/859\">#859</a>](<a href=\"https://github-redirect.dependabot.com/rust-lang/regex/issues/859\">rust-lang/regex#859</a>):\nFixes a bug where <code>Hir::is_match_empty</code> returned <code>false</code> for <code>\\b</code>.</li>\n<li>[BUG <a href=\"https://github-redirect.dependabot.com/rust-lang/regex/issues/862\">#862</a>](<a href=\"https://github-redirect.dependabot.com/rust-lang/regex/issues/862\">rust-lang/regex#862</a>):\nFixes a bug where 'ab??' matches 'ab' instead of 'a' in 'ab'.</li>\n</ul>\n<h1>1.5.5 (2022-03-08)</h1>\n<p>This releases fixes a security bug in the regex compiler. This bug permits a\nvector for a denial-of-service attack in cases where the regex being compiled\nis untrusted. There are no known problems where the regex is itself trusted,\nincluding in cases of untrusted haystacks.</p>\n<ul>\n<li><a href=\"https://github.com/rust-lang/regex/security/advisories/GHSA-m5pq-gvj9-9vr8\">SECURITY #GHSA-m5pq-gvj9-9vr8</a>:\nFixes a bug in the regex compiler where empty sub-expressions subverted the\nexisting mitigations in place to enforce a size limit on compiled regexes.\nThe Rust Security Response WG published an advisory about this:\n<a href=\"https://groups.google.com/g/rustlang-security-announcements/c/NcNNL1Jq7Yw\">https://groups.google.com/g/rustlang-security-announcements/c/NcNNL1Jq7Yw</a></li>\n</ul>\n</blockquote>\n</details>\n<details>\n<summary>Commits</summary>\n<ul>\n<li><a href=\"https://github.com/rust-lang/regex/commit/9aef5b1edc2a436244b936db53a03ed6d720e87e\"><code>9aef5b1</code></a> 1.5.6</li>\n<li><a href=\"https://github.com/rust-lang/regex/commit/2931b070fd9b525dec95c2b4c91f8b9ee500239e\"><code>2931b07</code></a> syntax: bump minimum regex-syntax version to 0.6.26</li>\n<li><a href=\"https://github.com/rust-lang/regex/commit/b41bde0b854e3cd1018f55e5dcd80c09b418d6c4\"><code>b41bde0</code></a> regex-syntax-0.6.26</li>\n<li><a href=\"https://github.com/rust-lang/regex/commit/d98da65bb3df16836f1181c6f7e4f03c3af1d5a5\"><code>d98da65</code></a> changelog: 1.5.6</li>\n<li><a href=\"https://github.com/rust-lang/regex/commit/1c19619672c2ef16dc9f64fec38af5719c4ec06c\"><code>1c19619</code></a> syntax: fix literal extraction for 'ab??'</li>\n<li><a href=\"https://github.com/rust-lang/regex/commit/88a2a62d861d189faae539990f63cb9cf195bd8c\"><code>88a2a62</code></a> syntax: fix 'is_match_empty' predicate</li>\n<li><a href=\"https://github.com/rust-lang/regex/commit/72f09f1aeb0ff3f703b1afdbdd21f5ff63162fb4\"><code>72f09f1</code></a> syntax: fix ascii class union bug</li>\n<li><a href=\"https://github.com/rust-lang/regex/commit/b5372864e2df6a2f5e543a556a62197f50ca3650\"><code>b537286</code></a> doc: fix some typos</li>\n<li><a href=\"https://github.com/rust-lang/regex/commit/258bdf798a14f50529c1665e84cc8a3a9e2c90fc\"><code>258bdf7</code></a> changelog: 1.5.5</li>\n<li><a href=\"https://github.com/rust-lang/regex/commit/d130381b150756ba7e5940efdc6ebdf47f4febc0\"><code>d130381</code></a> 1.5.5</li>\n<li>Additional commits viewable in <a href=\"https://github.com/rust-lang/regex/compare/1.5.4...1.5.6\">compare view</a></li>\n</ul>\n</details>\n<br />\n\n\n[![Dependabot compatibility score](https://dependabot-badges.githubapp.com/badges/compatibility_score?dependency-name=regex&package-manager=cargo&previous-version=1.5.4&new-version=1.5.6)](https://docs.github.com/en/github/managing-security-vulnerabilities/about-dependabot-security-updates#about-compatibility-scores)\n\nDependabot will resolve any conflicts with this PR as long as you don't alter it yourself. You can also trigger a rebase manually by commenting `@dependabot rebase`.\n\n[//]: # (dependabot-automerge-start)\n[//]: # (dependabot-automerge-end)\n\n---\n\n<details>\n<summary>Dependabot commands and options</summary>\n<br />\n\nYou can trigger Dependabot actions by commenting on this PR:\n- `@dependabot rebase` will rebase this PR\n- `@dependabot recreate` will recreate this PR, overwriting any edits that have been made to it\n- `@dependabot merge` will merge this PR after your CI passes on it\n- `@dependabot squash and merge` will squash and merge this PR after your CI passes on it\n- `@dependabot cancel merge` will cancel a previously requested merge and block automerging\n- `@dependabot reopen` will reopen this PR if it is closed\n- `@dependabot close` will close this PR and stop Dependabot recreating it. You can achieve the same result by closing it manually\n- `@dependabot ignore this major version` will close this PR and stop Dependabot creating any more for this major version (unless you reopen the PR or upgrade to it yourself)\n- `@dependabot ignore this minor version` will close this PR and stop Dependabot creating any more for this minor version (unless you reopen the PR or upgrade to it yourself)\n- `@dependabot ignore this dependency` will close this PR and stop Dependabot creating any more for this dependency (unless you reopen the PR or upgrade to it yourself)\nYou can disable automated security fix PRs for this repo from the [Security Alerts page](https://github.com/swim-io/pool/network/alerts).\n\n</details>"
    },
    {
        "projcts_name": "yieldprotocol_vault-v2",
        "num": 333,
        "created_user": "alcueca",
        "created_at": "2021-12-14T12:21:54Z",
        "closed_at": "2022-01-11T17:34:38Z",
        "merged_at": "2022-01-11T17:34:37Z",
        "label": [],
        "comments_data": [],
        "title": "Disable fyToken flash loans by default",
        "body": "*Summary*\r\nDisable flash loans by default on fyToken, following the Join pattern.\r\n\r\n*Details*\r\nWe can be subject to DoS attacks when releasing new series, particularly if doing so at the same time that we roll a strategy onto them.\r\n\r\nIf we deploy a pool and we don't roll a strategy onto it in the same transaction, a malicious actor can skew the ratio in the pool using the free fyToken flash loans, just to make our slippage protection kick in and revert the governance action. While no funds would be lost, service continuity would be affected.\r\n\r\nThis PR sets the fyToken flash loans to be disabled by default, along with allowing to charge a fee in case that would be necessary to protect from unforeseen attacks."
    },
    {
        "projcts_name": "yieldprotocol_vault-v2",
        "num": 244,
        "created_user": "alcueca",
        "created_at": "2021-07-14T10:42:30Z",
        "closed_at": "2021-07-15T04:38:49Z",
        "merged_at": "2021-07-15T04:38:49Z",
        "label": [],
        "comments_data": [],
        "title": "fix: make factories auth to avoid griefing attacks",
        "body": "If anyone can use our factories to create Joins and FYTokens, they could front-run us for a denial-of-service attack. It would only stop us from adding assets, but it would be annoying. Better to fix it now."
    },
    {
        "projcts_name": "yieldprotocol_vault-v2",
        "num": 240,
        "created_user": "alcueca",
        "created_at": "2021-07-13T14:36:52Z",
        "closed_at": "2021-08-10T18:17:14Z",
        "merged_at": "2021-08-10T18:17:14Z",
        "label": [],
        "comments_data": [],
        "title": "RC8",
        "body": " - Use a factory to deploy FYToken\r\n - Control access to contract factories to avoid DoS attacks\r\n - Parameterize liquidations per collateral\r\n - Remove Witch's dependency on Ladle\r\n - Composite oracles\r\n - ENS multicall\r\n - Cache only vaultId via storage\r\n - cToken oracles\r\n - Wand can be re-orchestrated\r\n - Transfer asset to module"
    },
    {
        "projcts_name": "enzymefinance_protocol",
        "num": 461,
        "created_user": "jennazenk",
        "created_at": "2018-06-12T07:52:43Z",
        "closed_at": "2018-06-20T15:55:19Z",
        "merged_at": [],
        "label": "audit",
        "comments_data": [],
        "title": "Potential denial of service by malicious staker / Dynamic array inefficient for storing sorted stakers",
        "body": "## Details\r\n\r\n`OperatingStaker` imposes no bound on the amount of stakers (beyond requiring a minimum stake): since the `stakeRanking` array is iterated over when updated, a malicious staker can add enough entries to `stakeRanking` that operations on it (i.e. updating stakers' ranking) can exceed the block gas limit, effectively locking up the ranking. More generally, needing to update the entire tail end of  `stakeRanking`  is very gas inefficient.\r\n\r\n## Recommendation\r\n\r\nEither limit the amount of entries in  stakeRanking  so that the gas block limit cannot be exceeded or utilize a data structure that can't be DOS'd in this way: a doubly linked list that allows providing witnesses for more efficient search as described  here .\r\n\r\n**First response**\r\nWe added a limit to the number of items in the array, and a test for this.\r\n\r\n**Solidified response**\r\nUnfortunately the attempted fix is problematic because:\r\n(i) The function   is missing a modifier. When calling   the code checks:\r\n```\r\npre_cond(\r\nstakeRanking.length < MAX_STAKERS ||  // still room in array \r\namount > stakeRanking[ 0 ].amount  // or larger than smallest element\r\n)\r\n```\r\nThis precondition is missing from  `stakeFor`  where presumably the same conditions should apply.\r\n\r\n(ii) Due to the aforementioned precondition, if users continue to stake increasing amounts, `stakeRanking`  can grow to an unbounded length. This is because if users continue to stake increasing amounts  `amount > stakeRanking[0].amount` will always be true. The function `addStakerToArray` could prune if its length grows larger than  `MAX_STAKERS`. \r\n\r\n(iii) It\u2019s still gas inefficient, at minimum using binary search for operations on  `stakeRanking`\r\nwould be prefered."
    },
    {
        "projcts_name": "enzymefinance_protocol",
        "num": 392,
        "created_user": "travs",
        "created_at": "2018-02-23T18:42:16Z",
        "closed_at": "2018-06-07T13:47:19Z",
        "merged_at": [],
        "label": [],
        "comments_data": {
            "created": [
                "2018-02-26T13:32:48Z",
                "2018-02-26T15:01:14Z",
                "2018-02-27T15:32:16Z",
                "2018-02-27T15:40:14Z",
                "2018-06-07T13:47:19Z"
            ],
            "user_login": [
                "travs",
                "retotrinkler",
                "retotrinkler",
                "travs",
                "travs"
            ]
        },
        "title": "Unhandled Division by Zero in Pricefeed getInvertedPrice",
        "body": "## Impact\r\ngetInvertedPrice will throw if an asset price is set to 0, leading to a denial of service\r\ncondition when requesting the inverted price for that asset.\r\n\r\n## Details\r\nIn the function getInvertedPrice, the price of an asset is retrieved via getPrice and the\r\nresult is stored in the inputPrice variable. The issue arises on line 193 of Pricefeed.sol, where\r\na division by zero may be performed if an asset price is set to zero by the Pricefeed owner.\r\n\r\n## Recommendation\r\nAccount for the possibility of inputPrice equaling 0 in getInvertedPrice, and gracefully\r\nhandle this scenario."
    },
    {
        "projcts_name": "gnosis_dex-contracts",
        "num": 893,
        "created_user": "dependabot-preview[bot]",
        "created_at": "2020-07-16T02:42:25Z",
        "closed_at": "2020-07-16T08:33:27Z",
        "merged_at": "2020-07-16T08:33:27Z",
        "label": "dependencies",
        "comments_data": [],
        "title": "[Security] Bump lodash from 4.17.15 to 4.17.19",
        "body": "Bumps [lodash](https://github.com/lodash/lodash) from 4.17.15 to 4.17.19. **This update includes a security fix.**\n<details>\n<summary>Vulnerabilities fixed</summary>\n<p><em>Sourced from <a href=\"https://github.com/advisories/GHSA-p6mc-m468-83gw\">The GitHub Security Advisory Database</a>.</em></p>\n<blockquote>\n<p><strong>Prototype Pollution in lodash</strong>\nVersions of lodash prior to 4.17.19 are vulnerable to Prototype Pollution. The function zipObjectDeep allows a malicious user to modify the prototype of Object if the property identifiers are user-supplied. Being affected by this issue requires zipping objects based on user-provided property arrays.</p>\n<p>This vulnerability causes the addition or modification of an existing property that will exist on all objects and may lead to Denial of Service or Code Execution under specific circumstances.</p>\n<p>Affected versions: &lt; 4.17.19</p>\n</blockquote>\n</details>\n<details>\n<summary>Release notes</summary>\n<p><em>Sourced from <a href=\"https://github.com/lodash/lodash/releases\">lodash's releases</a>.</em></p>\n<blockquote>\n<h2>4.17.16</h2>\n</blockquote>\n</details>\n<details>\n<summary>Commits</summary>\n<ul>\n<li><a href=\"https://github.com/lodash/lodash/commit/d7fbc52ee0466a6d248f047b5d5c3e6d1e099056\"><code>d7fbc52</code></a> Bump to v4.17.19</li>\n<li><a href=\"https://github.com/lodash/lodash/commit/2e1c0f22f425e9c013815b2cd7c2ebd51f49a8d6\"><code>2e1c0f2</code></a> Add npm-package</li>\n<li><a href=\"https://github.com/lodash/lodash/commit/1b6c282299f4e0271f932b466c67f0f822aa308e\"><code>1b6c282</code></a> Bump to v4.17.18</li>\n<li><a href=\"https://github.com/lodash/lodash/commit/a370ac81408de2da77a82b3c4b61a01a3b9c2fac\"><code>a370ac8</code></a> Bump to v4.17.17</li>\n<li><a href=\"https://github.com/lodash/lodash/commit/1144918f3578a84fcc4986da9b806e63a6175cbb\"><code>1144918</code></a> Rebuild lodash and docs</li>\n<li><a href=\"https://github.com/lodash/lodash/commit/3a3b0fd339c2109563f7e8167dc95265ed82ef3e\"><code>3a3b0fd</code></a> Bump to v4.17.16</li>\n<li><a href=\"https://github.com/lodash/lodash/commit/c84fe82760fb2d3e03a63379b297a1cc1a2fce12\"><code>c84fe82</code></a> fix(zipObjectDeep): prototype pollution (<a href=\"https://github-redirect.dependabot.com/lodash/lodash/issues/4759\">#4759</a>)</li>\n<li><a href=\"https://github.com/lodash/lodash/commit/e7b28ea6cb17b4ca021e7c9d66218c8c89782f32\"><code>e7b28ea</code></a> Sanitize sourceURL so it cannot affect evaled code (<a href=\"https://github-redirect.dependabot.com/lodash/lodash/issues/4518\">#4518</a>)</li>\n<li><a href=\"https://github.com/lodash/lodash/commit/0cec225778d4ac26c2bac95031ecc92a94f08bbb\"><code>0cec225</code></a> Fix lodash.isEqual for circular references (<a href=\"https://github-redirect.dependabot.com/lodash/lodash/issues/4320\">#4320</a>) (<a href=\"https://github-redirect.dependabot.com/lodash/lodash/issues/4515\">#4515</a>)</li>\n<li><a href=\"https://github.com/lodash/lodash/commit/94c3a8133cb4fcdb50db72b4fd14dd884b195cd5\"><code>94c3a81</code></a> Document matches* shorthands for over* methods (<a href=\"https://github-redirect.dependabot.com/lodash/lodash/issues/4510\">#4510</a>) (<a href=\"https://github-redirect.dependabot.com/lodash/lodash/issues/4514\">#4514</a>)</li>\n<li>Additional commits viewable in <a href=\"https://github.com/lodash/lodash/compare/4.17.15...4.17.19\">compare view</a></li>\n</ul>\n</details>\n<details>\n<summary>Maintainer changes</summary>\n<p>This version was pushed to npm by <a href=\"https://www.npmjs.com/~mathias\">mathias</a>, a new releaser for lodash since your current version.</p>\n</details>\n<br />\n\n\n[![Dependabot compatibility score](https://api.dependabot.com/badges/compatibility_score?dependency-name=lodash&package-manager=npm_and_yarn&previous-version=4.17.15&new-version=4.17.19)](https://dependabot.com/compatibility-score/?dependency-name=lodash&package-manager=npm_and_yarn&previous-version=4.17.15&new-version=4.17.19)\n\nDependabot will resolve any conflicts with this PR as long as you don't alter it yourself. You can also trigger a rebase manually by commenting `@dependabot rebase`.\n\n[//]: # (dependabot-automerge-start)\n[//]: # (dependabot-automerge-end)\n\n---\n\n<details>\n<summary>Dependabot commands and options</summary>\n<br />\n\nYou can trigger Dependabot actions by commenting on this PR:\n- `@dependabot rebase` will rebase this PR\n- `@dependabot recreate` will recreate this PR, overwriting any edits that have been made to it\n- `@dependabot merge` will merge this PR after your CI passes on it\n- `@dependabot squash and merge` will squash and merge this PR after your CI passes on it\n- `@dependabot cancel merge` will cancel a previously requested merge and block automerging\n- `@dependabot reopen` will reopen this PR if it is closed\n- `@dependabot close` will close this PR and stop Dependabot recreating it. You can achieve the same result by closing it manually\n- `@dependabot ignore this major version` will close this PR and stop Dependabot creating any more for this major version (unless you reopen the PR or upgrade to it yourself)\n- `@dependabot ignore this minor version` will close this PR and stop Dependabot creating any more for this minor version (unless you reopen the PR or upgrade to it yourself)\n- `@dependabot ignore this dependency` will close this PR and stop Dependabot creating any more for this dependency (unless you reopen the PR or upgrade to it yourself)\n- `@dependabot use these labels` will set the current labels as the default for future PRs for this repo and language\n- `@dependabot use these reviewers` will set the current reviewers as the default for future PRs for this repo and language\n- `@dependabot use these assignees` will set the current assignees as the default for future PRs for this repo and language\n- `@dependabot use this milestone` will set the current milestone as the default for future PRs for this repo and language\n- `@dependabot badge me` will comment on this PR with code to add a \"Dependabot enabled\" badge to your readme\n\nAdditionally, you can set the following in your Dependabot [dashboard](https://app.dependabot.com):\n- Update frequency (including time of day and day of week)\n- Pull request limits (per update run and/or open at any time)\n- Out-of-range updates (receive only lockfile updates, if desired)\n- Security updates (receive only security updates, if desired)\n\n\n\n</details>"
    }
]