[
    {
        "projcts_name": "Loopring_protocols",
        "num": 309,
        "created_user": "HarryR",
        "created_at": "2019-07-26T08:12:11Z",
        "closed_at": "2019-07-28T09:39:19Z",
        "merged_at": [],
        "label": "bug",
        "comments_data": {
            "created": [
                "2019-07-26T18:14:29Z",
                "2019-07-26T18:21:00Z"
            ],
            "user_login": [
                "Brechtpd",
                "HarryR"
            ]
        },
        "title": "[Protocol3] Verifier v3 zkSNARK bug",
        "body": "Please ensure that all inputs you pass to the verifier are within the SNARK scalar field.\r\n\r\nIn the following locations:\r\n\r\n * https://github.com/Loopring/protocols/blob/master/packages/loopring_v3/contracts/thirdparty/Verifier.sol#L121\r\n * https://github.com/Loopring/protocols/blob/master/packages/loopring_v3/contracts/thirdparty/BatchVerifier.sol#L67\r\n * https://github.com/Loopring/protocols/blob/master/packages/loopring_v3/contracts/thirdparty/Pairing.sol#L87\r\n * https://github.com/Loopring/protocols/blob/master/packages/loopring_v3/contracts/thirdparty/BatchVerifier.sol#L86\r\n\r\nFor example:\r\n\r\n```solidity\r\nrequire( mul_input > 0 && mul_input < 21888242871839275222246405745257275088548364400416034343698204186575808495617 ); \r\n```\r\n\r\nWhere `q=21888242871839275222246405745257275088548364400416034343698204186575808495617` is the scalar field for zkSNARK inputs.\r\n\r\nNot doing so could allow input aliasing, where the resulting point used as input is the same but the on-chain value is different.\r\n\r\nFor example, if you have a 'nullifier' which prevents double spend, the following piece of code can find alternative inputs which (when reduced modulo `q`) would result in the same value:\r\n\r\n```python\r\np = 0x30644e72e131a029b85045b68181585d2833e84879b9709143e1f593f0000001\r\nx = 0xb3e98c3f7346edc7a04b2abd18ca16c11c9419c3c50bd1a34cc485808e895d8e\r\ny = x % p\r\nimport z3\r\ns = z3.Solver()\r\nk = z3.BitVec('k', 256)\r\ns.add(k != x)\r\ns.add(k % p == y)\r\nwhile s.check():\r\n    model = s.model()\r\n    found = int(str(model[k]))\r\n    print(found)\r\n    s.add(k != found)\r\n```"
    },
    {
        "projcts_name": "DeFiCh_ain",
        "num": 407,
        "created_user": "uzyn",
        "created_at": "2021-05-20T01:16:21Z",
        "closed_at": "2021-06-23T06:34:30Z",
        "merged_at": [],
        "label": "triage/accepted",
        "comments_data": {
            "created": [
                "2021-05-20T01:16:35Z",
                "2021-05-31T09:24:27Z",
                "2021-06-23T06:34:30Z"
            ],
            "user_login": [
                "defichain-bot",
                "uzyn",
                "Bushstar"
            ]
        },
        "title": "Concurrent spend of token may result in local double spending of the same token balance at wallet level (non-security concern)",
        "body": "#### What happened:\r\n\r\nRapidly sending of token from the same address may occasionally result in the same token balance being spent twice at wallet.\r\n\r\nResulting in 1 of the transactions encountering `ApplyAccountToTAccountTx amount XXX is less than XXX (code 16)` error.\r\n\r\n#### What you expected to happen:\r\n\r\nOnly the first spend should be selected, regardless if it has been confirmed on the blockchain or not yet.\r\n\r\nSame behavior as UTXO `sendtoaddress`\r\n\r\n#### How to reproduce it (as minimally and precisely as possible):\r\n\r\nNot very reliably by hand, but it occurs a lot on an automated system rapidly calling `accounttoaccount`.\r\n\r\nOne of the stuck transaction might get stuck and resending it would result in the following:\r\n\r\n```sh\r\n$ defi-cli sendrawtransaction XXXXXXXXXXXXXXX\r\nerror code: -26\r\nerror message:\r\nApplyAccountToAccountTx: amount 0.00000000 is less than 2.00000000 (code 16)\r\n``` \r\n\r\n#### What are your environment parameters:\r\nLinux\r\n\r\n"
    },
    {
        "projcts_name": "DistributedCollective_Sovryn-smart-contracts",
        "num": 407,
        "created_user": "cwsnt",
        "created_at": "2022-01-06T10:31:10Z",
        "closed_at": "2022-01-12T12:08:23Z",
        "merged_at": "2022-01-12T12:08:23Z",
        "label": [],
        "comments_data": [],
        "title": "Fix double received feesharing",
        "body": "- Fix WRBTC double spending when withdrawing fees from protocol to the FeeSharingProxy which causes wrbtc stuck in the FeeSharingProxy.\r\n- Adding wrbtc withdrawal function in FeeSharingProxy to withdraw the stuck wrbtc"
    },
    {
        "projcts_name": "pooltogether_pooltogether-pool-contracts",
        "num": 16,
        "created_user": "asselstine",
        "created_at": "2020-01-03T22:27:30Z",
        "closed_at": "2020-01-20T20:43:39Z",
        "merged_at": "2020-01-20T20:43:38Z",
        "label": [],
        "comments_data": [],
        "title": "Fixed for OpenZeppelin Security issue L03",
        "body": "L03: Double spending ERC20 allowance\r\n\r\nFixed by implementing increaseAllowance and decreaseAllowance"
    },
    {
        "projcts_name": "gnosis_dex-contracts",
        "num": 166,
        "created_user": "fleupold",
        "created_at": "2019-08-14T08:43:00Z",
        "closed_at": "2019-09-06T12:13:17Z",
        "merged_at": [],
        "label": "bug",
        "comments_data": {
            "created": [
                "2019-08-14T11:05:14Z",
                "2019-08-14T11:15:43Z",
                "2019-08-14T12:24:01Z",
                "2019-08-14T13:33:30Z",
                "2019-08-14T13:41:09Z",
                "2019-08-14T13:45:35Z",
                "2019-08-14T13:49:42Z",
                "2019-08-14T14:31:20Z",
                "2019-08-14T15:17:55Z",
                "2019-09-02T15:41:57Z",
                "2019-09-04T08:01:16Z",
                "2019-09-04T10:37:14Z",
                "2019-09-04T11:13:00Z",
                "2019-09-04T12:32:20Z"
            ],
            "user_login": [
                "josojo",
                "fleupold",
                "josojo",
                "josojo",
                "fleupold",
                "fleupold",
                "fleupold",
                "josojo",
                "josojo",
                "koeppelmann",
                "josojo",
                "fleupold",
                "josojo",
                "fleupold"
            ]
        },
        "title": "[EpochTokenLocker] Should not be able to withdraw in next batch",
        "body": "Currently we allow to perform the withdraw in the batch following the one it was requested.\r\n\r\nhttps://github.com/gnosis/dex-contracts/blob/a1482139baa56cec49be0101142c716fc78acd43/contracts/EpochTokenLocker.sol#L73\r\n\r\nHowever, this would mean we could withdraw balance as soon as the first (and not necessarily the best) solution has been submitted. The best solution might reverse our already withdrawn balance and could thus render us with a negative balance (or cause a double spend)."
    }
]