[
    {
        "projcts_name": "AcalaNetwork_Acala",
        "num": 567,
        "created_user": "xlc",
        "created_at": "2020-11-22T23:15:21Z",
        "closed_at": "2020-11-23T03:38:02Z",
        "merged_at": [],
        "label": [],
        "comments_data": [],
        "title": "module-evm-accounts: Prevent double claim",
        "body": "One account can only claim one another eth address.\r\nThe only exception is when the account is closed, which will remove the claimed eth address, and then will be able to claim another eth address."
    }
]