[
    {
        "projcts_name": "keep-network_keep-core",
        "num": 18,
        "created_user": "mhluongo",
        "created_at": "2017-12-13T12:23:08Z",
        "closed_at": "2020-04-07T15:38:34Z",
        "merged_at": [],
        "label": "\ud83d\udd12security",
        "comments_data": {
            "created": [
                "2020-04-07T15:38:34Z"
            ],
            "user_login": [
                "Shadowfiend"
            ]
        },
        "title": "Bundle or remove dynamic dependencies",
        "body": "As found in #17, dynamic dependencies required by the BLS implementation make builds and end-user deploys a PITA.\r\n\r\nIn particular, https://github.com/dfinity/go-dfinity-crypto/ depends on https://github.com/dfinity/bn, which is intended to be installed or included pre-built as a dynamic lib.\r\n\r\nWe need to either get to a single static executable, or package the client up with any dependencies in a platform-specific way for at least macOS and reasonable Debians."
    }
]