[
    {
        "projcts_name": "liquity_dev",
        "num": 189,
        "created_user": "bojan-liquity",
        "created_at": "2020-12-12T13:58:11Z",
        "closed_at": "2021-01-07T22:34:27Z",
        "merged_at": [],
        "label": "audit",
        "comments_data": [],
        "title": "TOB-LQT-008: Permit opens the door for griefing contracts that interact with the Liquity Protocol",
        "body": "<img width=\"600\" alt=\"Screenshot 2020-12-11 at 18 32 03\" src=\"https://i.imgur.com/PpUxTqu.png\">\r\n\r\n### Description\r\nThe permit function can be front-run to break the workflow from third-party smart\r\ncontracts.\r\n\r\nThe Liquity ERC20 contracts implements permit, which allows the allowance of a user to be\r\nchanged based on a signature check using `ecrecover`:\r\n\r\n<img width=\"638\" alt=\"Screenshot 2020-12-11 at 18 30 25\" src=\"https://i.imgur.com/bqRDdUW.png\">\r\n\r\nWhile this function is correctly implemented in terms of functionality, there is a potential\r\nsecurity issue users must be aware of when developing contracts to interact with Liquity\r\ntokens:\r\n\r\n<img width=\"638\" alt=\"Screenshot 2020-12-11 at 18 30 25\" src=\"https://i.imgur.com/a4TRQDh.png\">\r\n\r\n### Exploit Scenario\r\nAlice develops a smart contract that leverages permit to perform a `transferFrom` of LUSD\r\nwithout requiring a user to call approve first. Eve monitors the blockchain and notices this\r\ncall to permit. She observes the signature and replays it to front-run her call, which\r\nproduces a revert in Alice\u2019s contract and halts its expected execution.\r\n\r\n### Recommendation\r\nShort term, properly document the possibility of griefing permit calls to warn users\r\ninteracting with Liquity tokens. This will allow users to anticipate this possibility and\r\ndevelop alternate workflows in case they are targeted by it.\r\n\r\nLong term, carefully monitor the blockchain to detect front-running attempts.\r\n\r\n\r\n"
    },
    {
        "projcts_name": "Loopring_protocols",
        "num": 2075,
        "created_user": "Brechtpd",
        "created_at": "2020-12-06T00:12:41Z",
        "closed_at": "2020-12-08T18:14:43Z",
        "merged_at": "2020-12-08T18:14:43Z",
        "label": [],
        "comments_data": [],
        "title": "[protocol-36+AMM] Added L2 signature verification transaction",
        "body": "#2074 \r\n\r\n- Signature verification circuit only checks the signature. It does not contain any other logic like replay protection (possible by e.g. incrementing the nonce) or a `validUntil` to limit the signature in time. Like with all other signatures, this needs to be done elsewhere.\r\n- EdDSA signatures are enable in the pool by using a special signature type value (last byte of a signature is always the signature type). This is used instead of passing extra data members on-chain which would have the same purpose. Added benefit is that the AMM pool is 100% backward compatible (no data structures are changed + the same input/transactions are still valid in this new version)."
    },
    {
        "projcts_name": "Loopring_protocols",
        "num": 1703,
        "created_user": "Brechtpd",
        "created_at": "2020-09-05T16:53:16Z",
        "closed_at": "2020-09-08T02:50:08Z",
        "merged_at": "2020-09-08T02:50:07Z",
        "label": [],
        "comments_data": [],
        "title": "[protocol 3.6] Use storageIDs for withdrawals + Store recipient option",
        "body": "#1238\r\n#1692\r\n\r\nIf a recipient is stored for a withdrawal, it's currently not possible to ever set the value back to 0 to get the gas refund. This is so that we can always depend on it as replay protection. \r\n\r\nWe could store some extra timestamp (in the same 32 bytes so no extra cost there), like the signature `validUntil` value, and then allowi the data to be reset back to 0 when e.g. that timestamp > now, so that we are sure the value is there for replay protection as long as needed. But then it acts more like a gas token, so will have to have logic to reset that specific value when doing other gas expensive work onchain. This will always have some overhead, so in the best case we could probably still get a ~10,000 gas refund this way when this would be possible, but the relayer will have to keep track of all of this and then call the correct function with the correct data to get the refund when it makes sense."
    },
    {
        "projcts_name": "Loopring_protocols",
        "num": 540,
        "created_user": "Brechtpd",
        "created_at": "2019-09-29T03:19:22Z",
        "closed_at": "2019-10-09T18:43:46Z",
        "merged_at": null,
        "label": [],
        "comments_data": {
            "created": [
                "2019-09-29T15:48:33Z",
                "2019-09-29T16:22:13Z",
                "2019-09-29T17:47:28Z",
                "2019-09-30T02:02:01Z",
                "2019-09-30T05:14:06Z",
                "2019-09-30T22:19:41Z",
                "2019-10-01T17:21:28Z",
                "2019-10-01T23:25:02Z",
                "2019-10-02T01:14:51Z",
                "2019-10-02T03:27:18Z",
                "2019-10-09T18:43:45Z"
            ],
            "user_login": [
                "dong77",
                "dong77",
                "Brechtpd",
                "dong77",
                "Brechtpd",
                "Brechtpd",
                "dong77",
                "Brechtpd",
                "dong77",
                "Brechtpd",
                "dong77"
            ]
        },
        "title": "[Protocol3] WIP:  Generic Extension for Request Validation (GERV)  to enable features such as Fast withdrawals",
        "body": "Continuation of #318 with quite some changes.\r\n\r\nUntested with many mistakes no doubt. Only here to show the high-level design.\r\n\r\nThe current design:\r\n- Uses the internal token transfer circuit with no significant changes and practically no additional constraint cost. There is an additional cost gas cost for every conditional transfer included in a block, but no additional overhead for normal internal transfers.\r\n- Complete freedom for when/in what order the conditional transfers are included in a block. There is no queue.\r\n- Allows tokens tokens to be transferred to an account, while a fee can be paid using on-chain balances (could be any Ethereum address) or off-chain balances (always the operator).\r\n- All data to include a conditional transfer in a block is on-chain, it does not depend on any off-chain signed data. It does not depend in any way on the nonce of the account stored in the Merkle tree.\r\n\r\nTo keep the circuits costs the same we use the data already available on-chain for data availability, with 1 additional byte/transfer that stores the transfer `type`. We have 2 types of transfers:\r\n- Type 0: The transfer has a valid EdDSA signature. If this is the case this is a normal internal transfer.\r\n- Type 1:  The transfer has no valid EdDSA signature. This is a conditional transfer and a block with a transfer like this can only be included when the transfer was approved on-chain. This is checked using the data availability data of the transfer (i.e. the result of the transfer, which is all that matters) and the salt value (only necessary so that multiple conditional transfers can be approved on-chain with the same data-availability data. For example a user may transfer 1ETH 10 times to the same address. Without the salt all these conditional transfers would be exactly the same which the smart contracts disallow (to prevent replay attacks). The salt is used to make the transfer unique, a timestamp can be used for example).\r\n\r\nThe internal transfer circuit only needs some very small changes:\r\n- Add a `type` byte in the data-availability of the transfer.\r\n- Instead of requiring the signature to be valid, the signature can be invalid. In that case the `type` byte is set to 1, if the signature is valid `type` it is set to 0.\r\n- If `type == 1` we don't increment the nonce (this change is not necessary for the design, but makes the most sense)\r\n\r\nThat's it. For the no data-availability version we still need to send the data-availabiltiy data on-chain, but the data of the normal transfers can be zeroed out so save gas (and all conditional transfers could be done at the start of the block, so the data will end with only zeros which can easily be compressed away).\r\n\r\nA mechanism with an EdDSA request/signature for fast withdrawals is also possible, but this method is more limited (nonces, no immediate authorization on-chain so we are limited in what we can do, no on-chain fee payments for example, ...) and is more expensive in the circuits (additional data for the condition hashes would need to be hashed with sha256, and because hashes are big this would be quite expensive). It could save some gas on-chain, but I think it's not worth it because of the reduced flexibility. Supporting both methods would increase the complexity and increase costs for both.\r\n\r\nI think this design has a nice balance between complexity, flexibility, and cost. But I change my mind almost everyday on how to do this so any feedback welcome!\r\n\r\n"
    }
]