[
    {
        "projcts_name": "Loopring_protocols",
        "num": 2388,
        "created_user": "dependabot-preview[bot]",
        "created_at": "2021-04-30T21:32:30Z",
        "closed_at": "2021-05-07T05:55:41Z",
        "merged_at": null,
        "label": "dependencies",
        "comments_data": {
            "created": [
                "2021-05-07T05:55:42Z"
            ],
            "user_login": [
                "dependabot-preview[bot]"
            ]
        },
        "title": "Bump truffle from 5.1.57 to 5.3.4",
        "body": "Bumps [truffle](https://github.com/trufflesuite/truffle) from 5.1.57 to 5.3.4.\n<details>\n<summary>Release notes</summary>\n<p><em>Sourced from <a href=\"https://github.com/trufflesuite/truffle/releases\">truffle's releases</a>.</em></p>\n<blockquote>\n<h2>v5.3.4 \u2013\u00a0Quintal Blue Moon Ice cream \ud83c\udf1c\ud83c\udf66</h2>\n<p>Hey hey friends! Got another Truffle treat for you!</p>\n<p>With this release Truffle has experimental support for compiling and debugging <a href=\"https://docs.soliditylang.org/en/v0.8.4/yul.html\">Yul</a>. For those of you unfamiliar, Yul is Solidity's structured assembly language. Yul sources can be included in your project with the <code>.yul</code> extension. Remember this is <strong>experimental</strong> and there may still be warts! \ud83d\udc38</p>\n<p>We'd also like to bring your attention to a bug fix for <code>truffle debug --fetch-external</code> when used with <a href=\"https://github.com/ethereum/sourcify\">Sourcify</a>. The rest of the release includes two internal improvements and a dependency update. Special thanks to <a href=\"https://github.com/jwendell\"><code>@\u200bjwendell</code></a> for assistance on the latter! :fist_right: :fist_left:</p>\n<p>Check the changelog below for details, and stay tuned for next week! Thanks everyone! \ud83d\ude47</p>\n<h2>How to upgrade</h2>\n<p>We recommend upgrading to the latest version of Truffle by running:</p>\n<pre><code>npm uninstall -g truffle\nnpm install -g truffle\n</code></pre>\n<h2>Changelog</h2>\n<h3>Enhancements</h3>\n<ul>\n<li>Add experimental support for Yul compilation (<a href=\"https://github-redirect.dependabot.com/trufflesuite/truffle/pull/3920\">#3920</a> by <a href=\"https://github.com/haltman-at\"><code>@\u200bhaltman-at</code></a>)</li>\n</ul>\n<h3>Bug fixes</h3>\n<ul>\n<li>Fix sourcify support in source-fetcher (<a href=\"https://github-redirect.dependabot.com/trufflesuite/truffle/pull/4005\">#4005</a> by <a href=\"https://github.com/haltman-at\"><code>@\u200bhaltman-at</code></a>)</li>\n</ul>\n<h3>Internal improvements</h3>\n<ul>\n<li>Update README to clarify what to PR against (<a href=\"https://github-redirect.dependabot.com/trufflesuite/truffle/pull/4002\">#4002</a> by <a href=\"https://github.com/haltman-at\"><code>@\u200bhaltman-at</code></a>)</li>\n<li>Replace request library with axios (<a href=\"https://github-redirect.dependabot.com/trufflesuite/truffle/pull/3997\">#3997</a> by <a href=\"https://github.com/eggplantzzz\"><code>@\u200beggplantzzz</code></a>)</li>\n</ul>\n<h3>Dependency updates</h3>\n<ul>\n<li>Upgrade browserify to v17.0.0 and exorcist to v2.0.0 (<a href=\"https://github-redirect.dependabot.com/trufflesuite/truffle/pull/4003\">#4003</a> by <a href=\"https://github.com/jwendell\"><code>@\u200bjwendell</code></a>)</li>\n</ul>\n<h2>v5.3.3 \u2013\u00a0Triple berry pie \ud83e\uded0</h2>\n<p>Howdy everyone! Got another fresh Truffle release for you all today. \ud83e\udd67</p>\n<p>To get started, probably the biggest piece of this week's release is our improved support for <a href=\"https://eips.ethereum.org/EIPS/eip-155\">EIP-155</a>, which prevents cross-chain replay attacks. For those of you who have been following, Geth recently began requiring all transactions to be EIP-155 compliant, which exposed some incompatibilities for Truffle. We're still working through the finer points of this issue, but now you can use <code>@\u200btruffle/hdwallet-provider</code> with all the normal public networks with no problem (thank you <a href=\"https://github.com/eggplantzzz\"><code>@\u200beggplantzzz</code></a> for your grueling efforts nailing this down!)</p>\n<p>As far as the rest of this release, we have a number of other bug fixes and some internal improvements, including a fix to the (deprecated) <code>truffle watch</code> command, and the beginnings of our support for <a href=\"https://blog.soliditylang.org/2021/04/21/custom-errors/\">Solidity v0.8.4's new custom Error objects</a>! Custom errors won't be fully supported yet, but we're working hard to make this amazing new Solidity feature a first-class citizen of Truffle.</p>\n<p>Besides the above, props to <a href=\"https://github.com/haltman-at\"><code>@\u200bhaltman-at</code></a> and everyone who reported issues with compilation; this has been quite elusive and we're pleased to see the community come together to help fix the problem. We've also improved support for importing contracts from non-Truffle projects, such as Uniswap.</p>\n<p>Check the changelog below for details, and stay tuned for next week! Thanks everyone! \ud83d\ude47</p>\n<h2>How to upgrade</h2>\n<!-- raw HTML omitted -->\n</blockquote>\n<p>... (truncated)</p>\n</details>\n<details>\n<summary>Commits</summary>\n<ul>\n<li><a href=\"https://github.com/trufflesuite/truffle/commit/0ccf74f964a7f528405a6d8e5ce3942238190614\"><code>0ccf74f</code></a> Publish</li>\n<li><a href=\"https://github.com/trufflesuite/truffle/commit/e9e4643dec388d8dfa5e759ad330d5e58a966e1e\"><code>e9e4643</code></a> Merge pull request <a href=\"https://github-redirect.dependabot.com/trufflesuite/truffle/issues/3997\">#3997</a> from trufflesuite/remove-request</li>\n<li><a href=\"https://github.com/trufflesuite/truffle/commit/0d4b4a7ed2813f4e9d90bc6613e01e26a7cf042e\"><code>0d4b4a7</code></a> Merge pull request <a href=\"https://github-redirect.dependabot.com/trufflesuite/truffle/issues/3920\">#3920</a> from trufflesuite/compile-yul</li>\n<li><a href=\"https://github.com/trufflesuite/truffle/commit/844d694510fa0599e1df33845495fdfc8ce484d1\"><code>844d694</code></a> Merge in develop branch</li>\n<li><a href=\"https://github.com/trufflesuite/truffle/commit/a505f7dd13fa1e19fa1fb60e326df0d5f3eb4b4e\"><code>a505f7d</code></a> Change response type to 'text'</li>\n<li><a href=\"https://github.com/trufflesuite/truffle/commit/01ebdeb8020b5c57730b435a54a2785ffebd0887\"><code>01ebdeb</code></a> Remove request-promise-native, install <code>@\u200btypes/node</code>, and implement axios for s...</li>\n<li><a href=\"https://github.com/trufflesuite/truffle/commit/0d01ec1cfc1d73edad377de3b78a8d6f04ec11dd\"><code>0d01ec1</code></a> Implement axios for requests in etherscan strategy for source-fetcher</li>\n<li><a href=\"https://github.com/trufflesuite/truffle/commit/9eff5427d9ec9005f5d2573decbf9bea998bc0d6\"><code>9eff542</code></a> Factor out Yul compilation into its own function</li>\n<li><a href=\"https://github.com/trufflesuite/truffle/commit/b34006e33b0e588c18c5d5de05655e4c08d1414f\"><code>b34006e</code></a> Merge pull request <a href=\"https://github-redirect.dependabot.com/trufflesuite/truffle/issues/4005\">#4005</a> from trufflesuite/update-sourcify</li>\n<li><a href=\"https://github.com/trufflesuite/truffle/commit/47b34fc70ce2f6721f57319ecbfdb54ad46cf97d\"><code>47b34fc</code></a> Fix sourcify support in source-fetcher</li>\n<li>Additional commits viewable in <a href=\"https://github.com/trufflesuite/truffle/compare/truffle@5.1.57...truffle@5.3.4\">compare view</a></li>\n</ul>\n</details>\n<details>\n<summary>Maintainer changes</summary>\n<p>This version was pushed to npm by <a href=\"https://www.npmjs.com/~cds-amal\">cds-amal</a>, a new releaser for truffle since your current version.</p>\n</details>\n<br />\n\n\n[![Dependabot compatibility score](https://api.dependabot.com/badges/compatibility_score?dependency-name=truffle&package-manager=npm_and_yarn&previous-version=5.1.57&new-version=5.3.4)](https://dependabot.com/compatibility-score/?dependency-name=truffle&package-manager=npm_and_yarn&previous-version=5.1.57&new-version=5.3.4)\n\nDependabot will resolve any conflicts with this PR as long as you don't alter it yourself. You can also trigger a rebase manually by commenting `@dependabot rebase`.\n\n[//]: # (dependabot-automerge-start)\n[//]: # (dependabot-automerge-end)\n\n---\n\n**Note:** This repo was added to Dependabot recently, so you'll receive a maximum of 5 PRs for your first few update runs. Once an update run creates fewer than 5 PRs we'll remove that limit.\n\nYou can always request more updates by clicking `Bump now` in your [Dependabot dashboard](https://app.dependabot.com).\n\n<details>\n<summary>Dependabot commands and options</summary>\n<br />\n\nYou can trigger Dependabot actions by commenting on this PR:\n- `@dependabot rebase` will rebase this PR\n- `@dependabot recreate` will recreate this PR, overwriting any edits that have been made to it\n- `@dependabot merge` will merge this PR after your CI passes on it\n- `@dependabot squash and merge` will squash and merge this PR after your CI passes on it\n- `@dependabot cancel merge` will cancel a previously requested merge and block automerging\n- `@dependabot reopen` will reopen this PR if it is closed\n- `@dependabot close` will close this PR and stop Dependabot recreating it. You can achieve the same result by closing it manually\n- `@dependabot ignore this major version` will close this PR and stop Dependabot creating any more for this major version (unless you reopen the PR or upgrade to it yourself)\n- `@dependabot ignore this minor version` will close this PR and stop Dependabot creating any more for this minor version (unless you reopen the PR or upgrade to it yourself)\n- `@dependabot ignore this dependency` will close this PR and stop Dependabot creating any more for this dependency (unless you reopen the PR or upgrade to it yourself)\n- `@dependabot use these labels` will set the current labels as the default for future PRs for this repo and language\n- `@dependabot use these reviewers` will set the current reviewers as the default for future PRs for this repo and language\n- `@dependabot use these assignees` will set the current assignees as the default for future PRs for this repo and language\n- `@dependabot use this milestone` will set the current milestone as the default for future PRs for this repo and language\n- `@dependabot badge me` will comment on this PR with code to add a \"Dependabot enabled\" badge to your readme\n\nAdditionally, you can set the following in your Dependabot [dashboard](https://app.dependabot.com):\n- Update frequency (including time of day and day of week)\n- Pull request limits (per update run and/or open at any time)\n- Out-of-range updates (receive only lockfile updates, if desired)\n- Security updates (receive only security updates, if desired)\n\n\n\n</details>"
    },
    {
        "projcts_name": "Loopring_protocols",
        "num": 2376,
        "created_user": "dependabot-preview[bot]",
        "created_at": "2021-04-28T00:13:36Z",
        "closed_at": "2021-04-30T21:32:33Z",
        "merged_at": null,
        "label": "dependencies",
        "comments_data": {
            "created": [
                "2021-04-30T21:32:32Z"
            ],
            "user_login": [
                "dependabot-preview[bot]"
            ]
        },
        "title": "Bump truffle from 5.1.57 to 5.3.3",
        "body": "Bumps [truffle](https://github.com/trufflesuite/truffle) from 5.1.57 to 5.3.3.\n<details>\n<summary>Release notes</summary>\n<p><em>Sourced from <a href=\"https://github.com/trufflesuite/truffle/releases\">truffle's releases</a>.</em></p>\n<blockquote>\n<h2>v5.3.3 \u2013\u00a0Triple berry pie \ud83e\uded0</h2>\n<p>Howdy everyone! Got another fresh Truffle release for you all today. \ud83e\udd67</p>\n<p>To get started, probably the biggest piece of this week's release is our improved support for <a href=\"https://eips.ethereum.org/EIPS/eip-155\">EIP-155</a>, which prevents cross-chain replay attacks. For those of you who have been following, Geth recently began requiring all transactions to be EIP-155 compliant, which exposed some incompatibilities for Truffle. We're still working through the finer points of this issue, but now you can use <code>@\u200btruffle/hdwallet-provider</code> with all the normal public networks with no problem (thank you <a href=\"https://github.com/eggplantzzz\"><code>@\u200beggplantzzz</code></a> for your grueling efforts nailing this down!)</p>\n<p>As far as the rest of this release, we have a number of other bug fixes and some internal improvements, including a fix to the (deprecated) <code>truffle watch</code> command, and the beginnings of our support for <a href=\"https://blog.soliditylang.org/2021/04/21/custom-errors/\">Solidity v0.8.4's new custom Error objects</a>! Custom errors won't be fully supported yet, but we're working hard to make this amazing new Solidity feature a first-class citizen of Truffle.</p>\n<p>Besides the above, props to <a href=\"https://github.com/haltman-at\"><code>@\u200bhaltman-at</code></a> and everyone who reported issues with compilation; this has been quite elusive and we're pleased to see the community come together to help fix the problem. We've also improved support for importing contracts from non-Truffle projects, such as Uniswap.</p>\n<p>Check the changelog below for details, and stay tuned for next week! Thanks everyone! \ud83d\ude47</p>\n<h2>How to upgrade</h2>\n<p>We recommend upgrading to the latest version of Truffle by running:</p>\n<pre><code>npm uninstall -g truffle\nnpm install -g truffle\n</code></pre>\n<h2>Changelog</h2>\n<h3>Bug fixes</h3>\n<ul>\n<li>Fix watch command (<a href=\"https://github-redirect.dependabot.com/trufflesuite/truffle/pull/3990\">#3990</a> by <a href=\"https://github.com/eggplantzzz\"><code>@\u200beggplantzzz</code></a>)</li>\n<li>Support EIP-155 for public networks in <code>@\u200btruffle/hdwallet-provider</code> (<a href=\"https://github-redirect.dependabot.com/trufflesuite/truffle/pull/3969\">#3969</a> by <a href=\"https://github.com/eggplantzzz\"><code>@\u200beggplantzzz</code></a>)</li>\n<li>Skip import processing for sources that don't exist (<a href=\"https://github-redirect.dependabot.com/trufflesuite/truffle/pull/3984\">#3984</a> by <a href=\"https://github.com/haltman-at\"><code>@\u200bhaltman-at</code></a>)</li>\n</ul>\n<h3>Enhancements</h3>\n<ul>\n<li>Look inside &quot;build&quot; folder when resolving artifacts (<a href=\"https://github-redirect.dependabot.com/trufflesuite/truffle/pull/3973\">#3973</a> by <a href=\"https://github.com/eggplantzzz\"><code>@\u200beggplantzzz</code></a>)</li>\n</ul>\n<h3>Internal improvements</h3>\n<ul>\n<li>Support Solidity v0.8.4 in <code>@\u200btruffle/contract-schema</code> and <code>@\u200btruffle/abi-utils</code> (i.e. add error type) (<a href=\"https://github-redirect.dependabot.com/trufflesuite/truffle/pull/3994\">#3994</a> by <a href=\"https://github.com/haltman-at\"><code>@\u200bhaltman-at</code></a>)</li>\n</ul>\n<h3>Dependency updates</h3>\n<ul>\n<li>Update highlightjs-solidity to 1.0.22 (Update syntax highlighting for Solidity 0.8.4) (<a href=\"https://github-redirect.dependabot.com/trufflesuite/truffle/pull/3995\">#3995</a> by <a href=\"https://github.com/haltman-at\"><code>@\u200bhaltman-at</code></a>)</li>\n<li>Bump solc to 0.6.0 in contract-schema (<a href=\"https://github-redirect.dependabot.com/trufflesuite/truffle/pull/3975\">#3975</a> by <a href=\"https://github.com/eggplantzzz\"><code>@\u200beggplantzzz</code></a>)</li>\n<li>Bump TypeScript to ^4.1.4 (<a href=\"https://github-redirect.dependabot.com/trufflesuite/truffle/pull/3985\">#3985</a> by <a href=\"https://github.com/eggplantzzz\"><code>@\u200beggplantzzz</code></a>)</li>\n</ul>\n<h2>v5.3.2 \u2013\u00a0Basbousa (Semolina sweet cake)</h2>\n<p>Hello again! This week we have a small release with a couple of bug fixes and an internal improvement. At some point a bug was introduced that broke <code>truffle develop</code>'s <code>--log</code> option \ud83d\ude31. Thankfully <a href=\"https://github.com/eggplantzzz\"><code>@\u200beggplantzzz</code></a> (and possibly Brak) swooped in for the save! :muscle: Additionally <a href=\"https://github.com/haltman-at\"><code>@\u200bhaltman-at</code></a> added improved error handling for <code>truffle debug --fetch-external</code>. Hooray!</p>\n<p>Happy coding  y'all! :heart:</p>\n<h2>How to upgrade</h2>\n<!-- raw HTML omitted -->\n</blockquote>\n<p>... (truncated)</p>\n</details>\n<details>\n<summary>Commits</summary>\n<ul>\n<li><a href=\"https://github.com/trufflesuite/truffle/commit/9b5c8f332137429c8fd3801a1e605cf634517ba8\"><code>9b5c8f3</code></a> Publish</li>\n<li><a href=\"https://github.com/trufflesuite/truffle/commit/f10e97bcd311ed45743a8eec2b653aa40fcd3f73\"><code>f10e97b</code></a> Merge pull request <a href=\"https://github-redirect.dependabot.com/trufflesuite/truffle/issues/3990\">#3990</a> from trufflesuite/fix/watch</li>\n<li><a href=\"https://github.com/trufflesuite/truffle/commit/c44c8d402e4854c2f5aa9b46afa9ca3a928b4aaa\"><code>c44c8d4</code></a> Merge pull request <a href=\"https://github-redirect.dependabot.com/trufflesuite/truffle/issues/3995\">#3995</a> from trufflesuite/syntax-084</li>\n<li><a href=\"https://github.com/trufflesuite/truffle/commit/ae80c279da90f723eeeb394f3f75eaa56bd1a29f\"><code>ae80c27</code></a> Merge pull request <a href=\"https://github-redirect.dependabot.com/trufflesuite/truffle/issues/3994\">#3994</a> from trufflesuite/initial-084-work</li>\n<li><a href=\"https://github.com/trufflesuite/truffle/commit/df0cbca5c18969b5402787abc178a14df8b46c92\"><code>df0cbca</code></a> Remove accidentally copied describe block</li>\n<li><a href=\"https://github.com/trufflesuite/truffle/commit/9097ea0658d6606d7e9960e88a717bbb8c41e52f\"><code>9097ea0</code></a> Update syntax highlighting for Solidity 0.8.4</li>\n<li><a href=\"https://github.com/trufflesuite/truffle/commit/e6ab91305afd2e1a7038e0366a4026ffe74ab05b\"><code>e6ab913</code></a> Add tests of error ABI to abi-utils</li>\n<li><a href=\"https://github.com/trufflesuite/truffle/commit/89d1ff5bca9b70bb468a1c13908bdc7b95ba3a71\"><code>89d1ff5</code></a> Add tests of error ABI to contract-schema</li>\n<li><a href=\"https://github.com/trufflesuite/truffle/commit/13f9e7ba3c332a628a795d9688b507c16ca8ad20\"><code>13f9e7b</code></a> Bring constructor inputs in line with other inputs</li>\n<li><a href=\"https://github.com/trufflesuite/truffle/commit/5ded460bf5163b0ba068a5f554366c1aef84c7b7\"><code>5ded460</code></a> Update arbitraries to include errors for 0.8.4</li>\n<li>Additional commits viewable in <a href=\"https://github.com/trufflesuite/truffle/compare/truffle@5.1.57...truffle@5.3.3\">compare view</a></li>\n</ul>\n</details>\n<br />\n\n\n[![Dependabot compatibility score](https://api.dependabot.com/badges/compatibility_score?dependency-name=truffle&package-manager=npm_and_yarn&previous-version=5.1.57&new-version=5.3.3)](https://dependabot.com/compatibility-score/?dependency-name=truffle&package-manager=npm_and_yarn&previous-version=5.1.57&new-version=5.3.3)\n\nDependabot will resolve any conflicts with this PR as long as you don't alter it yourself. You can also trigger a rebase manually by commenting `@dependabot rebase`.\n\n[//]: # (dependabot-automerge-start)\n[//]: # (dependabot-automerge-end)\n\n---\n\n**Note:** This repo was added to Dependabot recently, so you'll receive a maximum of 5 PRs for your first few update runs. Once an update run creates fewer than 5 PRs we'll remove that limit.\n\nYou can always request more updates by clicking `Bump now` in your [Dependabot dashboard](https://app.dependabot.com).\n\n<details>\n<summary>Dependabot commands and options</summary>\n<br />\n\nYou can trigger Dependabot actions by commenting on this PR:\n- `@dependabot rebase` will rebase this PR\n- `@dependabot recreate` will recreate this PR, overwriting any edits that have been made to it\n- `@dependabot merge` will merge this PR after your CI passes on it\n- `@dependabot squash and merge` will squash and merge this PR after your CI passes on it\n- `@dependabot cancel merge` will cancel a previously requested merge and block automerging\n- `@dependabot reopen` will reopen this PR if it is closed\n- `@dependabot close` will close this PR and stop Dependabot recreating it. You can achieve the same result by closing it manually\n- `@dependabot ignore this major version` will close this PR and stop Dependabot creating any more for this major version (unless you reopen the PR or upgrade to it yourself)\n- `@dependabot ignore this minor version` will close this PR and stop Dependabot creating any more for this minor version (unless you reopen the PR or upgrade to it yourself)\n- `@dependabot ignore this dependency` will close this PR and stop Dependabot creating any more for this dependency (unless you reopen the PR or upgrade to it yourself)\n- `@dependabot use these labels` will set the current labels as the default for future PRs for this repo and language\n- `@dependabot use these reviewers` will set the current reviewers as the default for future PRs for this repo and language\n- `@dependabot use these assignees` will set the current assignees as the default for future PRs for this repo and language\n- `@dependabot use this milestone` will set the current milestone as the default for future PRs for this repo and language\n- `@dependabot badge me` will comment on this PR with code to add a \"Dependabot enabled\" badge to your readme\n\nAdditionally, you can set the following in your Dependabot [dashboard](https://app.dependabot.com):\n- Update frequency (including time of day and day of week)\n- Pull request limits (per update run and/or open at any time)\n- Out-of-range updates (receive only lockfile updates, if desired)\n- Security updates (receive only security updates, if desired)\n\n\n\n</details>"
    }
]