[
    {
        "projcts_name": "Loopring_protocols",
        "num": 1468,
        "created_user": "dong77",
        "created_at": "2020-07-22T14:15:26Z",
        "closed_at": "2020-07-24T13:19:55Z",
        "merged_at": [],
        "label": "discussion",
        "comments_data": {
            "created": [
                "2020-07-22T14:26:32Z",
                "2020-07-22T14:41:12Z",
                "2020-07-22T14:55:32Z",
                "2020-07-22T18:09:56Z",
                "2020-07-23T02:45:14Z"
            ],
            "user_login": [
                "Brechtpd",
                "Brechtpd",
                "dong77",
                "Brechtpd",
                "dong77"
            ]
        },
        "title": "\u8def\u5370\u534f\u8bae3.6\u8bbe\u8ba1\u5185\u90e8\u53cd\u9988 / Internal feedbacks and discussions regarding 3.6",
        "body": "\u53cd\u9988\u5982\u4e0b\uff1a\r\nThe following feedbacks regarding Protoco 3.6's design and implementation are collected:\r\n\r\n## 1. \u9632\u6b62Spam/Account Spam Protection\r\n\r\n### \u6311\u6218/Challange\r\n\r\n\u4e00\u4e2a\u7528\u6237\u53ef\u4ee5\u7ed9\u65e0\u9650\u591a\u4e2a\u672a\u6ce8\u518c\u7684\u5730\u5740\u5c0f\u989d\u8f6c\u8d26\uff0c\u6bd4\u59820.1\u4e2aLRC\uff0c\u800c\u51e0\u4e4e\u65e0\u9700\u4ed8\u8d39\u3002\u8fd9\u79cd\u60c5\u51b5\u4e0b\uff0c1600\u4e07\u8d26\u6237\u4e5f\u53ef\u80fd\u5f88\u5feb\u7528\u5149\u3002\u5982\u4f55\u9632\u6b62\u8fd9\u79cd\u653b\u51fb\uff1f\r\n\r\nEvil users may transfer tiny amounts of tokens to many new addresses using EdDSA signatures. How can we prevent this from happening so our account nodes are not wasted due to Sybil attacks?\r\n\r\n### \u65b9\u6848/Solution\r\n\r\n\u6211\u4eec\u9700\u8981\u786e\u4fdd\u6bcf\u4e2aoffchain\u8bf7\u6c42\u90fd\u652f\u6301\u8d39\u7528\uff0c\u5982\u679c\u8bf7\u6c42\u7684\u7ed3\u679c\u662f\u4e00\u4e2a\u65b0\u7684\u8d26\u6237node\u88ab\u5360\u7528\uff0c\u6211\u4eec\u5c31\u8981\u5bf9\u8fd9\u4e2a\u8bf7\u6c42\u6536\u8d39\u7528\u3002\u6216\u8005\u5982\u679coffchain\u8bf7\u6c42\u4e0d\u652f\u6301\u8d39\u7528\u8bbe\u7f6e\uff0c\u90a3\u4e48\u5bf9\u4e8e\u90a3\u4e9b\u9020\u6210\u65b0\u8d26\u53f7\u88ab\u5360\u7528\u7684\u8bf7\u6c42\uff0c\u4e2d\u7ee7\u5c31\u8981\u62d2\u7edd\u670d\u52a1\u3002\r\n\r\nWe need to make sure all types of offchain requests support fee settings, so if a request ends up with a new account node being used, we will charge some fees; if the fee is too small, the relayer will reject the request. If a request type does not support fees, the relayer will reject all the requests of such types that consume account nodes.\r\n\r\n\r\n\r\n### \u8865\u5145\u8bf4\u660e/Other Info\r\n\r\nzkSync\u2018s account space is 2^24. And it only allows two scenarios to create a new account. One is through deposit, another is transfer_to_new.\r\n\r\n### UPDATE\r\nWe will use 32 bits as accountID so we will support over 4 billion users eventually. See https://github.com/Loopring/protocols/issues/1463\r\n\r\n\r\n## 2. \u6240\u6709offchain\u8bf7\u6c42\u90fd\u9700\u8981\u589e\u52a0validUntil / Applying `validUntil` to all offchain requests\r\n\r\nsee https://github.com/Loopring/protocols/issues/1209\r\n\r\n## 3. \u9700\u6c42\u4e0a\u662f\u5426\u8003\u8651\u5728\u63d0\u73b0\u4e2d\u652f\u6301\u591a\u79cdtoken\u4e00\u6b21\u7b7e\u540d / Allow force withdraw multiple tokens using one layer1 tx\r\n\r\nSee https://github.com/Loopring/protocols/issues/1251 and https://github.com/Loopring/protocols/pull/1466\r\n\r\n### UPDATE\r\nThe feature is not supposed to be used by users, we decided to do nothing.\r\n\r\n## 4. \u652f\u6301\u8ba2\u5355\u4e2d\u7684amountS\u6216amountB\u53ef\u4ee5\u7b49\u4e8e0 / Support amountS/amountB to be 0\r\n\r\n\u5982\u679c\u7528trade\u6765\u53d1\u7ea2\u5305\uff0c\u6211\u4eec\u5e0c\u671b\u8ba2\u5355\u91cc\u9762\u53ef\u4ee5\u652f\u6301amountB/amountS\u7684\u4e00\u4e2a\u4e3a0\uff0c\u6216\u8005\u90fd\u4e3a0\u3002\u6211\u4eec\u8fd8\u5e0c\u671b\u5982\u679c\u4e00\u4e2a\u8ba2\u5355\u7684amountB\u662f0\uff0c\u90a3\u4e48\u8be5\u8ba2\u5355\u65e0\u9700owner\u7684\u7b7e\u540d\u5c31\u53ef\u4ee5\u751f\u6548\uff0c\u4e14\u8be5\u8ba2\u5355\u7684orderID\u4e5f\u5fc5\u987b\u662f0\uff0c\u5e76\u4e14\u4e0d\u6539\u53d8\u4efb\u4f55\u4ea4\u6613\u5386\u53f2\u3002\r\n\r\nWe hope the amountB/amountS in orders can be both zero. Then we can use one order and several trades to implement a red envelope. Removing the `amountS/B!=0` check may enable other future use cases. Besides, we also need to make sure if the `amountB == 0`, the order does not need the owner's signature, the orderID must be 0, and the tokenS's trade history won't be modified when such an order is used.\r\n \r\nSee issue: https://github.com/Loopring/protocols/issues/1467\r\n\r\n### UPDATE\r\nDecided to leave it feature as low priority\r\n\r\n## 5. tokenIndex\u5bf9\u4e2d\u7ee7\u9501\u5b9a\u8d44\u4ea7\u6709\u5f71\u54cd / tokenIndex will affect how relayer lock users assets\r\n\r\n### \u6311\u6218/Challange\r\n\r\n\u4e2d\u7ee7\u4f1a\u5bf9\u4e00\u4e9b\u8bf7\u6c42\u6309\u7167\u6570\u91cf\u9501\u5b9a\u8d44\u4ea7\uff0c\u8fd9\u90e8\u5206\u8d44\u4ea7\u5c31\u65e0\u6cd5\u901a\u8fc7\u94fe\u4e0b\u8bf7\u6c42\u88ab\u4f7f\u7528\u3002\u4f46\u662f\u5982\u679c\u9501\u5b9a\u7684\u8d44\u4ea7\u56e0\u4e3atokenIndex\u7684\u539f\u56e0\u53d8\u5f97\u4e0d\u5408\u7406\uff0c\u90a3\u4e48\u5c31\u9700\u8981\u91cd\u65b0\u8bbe\u8ba1\u9501\u5b9a\u7684\u903b\u8f91\u3002\r\n\r\nThe relayer currently locks the user's asset for orders, withdrawals, and transfers, so these locked assets are not available for new orders/withdrawals/transfers. Assume the to-be-locked amount is A, the relayer will check if the current L2 balance is >= A, if so, A is locked, and there are `balance - A` available. But if the deposit contract takes a big loss and the token index becomes much smaller, the already locked amount A may become invalid, as the actual L2 balance may now < A.\r\n\r\n### \u65b9\u6848/Solution\r\n\r\nDo not support a deposit contract that may take a loss. Make sure the new tokenIndex is always bigger than the previous one.\r\n\r\n### UPDATE\r\nBrecht and I decided to remove index from the core protocol.\r\n\r\n## 6. \u6536\u636e\u5982\u4f55\u8bc1\u4f2a / Receipt verification\r\n\r\nWe need to find a way to efficiently prove a transfer/withdrawal receipt is valid/invalid. The idea I have is to provide a receipt with the following information:\r\n\r\n- the numeric ID of the block (`blockID`) where the request is processed\r\n- the offset of the request data in the calldata\r\n- the request data to check against the calldata\r\n\r\n\r\nTo prove the inclusion of the corresponding request, the caller must provide the data (whose hash will be calculated and check against the dataHash), and the receipt, exchange contract will verify on-chain.\r\n\r\n### \u6311\u6218/Challange\r\n\r\nThe challenge is that **the relayer is unable to tell the transfer recipient the `blockID`** due to many potential reasons (for example ##7)\r\n\r\n### \u65b9\u6848/Potential Solution\r\n\r\nIn each block, we add two more fields, `startRequestId`, and `endRequestId` such that `prevBlock.endRequestId + 1 == thisBlock.startSequenceId`.When someone wants to verify this recipient, he will easily find out which block is supposed to include the request, then provide that `blockID` to the verify method.\r\n\r\nThis is assuming the relayer can tell the transfer recipient immediately what the sequence number for his payment transfer in the block, which may also be challenging.\r\n\r\n\r\n### Update\uff1a\r\nIt seems we have found a solution, see https://github.com/Loopring/protocols/issues/1279#issuecomment-662805027\r\n\r\n## 7. \u94fe\u4e0b\u8bf7\u6c42\u7684\u94fe\u4e0a\u9a8c\u8bc1\u4f9d\u8d56 / Offchian request validation using onchain data\r\n\r\nNow the protocol supports validating offchain requests using onchain ECDSA signatures and tx hashes. This means there is L2-to-L1 dependency.\r\n\r\n### \u6311\u6218/Challange\r\n\r\nAn ECDSA signature may be valid when the relayer is about to process the request, but may become invalid in commitBlock. Take hebao smart wallet contract as an example, if a wallet requests a transfer using ECDSA and then locks the wallet, then the ECDSA verification onchain will fail, and the relayer may find it's too late... If an tx approval hash is found onchain, but the corresponding transaction may get reverted while the relayer is proving the block that includes the request, then the relayer will also have to re-org the block...\r\n\r\n### \u65b9\u6848/Potential Solution\r\n\r\n- For ECDSA signatures, the relayer should only support such requests signed by EOAs, not by contract addresses;\r\n- For tx approve hashes, the relayer has to wait for 12 confirmations to accept the corresponding request -- put the requests in a queue\r\n\r\n\r\n## 8. \u5feb\u901f\u63d0\u73b0\u7684\u4e2d\u5fc3\u5316\u89e3\u51b3 / Do not go trustless for fast withdrawals\r\n\r\nWe have come to the conclusion that we only want a trust-based fast withdrawal solution, instead of a withdrawal-receipt-based (fraud-proof based) trustless solution. But we do need the flexibility of accelerating all kinds of offchain withdrawals that we pick.\r\n\r\n## 9. \u540c\u4e00\u4e2atoken\u662f\u5426\u53ef\u4ee5\u6ce8\u518c\u591a\u4e2a\u8d44\u4ea7 / 1 token =>many tokenIDs\r\n\r\nSuppose in the future we want to allow people to trade Ether on Loopring, and Ether-in-Maker (mETH) as well. Then maybe we should change the IDepositContract to:\r\n\r\n```\r\n\r\n    function deposit(\r\n        address from,\r\n        address token,\r\n        uint8      tokenScheme, // <<- NEW\r\n        uint96  amount,\r\n        bytes   calldata auxiliaryData\r\n        )\r\n        external\r\n        payable\r\n        returns (uint96 actualAmount, uint tokenIndex);\r\n\r\n    function withdraw(\r\n        address to,\r\n        address token,\r\n        uint8      tokenScheme,, // <<- NEW\r\n        uint    amount,\r\n        bytes   calldata auxiliaryData\r\n        )\r\n        external\r\n        payable;\r\n\r\n```\r\n\r\nsuch that Ether means (address=0x0, scheme=0), and mETH means (address=0x0, scheme=1). \r\n\r\nWe then need to make sure token registration also supports the scheme parameter.\r\n\r\n**AFTER a second thought, we can simply create a contract to manage mETH, it will mint mETH token to people who deposited ETH, and if someone returns mETH, it burns it and returns ETH**, \r\n\r\nBUT WAIT,  if the above idea is correct, why don't we the interest/loss between ETH/mETH entirely inside that contract. Such that tokenIndex is not visible to layer2?\r\n\r\n### Update\r\nWe have decided not to support DeFi integration as part of the core protocol.\r\n\r\n"
    },
    {
        "projcts_name": "keep-network_keep-core",
        "num": 1962,
        "created_user": "sthompson22",
        "created_at": "2020-08-04T21:29:55Z",
        "closed_at": "2020-08-04T21:53:58Z",
        "merged_at": "2020-08-04T21:53:58Z",
        "label": ":cloud:  infrastructure",
        "comments_data": [],
        "title": "keep-client:  Init with  non-ancient web3",
        "body": "We've started running into web3 errors during InitContainer runs for both keep-client and keep-ecdsa.  Rolling the containers forward to a newer version of web3 addresses the issue.  Along with the upgrade we've had to adjust how we call a contract objects address, as the `.address` parameter has been wrapped under a new `options` object.\r\n\r\nFor posterity, here's a sample of the error we've been seeing:\r\n\r\n```\r\n<<<<<<<<<<<< Authorizing Operator Contract 0xe7BF8421fBE80c3Bf67082370D86C8D81D1D77F4 >>>>>>>>>>>>\r\nAuthorizing Operator Contract 0xe7BF8421fBE80c3Bf67082370D86C8D81D1D77F4 for operator account 0x3ff855895ef4ac833c32ab6a0d6c7fbfa137e26e\r\nundefined\r\n{ error:\r\n   Error: Invalid method parameter(s).\r\n       at /tmp/node_modules/web3-provider-engine/subproviders/provider.js:18:36\r\n       at XMLHttpRequest.request.onreadystatechange (/tmp/node_modules/web3-providers-http/src/index.js:96:13)\r\n       at XMLHttpRequestEventTarget.dispatchEvent (/tmp/node_modules/xhr2-cookies/dist/xml-http-request-event-target.js:34:22)\r\n       at XMLHttpRequest._setReadyState (/tmp/node_modules/xhr2-cookies/dist/xml-http-request.js:208:14)\r\n       at XMLHttpRequest._onHttpResponseEnd (/tmp/node_modules/xhr2-cookies/dist/xml-http-request.js:318:14)\r\n       at IncomingMessage.<anonymous> (/tmp/node_modules/xhr2-cookies/dist/xml-http-request.js:289:61)\r\n       at IncomingMessage.emit (events.js:198:15)\r\n       at endReadableNT (_stream_readable.js:1139:12)\r\n       at processTicksAndRejections (internal/process/task_queues.js:81:17),\r\n  receipt: false,\r\n  confirmations: 0,\r\n  confirmationChecks: 16 }\r\n```\r\n\r\n### Testing\r\n\r\nTo prove this out I pulled down the current InitContainer from the registry and ran the provisioning script locally after updating the web3 and HDWalletProvider versions / address calls."
    },
    {
        "projcts_name": "KyberNetwork_smart-contracts",
        "num": 411,
        "created_user": "rogerganga",
        "created_at": "2019-07-03T15:33:54Z",
        "closed_at": "2019-07-12T02:47:15Z",
        "merged_at": [],
        "label": [],
        "comments_data": {
            "created": [
                "2019-07-04T07:14:30Z",
                "2019-07-12T02:46:49Z"
            ],
            "user_login": [
                "ilanDoron",
                "rogerganga"
            ]
        },
        "title": "Error: Failed to check for transaction receipt",
        "body": "While deploying the contracts:\r\n\r\n**Expected behavior:**\r\n\r\n    }\r\n  },\r\n  \"reserve\": \"RESERVE ADDRESS\",\r\n  \"pricing\": \"PRICING ADDRESS\",\r\n  \"network\": \"NETWORK ADDRESS\"\r\n}\r\nliquidityReserve_deployment.json write\r\nDone\r\n\r\n**Actual Behavior:**\r\n\r\n    }\r\n  },\r\n  \"reserve\": \"RESERVE ADDRESS\",\r\n  \"pricing\": \"PRICING ADDRESS\",\r\n  \"network\": \"NETWORK ADDRESS\"\r\n}\r\nliquidityReserve_deployment.json write\r\nDone\r\nError: Failed to check for transaction receipt:\r\n{}\r\n    at Object._fireError (C:\\Users\\tyler\\OneDrive - DataStreamX\\DSX_Backup 2\\190717_Quadrant-Kyber-Integration\\mainnet\\node_modules\\web3-utils\\src\\index.js:56:17)\r\n    at C:\\Users\\tyler\\OneDrive - DataStreamX\\DSX_Backup 2\\190717_Quadrant-Kyber-Integration\\mainnet\\node_modules\\web3-core-method\\src\\index.js:260:23\r\n    at <anonymous> Promise {\r\n  <rejected> Error: Failed to check for transaction receipt:\r\n{}\r\n    at Object._fireError (C:\\Users\\tyler\\OneDrive - DataStreamX\\DSX_Backup 2\\190717_Quadrant-Kyber-Integration\\mainnet\\node_modules\\web3-utils\\src\\index.js:56:17)\r\n    at C:\\Users\\tyler\\OneDrive - DataStreamX\\DSX_Backup 2\\190717_Quadrant-Kyber-Integration\\mainnet\\node_modules\\web3-core-method\\src\\index.js:260:23\r\n    at <anonymous>,\r\n  _events: undefined,\r\n  emit: [Function: emit],\r\n  on: [Function: on],\r\n  once: [Function: once],\r\n  off: [Function: removeListener],\r\n  listeners: [Function: listeners],\r\n  addListener: [Function: on],\r\n  removeListener: [Function: removeListener],\r\n  removeAllListeners: [Function: removeAllListeners] }\r\nError: Failed to check for transaction receipt:\r\n{}\r\n    at Object._fireError (C:\\Users\\tyler\\OneDrive - DataStreamX\\DSX_Backup 2\\190717_Quadrant-Kyber-Integration\\mainnet\\node_modules\\web3-utils\\src\\index.js:56:17)\r\n    at C:\\Users\\tyler\\OneDrive - DataStreamX\\DSX_Backup 2\\190717_Quadrant-Kyber-Integration\\mainnet\\node_modules\\web3-core-method\\src\\index.js:260:23\r\n    at <anonymous> Promise {\r\n  <rejected> Error: Failed to check for transaction receipt:\r\n{}\r\n    at Object._fireError (C:\\Users\\tyler\\OneDrive - DataStreamX\\DSX_Backup 2\\190717_Quadrant-Kyber-Integration\\mainnet\\node_modules\\web3-utils\\src\\index.js:56:17)\r\n    at C:\\Users\\tyler\\OneDrive - DataStreamX\\DSX_Backup 2\\190717_Quadrant-Kyber-Integration\\mainnet\\node_modules\\web3-core-method\\src\\index.js:260:23\r\n    at <anonymous>,\r\n  _events: undefined,\r\n  emit: [Function: emit],\r\n  on: [Function: on],\r\n  once: [Function: once],\r\n  off: [Function: removeListener],\r\n  listeners: [Function: listeners],\r\n  addListener: [Function: on],\r\n  removeListener: [Function: removeListener],\r\n  removeAllListeners: [Function: removeAllListeners] }\r\n\r\nnode version v8.11.2"
    },
    {
        "projcts_name": "UMAprotocol_protocol",
        "num": 3764,
        "created_user": "daywiss",
        "created_at": "2022-01-12T18:38:00Z",
        "closed_at": "2022-01-17T11:47:18Z",
        "merged_at": "2022-01-17T11:47:18Z",
        "label": [],
        "comments_data": {
            "created": [
                "2022-01-12T18:38:03Z"
            ],
            "user_login": [
                "shortcut-integration[bot]"
            ]
        },
        "title": "feat(sdk): add generic state machine runner",
        "body": "Signed-off-by: David <david@umaproject.org>\r\n\r\n<!--\r\n  Thanks for submitting a pull request!\r\n  We appreciate you spending the time to work on these changes. Please provide enough information so that others can review your pull request. The three fields below are mandatory.\r\n-->\r\n\r\n<!--\r\n  Title\r\n  Please include a concise title that briefly describes the change.\r\n  Titles should follow https://www.conventionalcommits.org/.\r\n  They should also be in the present simple tense.\r\n\r\n  Examples:\r\n\r\n  feat(dvm): adds a new function to compute voting rewards offchain\r\n  fix(monitor): fixes broken link in liquidation log\r\n  feat(voter-dapp): adds countdown timer component to the header\r\n  build(solc): updates solc version to 0.6.12\r\n  improve(emp-client): parallelizes web3 calls to improve performance\r\n\r\n  For examples of other types (feat, fix, build, improve) and what they mean, take a look at the angular list:\r\n  https://github.com/angular/angular/blob/22b96b9/CONTRIBUTING.md#type\r\n\r\n  See https://github.com/UMAprotocol/protocol/blob/master/CONTRIBUTING.md#conventional-commits for more details on PR\r\n  title expectations.\r\n-->\r\n\r\n\r\n**Motivation**\r\nhttps://app.shortcut.com/uma-project/story/3974/add-statemachine-runner-to-oo-client-for-handling-all-change-requests\r\n\r\n**Summary**\r\n\r\nThis is a generic state machine implementation which will be used for triggering and tracking transactions, as well as fetching state on chain in reaction to user requests.  It has some features useful to tracking transactions, such as an interval value to prevent over querying, automatic error managament, and an optional memory space used for accumulating data across state transitions. \r\n\r\n**Details**\r\nA statemachine is really useful for asyncronous tasks, like waiting for a pending transaction, or fetching several pieces of state conditionally or in series which may cause branching cases.  We can construct a simple transaction manager as an example:\r\n\r\n1. Validate parameters to send transaction, send transaction, store hash in memory -> transition to 2, or end with error\r\n2. check for transaction receipt with memory.hash , if found, transition to done, else stay in 2 and check on interval.\r\n\r\nIf we needed to execute other transactions after this one we could transition to another state, rather than ending. \r\n\r\n**Testing**\r\n\r\nCheck a box to describe how you tested these changes and list the steps for reviewers to test.\r\n\r\n- [ ]  Ran end-to-end test, running the code as in production\r\n- [x]  New unit tests created\r\n- [ ]  Existing tests adequate, no new tests required\r\n- [ ]  All existing tests pass\r\n- [ ]  Untested\r\n\r\n\r\n**Issue(s)**\r\n\r\n<!-- This PR must fix or refer to one or more issues. Please list them here. -->\r\nFixes #XXXX\r\n"
    }
]