[
    {
        "projcts_name": "ref-finance_ref-contracts",
        "num": 31,
        "created_user": "marco-sundsk",
        "created_at": "2021-06-22T00:52:09Z",
        "closed_at": "2021-06-22T00:53:36Z",
        "merged_at": "2021-06-22T00:53:36Z",
        "label": [],
        "comments_data": [],
        "title": "Fix ref farming small deposit attack",
        "body": "* fix cumulative bugs of ref-farming, and version goes to 0.4.2;\r\n* limit min_staking_balance of each seed token to avoid possible overflow or precision loss of RPS;\r\n* add more view functions to expose more seed info;\r\n* add more simulator test for single farm scenario as well as multi-farm scenario;"
    }
]