[
    {
        "projcts_name": "aave_protocol-v2",
        "num": 175,
        "created_user": "dhadrien",
        "created_at": "2021-07-01T14:54:58Z",
        "closed_at": "2021-07-11T17:11:46Z",
        "merged_at": [],
        "label": "protocol-v2.5",
        "comments_data": {
            "created": [
                "2021-07-11T17:11:46Z"
            ],
            "user_login": [
                "The-3D"
            ]
        },
        "title": "Protocol 2.5 - Test exposure ceiling edge cases around withdraw/ transfer/ disable collateral",
        "body": "Especially test against external flashloan attacks trying to extract LTV from an exposure capped collateral reserve"
    },
    {
        "projcts_name": "Uniswap_v3-core",
        "num": 142,
        "created_user": "moodysalem",
        "created_at": "2020-11-20T15:56:25Z",
        "closed_at": "2020-11-20T18:12:15Z",
        "merged_at": [],
        "label": [],
        "comments_data": {
            "created": [
                "2020-11-20T18:12:15Z"
            ],
            "user_login": [
                "NoahZinsmeister"
            ]
        },
        "title": "set feeLast in initialize if necessary",
        "body": "https://github.com/Uniswap/uniswap-v3-core/blob/6b093302690ddee81140680d1b8013acaa010558/contracts/UniswapV3Pair.sol#L378-L379\r\n\r\nif necessary, we may consider setting feeLast in initialize to prevent the following attack, where within one block the following sequence of events happens:\r\n- user A initializes a pair\r\n- user A sets position on the pair using high fee vote X\r\nthen...\r\n- user B flash loans enough assets to change the pair fee vote\r\n- user B swaps against the pair using the user A's liquidity and a lower fee\r\n- user B removes liquidity\r\n\r\nthe effect is user B can use user A's liquidity to swap at a lower fee than user A preferred\r\n"
    },
    {
        "projcts_name": "fei-protocol_fei-protocol-core",
        "num": 81,
        "created_user": "Joeysantoro",
        "created_at": "2021-02-25T19:46:22Z",
        "closed_at": "2021-02-25T20:41:24Z",
        "merged_at": "2021-02-25T20:41:24Z",
        "label": "OZ Fix New",
        "comments_data": {
            "created": [
                "2021-04-03T14:09:12Z"
            ],
            "user_login": [
                "ytrezq"
            ]
        },
        "title": "Pre release fix flash attacks",
        "body": "It is possible to execute a flash loan and profit via the following trade:\r\n\r\n1. Flash borrow ETH\r\n2. Buy on spot market\r\n3. Buy on bonding curve and execute bonding curve allocation\r\n4. Sell FEI from 2 and 3\r\n5. Profit\r\n\r\nThe end result is the spot price of FEI/ETH is lower than at the beginning, essentially arbing by spiking the price of FEI since it uses the spot price when depositing. The solution has 2 parts:\r\n1. deposit at oracle price not spot price\r\n2. Restrict allocate() and other potentially risky flows to EOA only\r\n\r\nSpreadsheet detailing attack https://docs.google.com/spreadsheets/d/1PU51ptA8_xxCEJjWqMbobmNZqX5VBToAAwHm3mmDpk8/edit#gid=0"
    },
    {
        "projcts_name": "UMAprotocol_protocol",
        "num": 2183,
        "created_user": "chrismaree",
        "created_at": "2020-11-12T17:49:29Z",
        "closed_at": "2020-11-17T08:49:30Z",
        "merged_at": [],
        "label": "funding-rate-store",
        "comments_data": {
            "created": [
                "2020-11-12T19:31:15Z",
                "2020-11-12T21:21:58Z",
                "2020-11-12T21:40:26Z",
                "2020-11-16T06:23:57Z"
            ],
            "user_login": [
                "nicholaspai",
                "mrice32",
                "nicholaspai",
                "chrismaree"
            ]
        },
        "title": "Fix flash swap vulnerability in funding rate store",
        "body": "**Why**\r\n\r\nThe use of pfc in the funding rate store makes the implementation and every function in the funding rate store associated with rewards vulnerable to a flash loan attack Specifically because the reward is a function of pfc, a flash swap can be used to increase the perp pfc during the withdrawal tx and to extract an unfair reward for proposing a funding rate. This is discussed here: https://github.com/UMAprotocol/protocol/pull/2168/files#r522300851\r\n\r\nThis attack would look as follows:\r\n\r\nPropose a valid funding rate.\r\n1) wait until liveness period has passed.\r\n2) execute a transaction that does the following internal steps:\r\n3.a) flash swap perp collateral currency.\r\n3.b) create a small position, well above the GCR, collateralized with the flashswap'ed collateral. The larger the relative size of the flashswap to the total collateral in the contract the more profitable the attack.\r\n3.c) withdraw your reward from the proposal. During this, the calculation of pfc is biased upwards from your collateral created during 3.b.\r\n3.d) redeem position created in 3.b. This will return all flashloaned collateral\r\n3.e) repay flashloan\r\n4) profit\r\n\r\nIn a discussion with @nicholaspai there is a solution to this by enforcing that the last addition to contract pfc was done in a separate block to _publishRateAndWithdrawRewards being called. \r\n\r\n**How**\r\n\r\nThis flashswap vulnerability can be addressed by enforcing that the block the rewards are claimed is different from the last block the pfc was increased in the perp. This can be done by the perp informing the funding rate store whenever collateral is added to the perp (adding to the pfc) and then requiring that the block number that the funding rate proposer is claiming rewards is not equal to the last block. This can be done by adding a function & modifier to the `FundingRateApplier`.\r\n\r\n**Resolution**\r\n\r\nThis vulnerability is fixed and tested.\r\n\r\n**Difficulty Score [1-10]**\r\n- 7: ~3 days"
    },
    {
        "projcts_name": "liquity_dev",
        "num": 328,
        "created_user": "NatalieChin80",
        "created_at": "2021-03-01T14:25:06Z",
        "closed_at": "2021-03-01T20:28:05Z",
        "merged_at": [],
        "label": [],
        "comments_data": {
            "created": [
                "2021-03-01T20:28:05Z"
            ],
            "user_login": [
                "bingen"
            ]
        },
        "title": "Risks with making scripts accessible",
        "body": "Severity: Undetermined \r\nDifficulty: Undetermined \r\nType: Unexpected Behavior\r\nTarget: `contracts/Proxy/*`\r\n\r\n## Description \r\nBy making these scripts easily accessible for users, it decreases the barrier of entry to attackers to extend the script for use in malicious ways against the Liquity platform. \r\n\r\nThe scripts provide examples of how rewards can be recycled, which allows attackers to more easily integrate flash loans and decentralized exchanges than if they were required to write the exploit from scratch. This puts additional pressure on the Liquity system to behave as expected, and any deviations in the protocol may result in easier exploitability. \r\n\r\nFor instance, if liquity/dev#310 represent realistic values, the unintentional arithmetic rounding may have unintentional side effects when users are adjusting or re-opening a trove with their staked collateral. \r\n\r\n## Exploit Scenario \r\nA part of the Liquity protocol is vulnerable to flash loans. Due to the visibility of these scripts, an attacker can more easily integrate into the loans to exploit the issue. \r\n\r\n## Recommendations\r\nShort term, consider making these scripts accessible through EIP 1167's Minimal Proxies and CREATE2 so users have access to these operations without making it as easy-to-use for attackers. \r\n\r\nLong term, analyze the Liquity protocol and document all operations that may be affected by external DeFi interactions. Ensure that external users cannot maliciously affect the Liquity protocol. "
    },
    {
        "projcts_name": "aave_protocol-v2",
        "num": 166,
        "created_user": "dhadrien",
        "created_at": "2021-06-22T12:12:13Z",
        "closed_at": "2021-06-22T18:00:45Z",
        "merged_at": [],
        "label": "enhancement",
        "comments_data": [],
        "title": "Protocol 2.5 - Add checks on update flash premiums + tests on flashloans splitt premium",
        "body": "- Contracts: Add input checks on `updateFlashloanPremiumToProtocol` and `updateFlashloanPremiumTotal`\r\n- Test: add flashloan premiums, multi asset, configurator functions\r\n"
    },
    {
        "projcts_name": "aave_protocol-v2",
        "num": 106,
        "created_user": "The-3D",
        "created_at": "2021-05-07T17:43:30Z",
        "closed_at": "2021-06-15T11:23:50Z",
        "merged_at": [],
        "label": "enhancement",
        "comments_data": {
            "created": [
                "2021-06-04T14:36:33Z",
                "2021-06-15T11:23:37Z"
            ],
            "user_login": [
                "yzhou61",
                "The-3D"
            ]
        },
        "title": "Protocol 2.5 - Add whitelisting capabilities for flashloans",
        "body": "Add the possibility of allowing free flashloans for whitelisted entities. This requires a mapping in LendingPoolStorage that keeps track of whitelisted addresses.\r\n"
    },
    {
        "projcts_name": "defisaver_defisaver-v3-contracts",
        "num": 72,
        "created_user": "yippee-ki-yay",
        "created_at": "2021-09-20T13:24:31Z",
        "closed_at": "2021-09-21T08:53:06Z",
        "merged_at": "2021-09-21T08:53:06Z",
        "label": [],
        "comments_data": [],
        "title": "fix: add check to have exact amount for FL payback",
        "body": "Additional check so we don't ever leave any tokens at the flashloan contracts"
    },
    {
        "projcts_name": "saddle-finance_saddle-contract",
        "num": 345,
        "created_user": "guoyiteng",
        "created_at": "2021-04-05T03:34:28Z",
        "closed_at": "2021-04-07T19:46:33Z",
        "merged_at": "2021-04-07T19:46:33Z",
        "label": [],
        "comments_data": {
            "created": [
                "2021-04-05T03:38:57Z",
                "2021-04-07T20:17:47Z",
                "2021-04-08T03:41:56Z"
            ],
            "user_login": [
                "codecov[bot]",
                "alphastorm",
                "guoyiteng"
            ]
        },
        "title": "Fix flashloan fee check ",
        "body": "As I reported in #344, this fee check is wrong. You can reproduce it by running the unit test in this PR."
    },
    {
        "projcts_name": "saddle-finance_saddle-contract",
        "num": 344,
        "created_user": "guoyiteng",
        "created_at": "2021-04-05T03:26:54Z",
        "closed_at": "2021-04-14T09:44:43Z",
        "merged_at": [],
        "label": [],
        "comments_data": {
            "created": [
                "2021-04-06T00:24:58Z"
            ],
            "user_login": [
                "penandlim"
            ]
        },
        "title": "FlashLoan Fee check is wrong",
        "body": "I was trying out the flashloan and noticed that I couldn't repay the loan with exactly the borrowed amount plus the fee. After examining the contract, I found that the `require` check to test if the fee is repaid was wrong. `protocolBalanceBefore` should not subtracted when calculating `availableLiquidityAfter`. The current check fails when the repaid fee is smaller than `fee + protocolBalance`, which means users have to pay more fees than they should when calling flash loan.\r\n\r\nhttps://github.com/saddle-finance/saddle-contract/blob/master/contracts/SwapFlashLoan.sol#L132"
    },
    {
        "projcts_name": "trusttoken_contracts-pre22",
        "num": 638,
        "created_user": "MiksuJak",
        "created_at": "2021-05-11T12:53:31Z",
        "closed_at": "2021-05-12T16:33:22Z",
        "merged_at": "2021-05-12T16:33:22Z",
        "label": [],
        "comments_data": {
            "created": [
                "2021-05-12T16:33:30Z"
            ],
            "user_login": [
                "yuchenlintt"
            ]
        },
        "title": "Phase 2 audit requested changes",
        "body": "**This PR addresses listed CertiK audit pre-report issues. Each commit represents a single issue with its ID, in order to ease picking changes if necessary.**\r\n\r\n1. GAA-01 - not obligatory, but increases code quality by a bit.\r\n2. STT-01 - good catch. Since we already use `SafeERC20` in other contracts, it might be good to use it everywhere for consistency.\r\n3. STT-02 - explicitly setting variables visibility specifiers.\r\n4. STT-03 [SKIPPED] - declaration of a new variable and return would add some extra code. This is a fairly simple function and it should remain compact.\r\n5. STT-04 [SKIPPED] - STT-01 already solves the problem\r\n6. LT2-01 - for consistency all constants should be in upper snake case notation.\r\n7. LT2-02 - comment might have been a little misleading. Dividing by `(365 days / precision)` does not equal dividing by `365 days` and then `precision.`\r\n8. LT2-03 - setting `apy` precision as constant, increases project consistency and code readability.\r\n9. LT2-04 [SKIPPED] - `interest` function calculates loan interest that will be paid after the term passes. However with `value` method, we want to calculate loan\u2019s value at a given time (meaning calculate interest only for a time that has passed).\r\n10. PFY-01 - ensuring that `trueLender` in `PoolFactory` cannot be set to 0 address.\r\n11. TFP-01 [SKIPPED] - might need future investigation if a hard fork of ethereum influences `tx.origin` in an undesirable way. For now it remains a good method to prevent join-exit _flash loan_ attacks.\r\n12. TFP-02 - minor gas saving by allocating removing allocation if check has not passed.\r\n13. TFP-03 - similarly to LT2-03 but for `TrueFiPool2,` increase project consistency and code readability by adding frequently use constants.\r\n14. TFP-04 - similarly to PFY-01, ensuring that beneficiary address cannot be set to 0.\r\n15. TFP-05 [SKIPPED][TO BE CLARIFIED]\r\n16. TFP-06 [SKIPPED] - there might be a case when we want to set oracle's address to 0.\r\n17. TL2-01 [SKIPPED] - present functionality might actually come handy. Currently setting `maxLoans` for less than previously, does not break anything. In fact it ensures that once running loans number decreases, new limit would apply.\r\n18. TL2-02 [OUTDATED] - this issue was resolved while the audit was being conducted.\r\n19. TL2-03 - explicitly setting variables visibility specifiers.\r\n20. TL2-04 - `loans` not changed being a compact function. `redeemAndRepay` and `swapFee` changed to have explicitly named `return`. \r\n21. CYS-01 - explicitly setting constants visibility specifiers.\r\n"
    },
    {
        "projcts_name": "maple-labs_maple-core",
        "num": 248,
        "created_user": "satyamakgec",
        "created_at": "2021-03-05T08:11:48Z",
        "closed_at": "2021-03-09T16:25:49Z",
        "merged_at": "2021-03-09T16:25:49Z",
        "label": [],
        "comments_data": {
            "created": [
                "2021-03-06T18:01:32Z",
                "2021-03-08T20:30:23Z"
            ],
            "user_login": [
                "lucas-manuel",
                "lucas-manuel"
            ]
        },
        "title": "feat: Add mitigation to Balancer BPT burn flashloan attack (SC-1512)",
        "body": "# Description\r\n\r\nMake `pool::claim()` function permissioned, Now only pool delegate or designated admin can call this function.\r\n\r\n# PR Submission Requirements Checklist\r\n\r\n- [ ] PR title ends with `(SC-<TICKET_NUMBER>)`\r\n- [ ] All reviewers, assignees, labels added to PR\r\n- [ ] Code approved\r\n- [ ] Tests approved\r\n- [ ] CI Tests pass\r\n\r\n# Integrations Checklist\r\n\r\n- [ ] Have any function signatures changed? If yes, outline below.\r\n- [ ] Have any features changed or been added? If yes, outline below.\r\n- [ ] Have any events changed or been added? If yes, outline below.\r\n- [ ] Has all documentation been updated?\r\n\r\n# Changelog\r\n## Function Signature Changes\r\n\r\n## Features \r\n\r\n## Events\r\n\r\n"
    },
    {
        "projcts_name": "maple-labs_maple-core",
        "num": 370,
        "created_user": "deluca-mike",
        "created_at": "2021-04-26T13:00:48Z",
        "closed_at": "2021-04-26T18:37:58Z",
        "merged_at": "2021-04-26T18:37:58Z",
        "label": [],
        "comments_data": [],
        "title": "refactor: Code cleanup due C4 and other audit feedback (SC-2039)",
        "body": "# Description\r\n\r\nRectify comments, interface and variable naming issues raised by C4 and and cleanup interfaces, state-mutability identifiers, and visibility identifiers code-wide.\r\n\r\nClubhouse: https://app.clubhouse.io/maplefinance/story/2039/maple-core-c4-code-cleanup\r\n\r\nDepends on #368 \r\n\r\nNOTE: Please ignore until above PR is merged, as this is branches off of it, and thus includes many more changes (with respect to `develop`) than expected.\r\n\r\n# Integrations Checklist\r\n\r\n- [X] Have any function signatures changed? If yes, outline below.\r\n- [ ] Have any features changed or been added? If yes, outline below.\r\n- [X] Have any events changed or been added? If yes, outline below.\r\n- [X] Has all documentation been updated?\r\n\r\n# Changelog\r\n\r\n1 - chore: Mirrored admin variables in global context, Pool, PoolFactory, Loan and LoanFactory may make it confusing for deployment and maintenance (https://github.com/code-423n4/2021-04-maple-findings/issues/36)\r\n\r\n- Loan.admins -> Loan.loanAdmins\r\n- Loan.setAdmin -> Loan.setLoanAdmin\r\n- LoanFactory.admins -> LoanFactory.loanFactoryAdmins\r\n- LoanFactory.setAdmin -> LoanFactory.setLoanFactoryAdmin\r\n- MapleGlobals.admin -> MapleGlobals.globalAdmin\r\n- MapleGlobals.setAdmin -> MapleGlobals.setGlobalAdmin\r\n- Pool.admin -> Pool.poolAdmins\r\n- Pool.setAdmin -> Pool.setPoolAdmin\r\n- PoolFactory.admin -> PoolFactory.poolFactoryAdmins\r\n- PoolFactory.setAdmin -> PoolFactory.setPoolFactoryAdmin\r\n\r\n\r\n2 - refactor: Interface and implementation function declaration differs (https://github.com/code-423n4/2021-04-maple-findings/issues/98)\r\n\r\n- Corrected non-matching interface names\r\n- Explicit uint256 usage\r\n- Removed unused or non-existent interfaces\r\n- Increase interface coverage\r\n- Remove unused variables\r\n- Set minimal explicit state-mutabilities\r\n- Standardized \"visibility | state-mutability\" pattern for functions\r\n- Fixed one different compiler version\r\n\r\n\r\n3 - refactor: FDT interface cleanup\r\n- Fixed circular naming of FDT and IFDT\r\n- Created Interfaces for all FDT variants (in their own directory)\r\n- FDT interface inheritance all the way up to shed redundant interface declarations\r\n\r\n\r\n4 - chore: Functions calculating the value of BPT is vulnerable to flash-loan attacks (https://github.com/code-423n4/2021-04-maple-findings/issues/113)\r\n\r\n\r\n## Function Signature Changes\r\n\r\n### Loan\r\n- `admins` => `loanAdmins`\r\n- `makeFullPayment() public` => `makeFullPayment() external`\r\n- `setAdmin(address newAdmin, bool allowed)` => `setLoanAdmin(address loanAdmin, bool allowed)`\r\n\r\n### LoanFactory\r\n- `admins` => `loanFactoryAdmins `\r\n- `setAdmin(address newAdmin, bool allowed)` => `setLoanFactoryAdmin(address loanFactoryAdmin, bool allowed)`\r\n\r\n### MapleGlobals\r\n- `admin` => `globalAdmin`\r\n- `setAdmin(address newAdmin)` => `setGlobalAdmin(address newGlobalAdmin)`\r\n\r\n### Pool\r\n- `admins` => `poolAdmins `\r\n- `setAdmin(address newAdmin, bool allowed)` => `setPoolAdmin(address poolAdmin, bool allowed)`\r\n\r\n### PoolFactory\r\n- `admins` => `poolFactoryAdmins `\r\n- `setAdmin(address newAdmin, bool allowed)` => `setPoolFactoryAdmin(address poolFactoryAdmin, bool allowed)`\r\n\r\n### LoanLib\r\n- `getNextPayment(address superFactory, address repaymentCalc, uint256 nextPaymentDue, address lateFeeCalc)` => `getNextPayment(address repaymentCalc, uint256 nextPaymentDue, address lateFeeCalc)`\r\n\r\n### PoolLib\r\n- `poolSanityChecks(...) external` => `poolSanityChecks(...) external view`\r\n- `handleDefault(IERC20  liquidityAsset, address stakeLocker, address stakeAsset,  address loan,  uint256 defaultSuffered)` => `handleDefault(IERC20  liquidityAsset, address stakeLocker, address stakeAsset,  uint256 defaultSuffered)`\r\n- `calculateClaimAndPortions(...) external` => `calculateClaimAndPortions(...) external pure`\r\n- `fromWad(uint256 amt, uint256 liquidityAssetDecimals) public view` => `fromWad(uint256 amt, uint256 liquidityAssetDecimals) public pure`\r\n\r\n### ChainlinkOracle\r\n- `getDenomination() external view` => `getDenomination() external pure`\r\n\r\n\r\n## Event Signature Changes\r\n\r\n### Loan\r\n- `AdminSet(address admin, bool allowed)` => `LoanAdminSet(address loanAdmin, bool allowed)`\r\n\r\n### LoanFactory\r\n- `LoanFactoryAdminSet(address loanFactoryAdmin, bool allowed)` (new)\r\n\r\n### MapleGlobals\r\n- `AdminSet(address newAdmin)` => `GlobalAdminSet(address newGlobalAdmin)`\r\n\r\n### Pool\r\n- `AdminSet(address newAdmin, bool allowed)` => `PoolAdminSet(address poolAdmin, bool allowed)`\r\n\r\n### PoolFactory\r\n- `AdminSet(address newAdmin, bool allowed)` => `PoolFactoryAdminSet(address poolFactoryAdmin, bool allowed)`\r\n\r\n\r\n## Features \r\n\r\n## Events\r\n\r\n"
    },
    {
        "projcts_name": "compound-finance_compound-protocol",
        "num": 41,
        "created_user": "jflatow",
        "created_at": "2020-07-14T16:53:00Z",
        "closed_at": "2020-07-14T16:53:37Z",
        "merged_at": [],
        "label": "quirk",
        "comments_data": {
            "created": [
                "2020-07-14T16:53:37Z"
            ],
            "user_login": [
                "jflatow"
            ]
        },
        "title": "Flash Loan Griefing",
        "body": "Flash loans can be used to borrow large amounts, call `refreshCompSpeeds`, and then repay. Only impacts markets until speeds are refreshed again, which can be performed by any address at any time.\r\n"
    }
]