[
    {
        "projcts_name": "pickle-finance_protocol",
        "num": 19,
        "created_user": "BigBrainBriner",
        "created_at": "2020-10-30T07:39:35Z",
        "closed_at": "2020-10-30T09:42:57Z",
        "merged_at": "2020-10-30T09:42:57Z",
        "label": [],
        "comments_data": [],
        "title": "Interface consistency for getMostPremium()",
        "body": "Pursuant to the **Warning 5** in MixBytes strategy contracts audit report:\r\n\r\n**5. Interface Consistency**\r\n\r\nNote that the `getMostPremium()` call in the `harvest()` function was also updated to have `uint8` as index.\r\n\r\nThe audit report also mentions updating the `harvest()` function signature to have `onlyBenevolent` to prevent front-running attacks, but it seems like the codebase already had this for all of the relevant `harvest()` functions."
    },
    {
        "projcts_name": "balancer-labs_balancer-v2-monorepo",
        "num": 352,
        "created_user": "FernandoMartinelli",
        "created_at": "2021-02-28T16:33:10Z",
        "closed_at": "2021-03-01T13:35:36Z",
        "merged_at": [],
        "label": [],
        "comments_data": {
            "created": [
                "2021-03-01T13:35:36Z"
            ],
            "user_login": [
                "FernandoMartinelli"
            ]
        },
        "title": "minAmountOut not handled",
        "body": "https://github.com/balancer-labs/balancer-core-v2/blob/da195fb12428d938cca2eedfd253f47f8de02bd5/contracts/pools/weighted/WeightedPool.sol#L391\r\n\r\nThe user always needs to pass a limit to avoid front-running. We need to read `minAmountOut` from userData and check if it is respected before returning the function, similarly to \r\n\r\nhttps://github.com/balancer-labs/balancer-core-v2/blob/da195fb12428d938cca2eedfd253f47f8de02bd5/contracts/pools/weighted/WeightedPool.sol#L301"
    },
    {
        "projcts_name": "balancer-labs_balancer-v2-monorepo",
        "num": 351,
        "created_user": "FernandoMartinelli",
        "created_at": "2021-02-28T16:29:59Z",
        "closed_at": "2021-03-01T13:35:25Z",
        "merged_at": [],
        "label": [],
        "comments_data": {
            "created": [
                "2021-03-01T13:35:25Z"
            ],
            "user_login": [
                "FernandoMartinelli"
            ]
        },
        "title": "maxAmountIn not handled",
        "body": "https://github.com/balancer-labs/balancer-core-v2/blob/da195fb12428d938cca2eedfd253f47f8de02bd5/contracts/pools/weighted/WeightedPool.sol#L311\r\n\r\nThe user always needs to pass a limit to avoid front-running. We need to read `maxAmountIn` from userData and check if it is respected before returning the function, similarly to \r\n\r\nhttps://github.com/balancer-labs/balancer-core-v2/blob/da195fb12428d938cca2eedfd253f47f8de02bd5/contracts/pools/weighted/WeightedPool.sol#L301"
    },
    {
        "projcts_name": "keep-network_keep-core",
        "num": 1404,
        "created_user": "pdyraga",
        "created_at": "2020-03-03T13:00:52Z",
        "closed_at": "2020-03-17T19:46:35Z",
        "merged_at": [],
        "label": "\u26d3chain",
        "comments_data": {
            "created": [
                "2020-03-09T17:44:11Z",
                "2020-03-17T19:46:34Z"
            ],
            "user_login": [
                "eth-r",
                "pdyraga"
            ]
        },
        "title": "reportRelayEntryTimeout creates an incentive for nodes to race for rewards potentially wasting gas and it creates an opportunity for front-running",
        "body": "The incentive on `reportRelayEntryTimeout` for being rewarded with 5% of the seized amount creates an incentive to call the method but might also kick off a race for front-running this call. This method is being called from the keep node which is unlikely to adjust the `gasPrice` and might always lose the race against a front-running bot collecting rewards for all timeouts and fraud proofs\r\n\r\nWe need to make sure that `reportRelayEntryTimeout` throws as early as possible if the group was previously terminated (`isGroupTerminated`) to avoid that keep nodes spend gas on a call that will fail. Depending on the reward for calling out the timeout this might create a front-running opportunity that cannot be resolved."
    },
    {
        "projcts_name": "liquity_dev",
        "num": 189,
        "created_user": "bojan-liquity",
        "created_at": "2020-12-12T13:58:11Z",
        "closed_at": "2021-01-07T22:34:27Z",
        "merged_at": [],
        "label": "audit",
        "comments_data": [],
        "title": "TOB-LQT-008: Permit opens the door for griefing contracts that interact with the Liquity Protocol",
        "body": "<img width=\"600\" alt=\"Screenshot 2020-12-11 at 18 32 03\" src=\"https://i.imgur.com/PpUxTqu.png\">\r\n\r\n### Description\r\nThe permit function can be front-run to break the workflow from third-party smart\r\ncontracts.\r\n\r\nThe Liquity ERC20 contracts implements permit, which allows the allowance of a user to be\r\nchanged based on a signature check using `ecrecover`:\r\n\r\n<img width=\"638\" alt=\"Screenshot 2020-12-11 at 18 30 25\" src=\"https://i.imgur.com/bqRDdUW.png\">\r\n\r\nWhile this function is correctly implemented in terms of functionality, there is a potential\r\nsecurity issue users must be aware of when developing contracts to interact with Liquity\r\ntokens:\r\n\r\n<img width=\"638\" alt=\"Screenshot 2020-12-11 at 18 30 25\" src=\"https://i.imgur.com/a4TRQDh.png\">\r\n\r\n### Exploit Scenario\r\nAlice develops a smart contract that leverages permit to perform a `transferFrom` of LUSD\r\nwithout requiring a user to call approve first. Eve monitors the blockchain and notices this\r\ncall to permit. She observes the signature and replays it to front-run her call, which\r\nproduces a revert in Alice\u2019s contract and halts its expected execution.\r\n\r\n### Recommendation\r\nShort term, properly document the possibility of griefing permit calls to warn users\r\ninteracting with Liquity tokens. This will allow users to anticipate this possibility and\r\ndevelop alternate workflows in case they are targeted by it.\r\n\r\nLong term, carefully monitor the blockchain to detect front-running attempts.\r\n\r\n\r\n"
    },
    {
        "projcts_name": "liquity_dev",
        "num": 36,
        "created_user": "cvalkan",
        "created_at": "2020-05-06T14:18:12Z",
        "closed_at": "2021-01-29T13:56:07Z",
        "merged_at": [],
        "label": [],
        "comments_data": {
            "created": [
                "2020-11-03T17:21:23Z",
                "2020-11-04T19:48:09Z"
            ],
            "user_login": [
                "bingen",
                "ricktobacco"
            ]
        },
        "title": "Stability pool front-running as a potential attack vector",
        "body": "Somebody could suddenly become a stability depositor by front-running a big juicy loan that is about to be liquidated. The same person could even trigger the liquidate() function. Not sure if that is really a problem though.\r\n\r\nIt could potentially become a fairness issue among the stability depositors. But as long as there are guaranteed gains (i.e. if we redistribute everything below <100%) and significant GT kickbacks paid out to stability depositors, it is not very likely."
    },
    {
        "projcts_name": "Loopring_protocols",
        "num": 135,
        "created_user": "dong77",
        "created_at": "2019-04-11T12:40:48Z",
        "closed_at": "2019-06-05T03:20:59Z",
        "merged_at": [],
        "label": "discussion",
        "comments_data": {
            "created": [
                "2019-04-11T14:19:03Z",
                "2019-06-05T03:20:59Z"
            ],
            "user_login": [
                "Brechtpd",
                "dong77"
            ]
        },
        "title": "[Protocol3] Prevent front running with delayed data-availability ",
        "body": "There are many forms of front-running. One of them is to intercept the pending rings, steal the orders from the rings to construct new rings. This can be effectively resolved with our Dual-Authoring technology. The other more widely used front-running is to learn the yet-to-be-finalized trading price and act accordingly, which cannot be solved by Dual-Authoring.\r\n\r\nOne possible solution in 3.0 is to delay the provision of data-availability for ring-settlement by replacing the data in `commitBlock` with only its hash, then provide the data in the `verifyBlock` function along with the ZK proof. This solution assumes data-availability only makes sense for **verified** or **finalized** blocks, not **committed** blocks.\r\n\r\nThe delayed data-availability may also make sense for other types of blocks if those data don't really mean anything unless the blocks are verified or finalized.\r\n"
    },
    {
        "projcts_name": "UMAprotocol_protocol",
        "num": 936,
        "created_user": "nicholaspai",
        "created_at": "2020-02-18T20:12:18Z",
        "closed_at": "2020-02-18T20:28:50Z",
        "merged_at": "2020-02-18T20:28:50Z",
        "label": "bug",
        "comments_data": [],
        "title": "Check that liquidated amount is >= underlying collateral amount instead of ==",
        "body": "Makes small change to #926 which added a parameter to `createLiquidation` to prevent front-running. I changed `IsEqual` to `IsGreaterThanOrEqual` when comparing the new parameter to the underlying collateral (returned by `_getCollateral`). We do not need to revert any liquidations if the collateral declines, as the collateralization ratio has only gotten worst.\r\n\r\nSigned-off-by: Nick Pai <npai.nyc@gmail.com>"
    },
    {
        "projcts_name": "dystopia-exchange_dystopia-contracts",
        "num": 42,
        "created_user": "belbix",
        "created_at": "2022-05-14T14:02:53Z",
        "closed_at": "2022-05-14T16:31:22Z",
        "merged_at": "2022-05-14T16:31:22Z",
        "label": [],
        "comments_data": {
            "created": [
                "2022-05-14T14:07:27Z"
            ],
            "user_login": [
                "codecov-commenter"
            ]
        },
        "title": "fix reward pool issue with max rewards DOS",
        "body": "During the warming-up period, we found a possible attack vector on gauges.\r\nAn attacker can front-run gauge creations and spam notify() function to reach MAX_REWARDS_TOKENS for a contract.\r\nIf it will be done before adding the DYST token as a reward it will lead to the inability to use this contract for emission rewards.\r\n\r\nWe made a hard decision to redeploy all reward contracts, DYST and veDYST tokens for fixing this possibility.\r\n\r\nIn this PR all necessary changes for excluding this scenario.\r\n\r\nBy default a gauge/bribe contract will have up to 3 rewards tokens - DYST + LP token0 + LP token1.\r\n\r\nTo allow more reward tokens any veDYST holder with the necessary power can call registerRewardToken(). It is the same mechanic we used for whitelisting tokens."
    },
    {
        "projcts_name": "Linear-finance_linear",
        "num": 54,
        "created_user": "xJonathanLEI",
        "created_at": "2021-02-25T11:16:12Z",
        "closed_at": "2021-02-25T14:11:13Z",
        "merged_at": [],
        "label": "enhancement",
        "comments_data": [],
        "title": "Add support for delayed trade settlement",
        "body": "Current trades on `LnExchangeSystem` settles instantly, in that proceedings from trades are immediately available and spendable. While this is a desired property of an exchange, it also makes platforms like Linear where users trade against stakes vulnerable to front-running attacks, allowing front-runners to make riskless profits at the expense of the inflated debt of all stakes.\r\n\r\nA mechanism to defer trade settlement is needed to make such front-running infeasible, while ensuring the experience of legit users wouldn't be degraded too much.\r\n\r\nThis issue propose that `LnExchangeSystem` would lock up the source asset in a trade when `exchange()` is invoked, and only convert it into the destination asset when `settle()` is invoked after a configurable delay period.\r\n\r\n`settle()` needs to be permissionless to enable \"automatic\" settlement. Note that the current proposed implementation doesn't include an incentivization model to facilitate settlement, and one should be added in a future iteration."
    },
    {
        "projcts_name": "AcalaNetwork_Acala",
        "num": 1271,
        "created_user": "xlc",
        "created_at": "2021-07-28T10:03:05Z",
        "closed_at": "2021-08-10T03:25:06Z",
        "merged_at": [],
        "label": [],
        "comments_data": [],
        "title": "Ensure tx priority order",
        "body": "This reduces some front-running possibility.\r\n\r\nInherent -> Operational tx -> Unsigned tx -> Signed normal tx\r\n\r\nWe can modify this to adjust priority. Note that final priority is sum of all priority from all SignedExtensions\r\n\r\nhttps://github.com/AcalaNetwork/Acala/blob/e95a7d2848da829a9533129a337e13cb88849072/modules/transaction-payment/src/lib.rs#L723-L737\r\n\r\nInherent are always first and so we don't need to worry about it.\r\n\r\nNeeds some integration tests to check priority."
    },
    {
        "projcts_name": "connext_nxtp",
        "num": 869,
        "created_user": "LayneHaber",
        "created_at": "2022-03-17T17:27:20Z",
        "closed_at": "2022-04-07T17:16:51Z",
        "merged_at": [],
        "label": "Enhancement",
        "comments_data": [],
        "title": "[contracts] Relayer whitelist",
        "body": "Need to have a relayer whitelist to prevent front-running.\r\n\r\nShould have:\r\n\r\n- [ ] `relayers` mapping\r\n- [ ] `addRelayer` / `removeRelayer` whitelist permissioning\r\n- [ ] should only send the `relayerFee` to the relayer if the `msg.sender` is an approved relayer, otherwise should not payout `relayerFee` and instead would forward that to the `to`\r\n- [ ] update the `preflight.ts` task"
    },
    {
        "projcts_name": "enzymefinance_protocol",
        "num": 459,
        "created_user": "jennazenk",
        "created_at": "2018-06-12T07:33:25Z",
        "closed_at": "2018-06-25T13:32:42Z",
        "merged_at": [],
        "label": [],
        "comments_data": {
            "created": [
                "2018-06-21T10:30:51Z"
            ],
            "user_login": [
                "GauthamN"
            ]
        },
        "title": "CanonicalPriceFeed does not prevent price manipulation",
        "body": "## Details \r\nPrices from the price feed are used to enforce maximum buy-ins and, more importantly, to compute how much Melon (MLN) to invest in a contract. If a malicious actor is able to compromise the price feed, they can contribute a small amount of ether but receive a very large amount of MLN.\r\nThe price feed is based on a staking scheme. The point-in-time price is the median of the prices submitted by the top  n  stakers. The  burnStake  function ostensibly allows the feed owner to punish bad actors, but nothing prevents a malicious participant from removing their stake before it can be burned. An attack can be performed in a single transaction, in which an attacker:\r\n1. becomes all top  n  stakers (from different contracts),\r\n2. submits a malicious price from those contracts,\r\n3. registers for the competition (making use of that price), 4. and finally withdraws the stakes.\r\nAdditionally, an attacker could front-run transactions attempting to burn their stake.\r\n\r\n## Recommendation \r\nAny funds staked to participate in the price feed should be held for long enough that they can be later slashed as punishment. Stakers should not be able to withdraw their stake immediately, instead a significant delay should be added between unstaking and stakers being able to withdraw their stake.\r\n\r\n**1st response:**\r\nWe added a delay in the staking contract.\r\n**Solidified response:**\r\nUnfortunately the attempted fix does not properly address the issue. Melonport added a delay that prevents users from unstaking X amount of time after last staking. An attacker can wait an X + 1 amount of time, after initially staking and then perform the attack described above. What is needed is a withdraw delay after the last time they  influenced the price : so Melonport has sufficient time to realize a price manipulation has been attempted and burn the attacker\u2019s stake, before the attacker can remove their funds from danger. In other words the unstake action (the act of removing your influence from the price feed), should be distinct from withdrawal (the act of revoking custody from the stake bank and transferring the assets back to the staker). The delay needs to exist between these two actions without regard to when the user began staking.\r\n"
    },
    {
        "projcts_name": "lidofinance_lido-dao",
        "num": 402,
        "created_user": "TheDZhon",
        "created_at": "2022-02-09T15:52:26Z",
        "closed_at": "2022-05-11T09:47:49Z",
        "merged_at": null,
        "label": [],
        "comments_data": {
            "created": [
                "2022-05-11T09:47:49Z"
            ],
            "user_login": [
                "TheDZhon"
            ]
        },
        "title": "Feat: implement LIP-6/7",
        "body": "Context:\r\n- https://github.com/lidofinance/lido-improvement-proposals/blob/develop/LIPS/lip-6.md\r\n- https://github.com/lidofinance/lido-improvement-proposals/blob/develop/LIPS/lip-7.md\r\n\r\nPlenty of tooling changes were also included (Aragon Frontops, Kintsugi deploy from scratch)."
    },
    {
        "projcts_name": "lidofinance_lido-dao",
        "num": 357,
        "created_user": "skozin",
        "created_at": "2021-10-10T10:15:28Z",
        "closed_at": "2021-10-25T15:37:54Z",
        "merged_at": "2021-10-25T15:37:54Z",
        "label": [],
        "comments_data": {
            "created": [
                "2021-10-25T15:37:27Z"
            ],
            "user_login": [
                "skozin"
            ]
        },
        "title": "Protect from deposit front-running vulnerability",
        "body": "Context: https://research.lido.fi/t/mitigations-for-deposit-front-running-vulnerability/1239"
    },
    {
        "projcts_name": "superfluid-finance_protocol-monorepo",
        "num": 210,
        "created_user": "hellwolf",
        "created_at": "2021-01-25T21:57:02Z",
        "closed_at": "2021-01-26T11:28:27Z",
        "merged_at": [],
        "label": "Resolution: Wontfix",
        "comments_data": {
            "created": [
                "2021-01-25T23:39:24Z",
                "2021-01-26T11:28:24Z"
            ],
            "user_login": [
                "hellwolf",
                "hellwolf"
            ]
        },
        "title": "PVE004: Potential Front-running DOS for updateSuperTokenFactory()",
        "body": "![image](https://user-images.githubusercontent.com/186660/105771241-ebaaaa00-5f68-11eb-8f6c-8da9b68cf6c9.png)\r\n"
    }
]