[
    {
        "projcts_name": "OriginProtocol_origin-dollar",
        "num": 343,
        "created_user": "micahalcorn",
        "created_at": "2020-10-22T20:42:53Z",
        "closed_at": "2020-11-07T06:40:15Z",
        "merged_at": [],
        "label": "enhancement",
        "comments_data": {
            "created": [
                "2020-10-23T01:33:21Z",
                "2020-10-23T04:53:22Z",
                "2020-10-23T13:05:59Z",
                "2020-11-07T06:40:15Z"
            ],
            "user_login": [
                "tomlinton",
                "micahalcorn",
                "DanielVF",
                "micahalcorn"
            ]
        },
        "title": "Buffer-Aware Redeeming",
        "body": "In my experience, it takes around `900000` additional gas to handle a `redeem` when the buffer is low and USDC needs to be withdrawn from the Curve strategy. [I recently updated the defaults to accommodate this](https://github.com/OriginProtocol/origin-dollar/commit/417f95403b0d80db2a0fe9ed59d1e30f601a7c95). But now we're setting a dramatically higher limit than we need when the buffer is sufficient. It would be nice for the DApp to be able to estimate whether or not the proposed transaction is likely to exhaust the buffer and dip into one or more strategies.\r\n\r\nThis could also tie in well with [the idea of the DApp intelligently routing transactions to Uniswap](https://github.com/OriginProtocol/origin-dollar/issues/110#issuecomment-683020209) instead of the vault when it's more beneficial."
    },
    {
        "projcts_name": "KyberNetwork_smart-contracts",
        "num": 92,
        "created_user": "edeirme-zz",
        "created_at": "2018-01-29T13:14:55Z",
        "closed_at": "2018-02-02T19:20:56Z",
        "merged_at": [],
        "label": [],
        "comments_data": {
            "created": [
                "2018-01-29T14:59:36Z",
                "2018-01-30T13:04:17Z",
                "2018-01-30T13:18:07Z",
                "2018-01-30T13:48:32Z",
                "2018-02-02T19:20:56Z",
                "2018-02-19T10:56:58Z",
                "2018-02-19T11:49:45Z"
            ],
            "user_login": [
                "yaronvel",
                "edeirme-zz",
                "yaronvel",
                "edeirme-zz",
                "yaronvel",
                "edeirme-zz",
                "yaronvel"
            ]
        },
        "title": "Gas Limit attack on removeAlerter and removeOperator",
        "body": "The functions `removeOperator` and `removeAlerter` of the `PermissionGroups.sol` contract are subject to a Gas Limit attack. \r\n\r\nEvery action of a smart contract consumes gas. In case gas runs out, the contract will stop processing the transaction and the transaction will fail.\r\n\r\nBoth functions attempt to loop over the `operatorsGroup` and `alertersGroup` respectively without having a way to control the max number of iterations. \r\n\r\nIn case those arrays are very large the `for` loop will consume all the gas and the transaction will fail.\r\n\r\nCurrently, there is no limit on the number of operators or alerters that can be added to the contract.\r\n\r\nThe impact of this issue is that in case a very big number of alerters or operators are added to the relevant arrays, the functions `removeOperator` or `removeAlerter` will become dysfunctional, being able to remove only alerters or operators being at the beginning of the `operatorsGroup` and `alertersGroup` arrays or at least before the transaction runs out of gas.\r\n\r\nAs a solution to this issue, the introduction of a limit to the number of operators or alerters is advised. \r\n\r\nVulnerable snippet\r\n\r\n\r\n```  \r\n    for (uint i = 0; i < operatorsGroup.length; ++i) {\r\n       if (operatorsGroup[i] == operator) {\r\n                operatorsGroup[i] = operatorsGroup[operatorsGroup.length - 1];\r\n                operatorsGroup.length -= 1;\r\n                OperatorAdded(operator, false);\r\n                break;\r\n            }\r\n        }\r\n\r\n```\r\n     \r\n```\r\n        for (uint i = 0; i < alertersGroup.length; ++i) {\r\n            if (alertersGroup[i] == alerter) {\r\n                alertersGroup[i] = alertersGroup[alertersGroup.length - 1];\r\n                alertersGroup.length--;\r\n                AlerterAdded(alerter, false);\r\n                break;\r\n            }\r\n        }\r\n```\r\n\r\n\r\n"
    }
]