[
    {
        "projcts_name": "yieldprotocol_vault-v2",
        "num": 85,
        "created_user": "alcueca",
        "created_at": "2021-03-19T21:44:05Z",
        "closed_at": "2021-03-29T08:27:23Z",
        "merged_at": null,
        "label": [],
        "comments_data": {
            "created": [
                "2021-03-24T16:48:33Z",
                "2021-03-24T21:07:12Z",
                "2021-03-29T08:27:23Z"
            ],
            "user_login": [
                "aniemerg",
                "alcueca",
                "alcueca"
            ]
        },
        "title": "Call forwarding",
        "body": "A controlled call forwarding might be a useful generic tool. It introduces a new governance attack vector, but we are already completely exposed to governance attacks anyway.\r\n\r\nIt could be used for example to integrate to the TLM.\r\n1. Once-off fyDai.approve(tlm.address, MAX)\r\n2. Allow call forwarding of `tlm.sellGem`\r\n\r\nOnce that is set, the user could multicall a to borrow fyDai into the Ladle, and then sell that to the TLM.\r\n\r\nA second example would be to migrate WETH contracts (from WETH9 to WETH10) by allowing `weth10.depositTo` and `weth10.withdrawTo`\r\n\r\nSimilar integrations are easy to find, where the user accumulates assets in the `Ladle` before sending them off somewhere for further processing.\r\n\r\nHowever, this pattern would be not needed anymore once EOAs can batch transactions, so maybe we skip it."
    }
]