[
    {
        "projcts_name": "balancer-labs_balancer-v2-monorepo",
        "num": 1314,
        "created_user": "TomAFrench",
        "created_at": "2022-05-23T14:40:06Z",
        "closed_at": "2022-05-24T13:03:45Z",
        "merged_at": "2022-05-24T13:03:45Z",
        "label": [],
        "comments_data": [],
        "title": "Only allow root to schedule a change to a delay",
        "body": "We only really expect a delay to be set up at around the same time at which we're performing the initial setup of a new permission. As it's an infrequent action with potential for griefing (a 2 year delay to withdraw protocol fees wouldn't be fun) it makes sense that only the root can perform this action."
    },
    {
        "projcts_name": "balancer-labs_balancer-v2-monorepo",
        "num": 647,
        "created_user": "gtaschuk",
        "created_at": "2021-06-18T01:40:38Z",
        "closed_at": "2021-06-22T21:48:22Z",
        "merged_at": "2021-06-22T21:48:22Z",
        "label": [],
        "comments_data": {
            "created": [
                "2021-06-21T17:19:50Z"
            ],
            "user_login": [
                "gtaschuk"
            ]
        },
        "title": "Multiple rewarders per rewards token",
        "body": "LP can now claim rewards from multiple rewarders for pools where they have staked bpt.\r\n\r\nFor instance, a pool with multiple tokens lent out to aave would earn stkAAVE from multiple asset managers (1 per token).\r\n\r\nWhenever an LP stakes or unstakes, the rewards they have earned thus far are calculated, to account for the rewards they earned with their historical bpt staked.  Since this has to happen on the full set of rewards for a pool (the set of {reward token, rewarder} combinations), we need to limit (whitelist) who can issue rewards, to avoid griefing attacks (from unbounded iteration).\r\n\r\nThis has no hard-coded upper limit on `O(rewardTokens*rewarders)`, running out of gas could prevent you from receiving any rewards for a pool (and only that pool)\r\n\r\n**Rewarders*\r\n- Any address the pool adds to a whitelist, as they can flexibly work in the LPs best interest\r\n- The owner of the contract can whitelist rewarders so balancer governance can add rewards, including BAL and approved airdrops\r\n- Any of the pool's asset managers in the pool - thinking that the asset managers are acting in the pool's best interests.\r\n\r\n**s/stakingToken/pool**\r\n\r\nAssume that every staking token is a pool.  The asset manager implicit whitelist logic relies on the staked tokens being bpt (when it calls `getPoolId()`), I renamed `stakingToken`s to `pool`s, which I think makes this contract much easier to understand.\r\n\r\nThis was designed around a use case of instant rewards (rewardDuration = 1s)"
    },
    {
        "projcts_name": "balancer-labs_balancer-v2-monorepo",
        "num": 576,
        "created_user": "nventuro",
        "created_at": "2021-05-21T16:02:40Z",
        "closed_at": "2021-06-14T19:29:53Z",
        "merged_at": [],
        "label": [],
        "comments_data": {
            "created": [
                "2021-05-21T19:35:46Z",
                "2021-05-21T20:02:11Z",
                "2021-05-21T23:07:51Z",
                "2021-05-24T18:43:14Z",
                "2021-05-27T17:41:54Z",
                "2021-06-14T19:29:53Z"
            ],
            "user_login": [
                "TomAFrench",
                "nventuro",
                "TomAFrench",
                "TomAFrench",
                "nventuro",
                "nventuro"
            ]
        },
        "title": "Make large LPs rebalance Asset Managers on join/exit",
        "body": "There are two things that can cause an Asset Manager to be unbalanced (far from its target investment percentage):\r\n - large price swings, which derive in cash moving from one token to the other via swaps\r\n - large LPs joining or existing, increasing or decreasing total cash\r\n\r\nWhile the former is dependent on 'the market', the latter can be triggered by independent actors, opening up griefing vectors. We should prevent this from happening by making large joins or exits rebalance the Asset Manager. Note that this is _not_ the same as making sure the Pool has enough cash to support a large exit.\r\n\r\nA slight complication is that the Pool's balances are altered _after_ the join/exit hook finishes execution, so rebalancing after this happens might prove tricky."
    },
    {
        "projcts_name": "hop-protocol_contracts",
        "num": 28,
        "created_user": "cwhinfrey",
        "created_at": "2021-03-03T08:08:18Z",
        "closed_at": "2021-03-04T00:46:56Z",
        "merged_at": "2021-03-04T00:46:56Z",
        "label": [],
        "comments_data": {
            "created": [
                "2021-03-04T00:08:59Z"
            ],
            "user_login": [
                "cwhinfrey"
            ]
        },
        "title": "Feature/internal audit 4",
        "body": "* Add ability to pause sends to chainIds\r\n  * Allows supported chains to be shut down\r\n* Require TransferRoot is bonded after it is committed\r\n  * Keeps Bonders from tricking challengers into challenging a future TransferRoot\r\n* Only distribute relayerFee when bonding\r\n  * Keeps outside accounts from calling withdraw and claiming relayerFee\r\n* relayerFee -> bonderFee\r\n  * Name change\r\n* Add a minimum bonder fee\r\n  * Mitigate griefing attacks from both very large sends and many small sends\r\n* Add relayer fee for L1 -> L2 payments\r\n  * Allows a relayer to collect a fee and recoup any L2 gas costs"
    },
    {
        "projcts_name": "balancer-labs_balancer-v2-monorepo",
        "num": 689,
        "created_user": "nventuro",
        "created_at": "2021-06-30T17:52:10Z",
        "closed_at": "2021-10-16T02:51:08Z",
        "merged_at": [],
        "label": [],
        "comments_data": [],
        "title": "Relayer multicall reentrancy protection",
        "body": "We're planning on having relayers that use Multicall (chiefly, the Batch Relayer) rely on 'global' state (e.g. relayer token balances) for some actions, such as returning all owned tokens (dust) to the caller at the end. This requires reentrancy protection to avoid having an attacker re-enter the relayer and sweep these amounts.\r\n\r\n@TomAFrench proposed a very interesting pattern: make the relayer contract _only_ have the `multicall` function in its external interface, and have a separate secondary contract with the `joinPool`, `approveRelayer`, etc. functions that the relayer will `delegatecall` into. This means that:\r\n - the secondary contract is by itself unusable because it is not a relayer: all calls to the Vault will fail\r\n - there is a single entry point in the relayer (`multicall`), which can be reentrancy-protected, while it can still 're-enter' the join, swap, etc. functions that are delegatecall-ed into in the secondary contract"
    },
    {
        "projcts_name": "yieldprotocol_vault-v2",
        "num": 244,
        "created_user": "alcueca",
        "created_at": "2021-07-14T10:42:30Z",
        "closed_at": "2021-07-15T04:38:49Z",
        "merged_at": "2021-07-15T04:38:49Z",
        "label": [],
        "comments_data": [],
        "title": "fix: make factories auth to avoid griefing attacks",
        "body": "If anyone can use our factories to create Joins and FYTokens, they could front-run us for a denial-of-service attack. It would only stop us from adding assets, but it would be annoying. Better to fix it now."
    },
    {
        "projcts_name": "yieldprotocol_vault-v2",
        "num": 210,
        "created_user": "alcueca",
        "created_at": "2021-06-04T09:59:06Z",
        "closed_at": "2021-06-23T07:25:06Z",
        "merged_at": "2021-06-23T07:25:06Z",
        "label": [],
        "comments_data": [],
        "title": "Fix vault build griefing attack",
        "body": "[Code Arena Issue 43](https://github.com/code-423n4/2021-05-yield-findings/issues/43)"
    },
    {
        "projcts_name": "pooltogether_pooltogether-pool-contracts",
        "num": 45,
        "created_user": "asselstine",
        "created_at": "2020-06-23T19:39:56Z",
        "closed_at": "2020-06-24T18:27:12Z",
        "merged_at": "2020-06-24T18:27:12Z",
        "label": [],
        "comments_data": {
            "created": [
                "2020-06-23T19:39:58Z"
            ],
            "user_login": [
                "linear-app[bot]"
            ]
        },
        "title": "Feature/pool 201 erc777 is deeply vulnerable to griefing",
        "body": "Completed conversion from ERC777 to ERC20"
    },
    {
        "projcts_name": "superfluid-finance_protocol-monorepo",
        "num": 469,
        "created_user": "d10r",
        "created_at": "2021-10-28T21:42:45Z",
        "closed_at": "2021-10-29T07:37:48Z",
        "merged_at": "2021-10-29T07:37:48Z",
        "label": [],
        "comments_data": {
            "created": [
                "2021-10-28T21:47:33Z"
            ],
            "user_login": [
                "github-actions[bot]"
            ]
        },
        "title": "Added gas griefing prevention",
        "body": "With this changes, a malicious PIC can nomore prevent being outbid by installing an ERC777 send() hook which drains all enough gas for the calling TOGA contract to run out of gas."
    },
    {
        "projcts_name": "Synthetixio_synthetix",
        "num": 899,
        "created_user": "justinjmoses",
        "created_at": "2020-11-16T20:57:48Z",
        "closed_at": "2020-11-17T00:30:21Z",
        "merged_at": null,
        "label": [],
        "comments_data": {
            "created": [
                "2020-11-17T00:30:21Z"
            ],
            "user_login": [
                "justinjmoses"
            ]
        },
        "title": "RFC: Resolver cache overhaul",
        "body": "**Goal**\r\nTo reduce the load on deploys - processing many `setResolverAndSyncCache` calls is simply not scalable. \r\n\r\n**Solidity Improvements**\r\n* `AddressResolver.importAddresses()` now invokes the protected `invalidateCache()` function (protected to prevent griefing) for each `MixinResolver` target, where implemented\r\n* `AddressResolver.importAddresses()` emits an event `AddressImported` for each address added\r\n* `MixinResolver` has flag `isCacheValid`. When not valid, the view `requireAndGetAddress()` will revert (ensuring cache's are always up to date). This ensures caches are always rebuilt after imports otherwise the system will fail\r\n* `MixinResolver` has a `rebuildCache()` function (publicly available) for the contract to rebuild it's cache and flip the cache flag\r\n* `AddressResolver.rebuildCaches` is exposed (and non-protected), for use on deployment to batch up\r\n* `MixinResolver` no longer needs the `Owner` pattern\r\n* `MixinResolver.requireAndGetAddress()` uses `abi.encodePacked` for string concatenation and a simpler API.\r\n\r\n**Deployment Improvements**\r\n* All targets added to the `AddressResolver`\r\n* All targets that have `MixinResolver.rebuildCache` exposed, will be added to a batched `AddressResolver.rebuildCaches` invocation\r\n\r\n**Stats**\r\n* `AddressResolver.importAddresses(all 140 local targets)` takes approximately **4.8m gas**\r\n* `AddressResolver.rebuildCaches(all 47 local contracts with MixinResolver)` takes approximately **7.8m gas**\r\n\r\n**Known Issues**\r\n* `SynthetixBridge*` contracts will fail on `rebuildCache()` for those contracts with `:` in them. One potential solution is add checks to `rebuildCache` that will pass on anything with a `:` in it (a bit more gas intensive as it would have to loop over each character in the `bytes` array). c @i-stam @ajsantander "
    },
    {
        "projcts_name": "Uniswap_v3-core",
        "num": 391,
        "created_user": "NoahZinsmeister",
        "created_at": "2021-02-09T21:27:48Z",
        "closed_at": "2021-02-12T23:02:31Z",
        "merged_at": null,
        "label": "refactoring",
        "comments_data": {
            "created": [
                "2021-02-09T21:36:06Z",
                "2021-02-09T21:36:55Z",
                "2021-02-09T21:37:57Z",
                "2021-02-09T21:40:05Z",
                "2021-02-09T21:56:54Z",
                "2021-02-09T22:00:41Z",
                "2021-02-09T22:05:05Z",
                "2021-02-09T22:06:21Z",
                "2021-02-10T02:52:06Z",
                "2021-02-10T18:43:31Z",
                "2021-02-10T19:04:11Z"
            ],
            "user_login": [
                "moodysalem",
                "NoahZinsmeister",
                "moodysalem",
                "NoahZinsmeister",
                "moodysalem",
                "NoahZinsmeister",
                "moodysalem",
                "NoahZinsmeister",
                "moodysalem",
                "NoahZinsmeister",
                "moodysalem"
            ]
        },
        "title": "linear fee penalty",
        "body": "this pr introduces a _fee penalty_. every time a positions is `mint`ed to, the current time is recorded. every time that position's fees are calculated, if the last time the position was `mint`ed to was < 1 minute ago (hard-coded param for the time being), fees accrued are discounted linearly. so, for 0 seconds (i.e. the position was minted in this block), all fees are foregone and given to the protocol; for 30 seconds, half.\r\n\r\nnote that this does introduce a griefing vector where you can force a position to forgo fees accrued within the last minute by paying the gas for it, but once the threshold has passed you're guaranteed not to be penalized on already earned fees. ~if we like this general approach it's probably worth thinking a bit more about this attack and possible further mitigations. for example, we could require that minting an additional amount to a position must be at least some % of the current liquidity, etc.~\r\n\r\nwe also don't have to decay the penalty if we're worried about e.g. mining 2 blocks in a row\r\n\r\nupdate: to address the griefing vector, i added an implementation requiring a 1% increase in liquidity per `mint`"
    },
    {
        "projcts_name": "Uniswap_v3-core",
        "num": 147,
        "created_user": "NoahZinsmeister",
        "created_at": "2020-11-20T22:32:51Z",
        "closed_at": "2020-11-25T18:42:33Z",
        "merged_at": [],
        "label": [],
        "comments_data": {
            "created": [
                "2020-11-20T23:02:19Z"
            ],
            "user_login": [
                "moodysalem"
            ]
        },
        "title": "flash mint fee vote griefing vector",
        "body": "there's a griefing vector right now where it is possible to flash mint a bunch of liquidity that votes for the highest fee, force swappers to pay it, then remove liquidity. this is an accentuation of the \"attack\" described in the v2 audit: https://uniswap.org/audit.html#org8a14920\r\n\r\nwe could ameliorate this by just using the feeFloor as the fee directly and not as a fee floor, reverting back to the economics of the \"attack\" in v2"
    },
    {
        "projcts_name": "UMAprotocol_protocol",
        "num": 2837,
        "created_user": "pemulis",
        "created_at": "2021-04-06T22:06:57Z",
        "closed_at": "2021-04-07T23:55:44Z",
        "merged_at": "2021-04-07T23:55:44Z",
        "label": [],
        "comments_data": [],
        "title": "feat(call): allow anyone to set strike price in covered call library",
        "body": "Signed-off-by: John Shutt <john.d.shutt@gmail.com>\r\n\r\n<!--\r\n  Thanks for submitting a pull request!\r\n  We appreciate you spending the time to work on these changes. Please provide enough information so that others can review your pull request. The three fields below are mandatory.\r\n-->\r\n\r\n<!--\r\n  Title\r\n  Please include a concise title that briefly describes the change.\r\n  Titles should follow https://www.conventionalcommits.org/.\r\n  They should also be in the present simple tense.\r\n\r\n  Examples:\r\n\r\n  feat(dvm): adds a new function to compute voting rewards offchain\r\n  fix(monitor): fixes broken link in liquidation log\r\n  feat(voter-dapp): adds countdown timer component to the header\r\n  build(solc): updates solc version to 0.6.12\r\n  improve(emp-client): parallelizes web3 calls to improve performance\r\n\r\n  For examples of other types (feat, fix, build, improve) and what they mean, take a look at the angular list:\r\n  https://github.com/angular/angular/blob/22b96b9/CONTRIBUTING.md#type\r\n\r\n  See https://github.com/UMAprotocol/protocol/blob/master/CONTRIBUTING.md#conventional-commits for more details on PR\r\n  title expectations.\r\n-->\r\n\r\n\r\n**Motivation**\r\n\r\nUpdates financial product library to allow anyone to set the strike price for a newly deployed covered call. Previously, only the deployer of the _library_ contract can set the strike price for a covered call contract using the library, which limits the reusability of the library, as each deployer would need to deploy their own library.\r\n\r\nThere is a limited risk of an uneconomical griefing attack, where someone (for some reason) sets the strike price of a covered call contract before the deployer sets the strike price. There is no incentive to do so, but if it became a problem for some reason, deployment of the covered call and setting of the strike price could be done via an atomic transaction.\r\n\r\nA different risk would be an improper deployment order of operations, where the deployer mints call options and uses them to seed an AMM pool before setting a strike price in the contract. That could create an economic incentive for someone else to set an incorrect strike price. (This risk is similar, conceptually, to the risk of misconfiguration of EMP parameters, like a too-low collateralization ratio.)\r\n\r\nDocumentation for covered call deployment should emphasize that the strike price should be set after deploying the covered call contract and before minting any options.\r\n\r\n\r\n**Summary**\r\n\r\nRemoves `Ownable` and the `onlyOwner` modifier in the set strike price method.\r\n\r\n\r\n**Details**\r\n\r\nn/a\r\n\r\n\r\n**Testing**\r\n\r\nCheck a box to describe how you tested these changes and list the steps for reviewers to test.\r\n\r\n- [ ]  Ran end-to-end test, running the code as in production\r\n- [ ]  New unit tests created\r\n- [x]  Existing tests adequate, no new tests required\r\n- [ ]  All existing tests pass\r\n- [ ]  Untested\r\n\r\n\r\n**Issue(s)**\r\n\r\n<!-- This PR must fix or refer to one or more issues. Please list them here. -->\r\nFixes #XXXX\r\n"
    }
]