[
    {
        "projcts_name": "balancer-labs_balancer-v2-monorepo",
        "num": 1284,
        "created_user": "nventuro",
        "created_at": "2022-05-05T17:48:05Z",
        "closed_at": "2022-05-17T16:09:21Z",
        "merged_at": "2022-05-17T16:09:21Z",
        "label": [],
        "comments_data": {
            "created": [
                "2022-05-17T11:35:50Z"
            ],
            "user_login": [
                "TomAFrench"
            ]
        },
        "title": "Check deployment outputs",
        "body": "With #1283, tasks now have different modes. This PR adds a new mode `CHECK`, which is used to verify that the addresses stored in the `outputs` directories correspond to the build infos plus inputs. This is a work in progress, as it requires interacting with a Tenderly endpoint that is not yet public.\r\n\r\nThe CHECK mode compares the data of the output contract creation transaction (which Tenderly reports) against the creation code + arguments that the task attempts to deploy. On success, it returns the previously deployed instance to support tasks that deploy multiple contracts, call functions on them, use their addresses, etc.\r\n\r\nWe will likely have to add a list of known exceptions for e.g. the relayer entrypoints, which are automatically deployed by relayer libraries."
    },
    {
        "projcts_name": "keep-network_keep-core",
        "num": 1212,
        "created_user": "pdyraga",
        "created_at": "2019-12-06T10:47:45Z",
        "closed_at": "2019-12-12T17:50:12Z",
        "merged_at": [],
        "label": "\ud83d\udc1b bug",
        "comments_data": [],
        "title": "Relay entry verification gas cost peaks",
        "body": "Every few relay entry verifications there is a serious peak in the gas cost. This can be observed by running the relay locally with `pricing-test.js` and `gas-used-test.js`:\r\n\r\n```\r\nEvent [RelayEntryRequested] with transaction [0x2456f3ba1e1622f559b5e8fd7b10b0fe0d588702cc8115333654f3d0a9dda0bd] - gas used: 362871\r\nEvent [RelayEntrySubmitted] with transaction [0x0945598a1544e6c7476a3428a999c899e37012bdfbbf8433cbe9212d0e486daa] - gas used: 345002\r\nEvent [GroupSelectionStarted] with transaction [0x0945598a1544e6c7476a3428a999c899e37012bdfbbf8433cbe9212d0e486daa] - gas used: 345002\r\nEvent [RelayEntryRequested] with transaction [0x3e02fc7315951d6e528ea48bd0b9a09bb4e9595ff9df08c9634df9584fd39fd5] - gas used: 244556\r\nEvent [RelayEntrySubmitted] with transaction [0x194634910ec10fa24c4a5fb2e96476ce0bcc562cdbdbff5bf25e0f805f4226da] - gas used: 229987\r\nEvent [RelayEntryRequested] with transaction [0xb1fb85efc0456ab3c6c53ddf22428664e0dfef87f79de5d7376724ea5c423157] - gas used: 244556\r\nEvent [RelayEntrySubmitted] with transaction [0x89337d222340a80bb186cae68274ab69b701def5c84c425b768b27312f4b1544] - gas used: 212825\r\nEvent [RelayEntryRequested] with transaction [0x25958628b05676d290bc8b23488fd500dc8d80a4dd2c8b4db7088768e0856ba5] - gas used: 244556\r\nEvent [RelayEntrySubmitted] with transaction [0xe2cc661ee68afec29c439eea4bccc7a0257de5caf35d5887bbaa1f6f86c12c93] - gas used: 229975\r\nEvent [RelayEntryRequested] with transaction [0x879d92c57da32a0792ec32c8c860ddb496d026af87b8a268eff302c5cc7f0c7a] - gas used: 244556\r\nEvent [RelayEntrySubmitted] with transaction [0x50e76fd8fef91ff78cb71c16799ce1023cba75b7c8e4bea2ac873d1765d6d36f] - gas used: 229963\r\nEvent [RelayEntryRequested] with transaction [0xad30c88804e3a51d0a5638c9e75a9eb8cb468b81c55d55d0907180dad54dc1bd] - gas used: 244556\r\nEvent [RelayEntrySubmitted] with transaction [0xa00a9765b3ca4e4cc4338c821cae12c590502b5c80e6020ab9c35e0a2ac51c81] - gas used: 229987\r\nEvent [RelayEntryRequested] with transaction [0x366ef77db83743ecea9f3176365dc4b51bf0541e6bc47bd42ad5d2d85260af19] - gas used: 244556\r\nEvent [RelayEntrySubmitted] with transaction [0xca169d1029b4e22f7454888799e4795b72dfd8338bdc97466bd65b2bfa1d19a3] - gas used: 212837\r\nEvent [RelayEntryRequested] with transaction [0x61b3104aaf1e6d34d50151d1e787ff466ae9b5951f0ac40105e2b29a975bd4e5] - gas used: 244556\r\nEvent [RelayEntrySubmitted] with transaction [0x83dd682fab5348827a867404f9bccf810546a96f670478dec655fe9021f1f006] - gas used: 229963\r\nEvent [RelayEntryRequested] with transaction [0xe42e1b5b1347bb7125c02afab3812e76ec40263575414bb8d175869a6aa6677a] - gas used: 244556\r\nEvent [RelayEntrySubmitted] with transaction [0x7cfcbd683dc39a3e2492e05c3c1fdca62aff90c0bb56a7888500db169c64bc2d] - gas used: 229975\r\nEvent [RelayEntryRequested] with transaction [0x23a6c7e10495c844c295c5e401f1d1ca8a92f910400457f4db57b02d5a924c32] - gas used: 244556\r\nEvent [RelayEntrySubmitted] with transaction [0xee20623f85094661d4825c6eed725394e43d2c7418acf5cd1133fd11902bdae4] - gas used: 212825\r\nEvent [RelayEntryRequested] with transaction [0x024a1aae61f9e43deb8ae7edcdd10675a3728ab95672a6d7cc1b04c35a7a63c6] - gas used: 244556\r\nEvent [RelayEntrySubmitted] with transaction [0xabd6ed62a89965cdcb87bf3f2498a471dfbdb5d7e3a8a63952c942caec24d0b4] - gas used: 212837\r\nEvent [RelayEntryRequested] with transaction [0x8173cf65f6723216071dde868ad3e0360d9a09aa44bfda1efddee016bb5aa3e3] - gas used: 244556\r\nEvent [RelayEntrySubmitted] with transaction [0xd1861121483114454fd1fa3e59dfa26453690538b1ecf0be33b3ebc4414bb4e2] - gas used: 229987\r\nEvent [RelayEntryRequested] with transaction [0x194760def6787efa817f2d6d312e3bf97c6ca8455bc42342e542c56feb582078] - gas used: 244556\r\nEvent [RelayEntrySubmitted] with transaction [0x57e0fad13288cd8a6ec5d242e50b1c366386250becad882e09887d421a89279b] - gas used: 229987\r\nEvent [RelayEntryRequested] with transaction [0x8e7220e73bfd940aaceb0683fa2b5e20e718dbd95d9645ee45e2080c9938c6e8] - gas used: 244556\r\nEvent [RelayEntrySubmitted] with transaction [0xd2bd08f64e9baeaa42ac1997e5cf45c0e3a719c7ea02c6bcbb6ed79b4121f5b4] - gas used: 229987\r\nEvent [RelayEntryRequested] with transaction [0x2fa88272c2fd25b7c257d93c584f5125f7c8386a7fb8625eba7da74c686410c8] - gas used: 244556\r\nEvent [RelayEntrySubmitted] with transaction [0xb060997a9ee8f391f1eb01e53ddc47b3752437e0966756d5ab604aeac567f681] - gas used: 229987\r\nEvent [RelayEntryRequested] with transaction [0x31fa9129fdc8048250302045ba26cb932bd739bcf14f4b696717a202ada2d31b] - gas used: 244556\r\nEvent [RelayEntrySubmitted] with transaction [0x57fb63380c15392edd1cd01f4ddf37f8d1d9ee07c3a59d1662c3abc4f6ff5b04] - gas used: 1094496 <--- !!!\r\n...\r\n```\r\n"
    },
    {
        "projcts_name": "keep-network_keep-core",
        "num": 1179,
        "created_user": "pdyraga",
        "created_at": "2019-11-30T19:31:30Z",
        "closed_at": "2019-12-02T14:04:38Z",
        "merged_at": "2019-12-02T14:04:38Z",
        "label": [],
        "comments_data": [],
        "title": "Uncompressed G1 relay entry",
        "body": "Refs: #1096\r\n~~Depends on #1178~~ \r\n\r\nWith this change, we remove the need for executing `g1Decompress` and `g1HashToPoint` functions inside `BLS.verify` what will reduce the gas cost of BLS verification.\r\n\r\nThose two functions were two the most expensive parts of BLS verification, not including the pairing check.\r\n\r\nSince in the threshold relay, we'll be always signing the previous value, and the previous value is G1 point, we can omit `g1HashToPoint` call.\r\n\r\nAlso, if we store signature uncompressed, we can avoid calling `g1Decompress`. This will slightly increase the cost of storage but `g1Decompress` is much more expensive so it is a win anyway.\r\n\r\nThe gas cost of entry verification goes down as follows:\r\n```\r\nestimate: 432597 -> 369543 (-63054)\r\ngasUsed:  417597 -> 354543 (-63054)\r\n```\r\n\r\nThose metrics were evaluated using `TestKeepRandomBeaconOperatorRelayEntry.js`, just like in #1178 and #1177. The verification gas cost on Istanbul-enabled client is much lower due to [EIP-1108](https://github.com/ethereum/EIPs/blob/master/EIPS/eip-1108.md) change:\r\n```\r\n> eth.getTransactionReceipt(\"0x88a74741bac8fa5e475a69c9a775c4495712c470a8102bf66055f8f215ffff71\").gasUsed;\r\n227881\r\n> eth.getTransactionReceipt(\"0x6558a202159070c38102df2140540c81ce448959811700133b231b96201c88dc\").gasUsed;\r\n212881\r\n> eth.getTransactionReceipt(\"0x21b56ed82e055f565a0450f59402a24105d3071b760b4444a4ed8b9cc4a0e81a\").gasUsed;\r\n212881\r\n> eth.getTransactionReceipt(\"0x040ee205834e26beee88e7e037603d0f326cf9b3cccac51765823a1ee98cc7ed\").gasUsed;\r\n212869\r\n> eth.getTransactionReceipt(\"0x38edc9136201dddb99aa0b4bb34ab20b38a40d8030c628eb3ac286cfa5764953\").gasUsed;\r\n212881\r\n```"
    },
    {
        "projcts_name": "liquity_dev",
        "num": 19,
        "created_user": "danielattilasimon",
        "created_at": "2020-03-16T09:12:17Z",
        "closed_at": "2020-04-13T12:29:37Z",
        "merged_at": [],
        "label": "enhancement",
        "comments_data": {
            "created": [
                "2020-04-13T12:29:37Z"
            ],
            "user_login": [
                "danielattilasimon"
            ]
        },
        "title": "Frontend should check balances before trying transactions",
        "body": "Currently, the frontend does not check the user's ETH or QUI balance before attempting a transaction that would lower either. In the case of ETH, this is less of an issue because the wallet will most likely alert the user about their funds being insufficient (e.g. MetaMask does). But for QUI this is particularly annoying, since the user only sees a failed transaction without a wallet pop-up.\r\n\r\nThe frontend should verify the user's balance before allowing a transaction, disable or enable the submission button accordingly, and provide a tip in case of insufficient balance."
    }
]