[
    {
        "projcts_name": "balancer-labs_balancer-v2-monorepo",
        "num": 846,
        "created_user": "gtaschuk",
        "created_at": "2021-09-17T21:19:49Z",
        "closed_at": "2021-09-20T16:00:23Z",
        "merged_at": "2021-09-20T16:00:23Z",
        "label": [],
        "comments_data": [],
        "title": "Distributors: Stake with permit (OZ-M01)",
        "body": "Fixes behavior of stake with permit to allow a user to stake tokens on another users behalf\r\n\r\nAs noted here https://github.com/balancer-labs/balancer-v2-monorepo/pull/801#discussion_r701839593 `msg.sender` must stake the user with the LP as the recipient to avoid mempool attacks"
    },
    {
        "projcts_name": "osmosis-labs_osmosis",
        "num": 380,
        "created_user": "ValarDragon",
        "created_at": "2021-07-13T18:05:08Z",
        "closed_at": "2021-08-05T03:37:29Z",
        "merged_at": [],
        "label": "C:x/gamm",
        "comments_data": {
            "created": [
                "2021-08-05T03:37:29Z"
            ],
            "user_login": [
                "ValarDragon"
            ]
        },
        "title": "Make an osmo fee for creating a pool that goes to community pool",
        "body": "We should add a governance parameter for an OSMO fee that is paid upon creating a pool, that then gets sent to the community pool.\r\n\r\nThis is a fee that the submitter of the pool creation tx would have to pay, so as to prevent spamming of many unimportant pools that will burden front end developers for the rest of time."
    }
]