[
    {
        "projcts_name": "balancer-labs_balancer-v2-monorepo",
        "num": 1227,
        "created_user": "TomAFrench",
        "created_at": "2022-04-11T12:20:01Z",
        "closed_at": "2022-04-11T22:41:22Z",
        "merged_at": "2022-04-11T22:41:22Z",
        "label": [],
        "comments_data": [],
        "title": "Add SafeMath to FeeDistributor",
        "body": "I've checked over all the usage of arithmetic and added comments in situations where SafeMath is unnecessary and SafeMath where it is potentially necessary.\r\n\r\nAs much of the maths in this contract uses timestamps and user epochs which are small we don't need SafeMath in many places. In fact the only place I can see needing it is when checking how many new tokens the contract has received: if someone can forcibly burn some tokens from the FeeDistributor address is could cause an underflow when calculating how many new tokens to distribute."
    },
    {
        "projcts_name": "balancer-labs_balancer-v2-monorepo",
        "num": 683,
        "created_user": "TomAFrench",
        "created_at": "2021-06-29T17:58:03Z",
        "closed_at": "2021-06-29T19:05:37Z",
        "merged_at": "2021-06-29T19:05:37Z",
        "label": [],
        "comments_data": [],
        "title": "Certora fixes related to asset managers",
        "body": "Addressed:\r\n- Optimization - excess calculations\r\n- Unnecessary checked arithmetics\r\n- Missing function from interface\r\n- Unused return variable names\r\n- Documentation errors, grammatical mistakes, and typos\r\n\r\nNot addressed in this PR:\r\n- Unsafe casting to int256\r\n- Edge case reverts due to unsafe addition\r\n- Overflow\r\n- Wrong documentation\r\n- Incomplete documentation\r\n"
    },
    {
        "projcts_name": "balancer-labs_balancer-v2-monorepo",
        "num": 134,
        "created_user": "nventuro",
        "created_at": "2020-11-20T20:58:55Z",
        "closed_at": "2021-02-11T01:05:12Z",
        "merged_at": [],
        "label": [],
        "comments_data": {
            "created": [
                "2020-12-04T19:16:58Z",
                "2021-01-09T16:15:24Z"
            ],
            "user_login": [
                "nventuro",
                "dmf7z"
            ]
        },
        "title": "Make all Vault arithmetic overflow safe",
        "body": "There's plenty of unchecked addition and substraction going around, we need to make sure we're preventing all possible instances of overflow. There's a few instances where we know overflow is impossible (e.g. because a previous `if` just checked for that indirectly): in those cases we should have a comment explaining so."
    },
    {
        "projcts_name": "balancer-labs_balancer-v2-monorepo",
        "num": 1372,
        "created_user": "nventuro",
        "created_at": "2022-06-09T19:10:25Z",
        "closed_at": "2022-06-09T19:39:03Z",
        "merged_at": "2022-06-09T19:39:03Z",
        "label": [],
        "comments_data": [],
        "title": "Add missing overflow check on stable invariant",
        "body": "Spotted in a code review with @rabmarut, this addition from [line 210 of the Curve code](https://etherscan.io/address/0xbEbc44782C7dB0a1A60Cb6fe97d0b483032FF1C7#code) should have an overflow check, as Vyper does by default."
    },
    {
        "projcts_name": "balancer-labs_balancer-v2-monorepo",
        "num": 1060,
        "created_user": "TomAFrench",
        "created_at": "2021-12-06T22:57:58Z",
        "closed_at": "2022-01-11T14:43:31Z",
        "merged_at": null,
        "label": [],
        "comments_data": {
            "created": [
                "2021-12-06T23:37:22Z",
                "2022-01-11T14:43:31Z"
            ],
            "user_login": [
                "TomAFrench",
                "TomAFrench"
            ]
        },
        "title": "MultiDistributor: optimise storage layout of Distribution struct",
        "body": "This PR massively reduces the costs of all actions which update a subscribed distribution channel but I need to do some thinking about what risks it introduces so it's just a draft for now.\r\n\r\nDumping my thoughts below to get them in order (and so others can poke any holes in it.)\r\n\r\n--- \r\nThe `Distribution` struct is now packed so `globalTokensPerStake` and `lastUpdateTime` are squeezed into the same slot avoiding an SSTORE when updating a distribution channel. To do this `globalTokensPerStake` and `paymentRate` are made into `uint192` values.\r\n\r\nBoth of these are 18 decimal fixed points so ~60 bits of 192 are taken up holding the fractional part of these values. This leaves  enough space for it to hold integer values up to 2**132 = ~5*10^39. Therefore in the extreme cases (assuming 18 decimal tokens):\r\n\r\n`paymentRate`: We can distribute 10^39 wei or 10^21 tokens every second.\r\n`globalTokensPerStake`: We can distribute 10^39 wei or 10^21 tokens per every wei of `stakingToken`. Equivalent to 5*10^39 tokens of `distributionToken` for every token of `stakingToken`\r\n\r\nThese limits seems pretty tough to break. An upper limit on `paymentRate` can be easily enforced so that only leaves `globalTokensPerStake`. A max `paymentRate` with 1 wei staked will overflow `globalTokensPerStake` after 2 seconds but if we just have a single full token staked it will require 10^18 + 1 seconds which is a Long Time T.M.\r\n\r\nIt's then basically impossible to hit these limits without actively trying to. It also doesn't seem possible to exploit a purposefully created overflow to break the isolation between distribution channels. I need to pump HUGE amounts of tokens into the contract in order to cause an overflow in a reasonable timeframe and if I can get my hands on that amount of tokens then a) I've likely found an infinite mint bug and the token is pretty much worthless anyway now. b) I hold much more of this token than is held in the `MultiDistributor` contract already.\r\n\r\nWe could potentially pack the values in `UserDistribution` as well which would make claiming tokens cheaper but care needs to be taken that `unclaimedTokens` has enough space for inattentive whales so `userTokensPerStake` would need to be shrinked smaller than `uint192`."
    },
    {
        "projcts_name": "balancer-labs_balancer-v2-monorepo",
        "num": 210,
        "created_user": "dmf7z",
        "created_at": "2020-12-23T12:46:29Z",
        "closed_at": "2021-04-15T02:26:50Z",
        "merged_at": [],
        "label": [],
        "comments_data": {
            "created": [
                "2020-12-23T14:15:37Z",
                "2021-04-15T02:26:50Z"
            ],
            "user_login": [
                "nventuro",
                "nventuro"
            ]
        },
        "title": "Establish limits and rounding fixes for Pools",
        "body": "Due to the limitations of solidity, there are potential overflows or rounding errors when solving invariant, ingivenout, outgivenin or protocol swap fee equations. Make sure acceptable limits and rounding fixes (+1 or -1) are defined and added to the Pools contracts to avoid those problems. "
    },
    {
        "projcts_name": "balancer-labs_balancer-v2-monorepo",
        "num": 174,
        "created_user": "nventuro",
        "created_at": "2020-12-04T18:35:02Z",
        "closed_at": "2021-02-11T01:03:49Z",
        "merged_at": [],
        "label": [],
        "comments_data": {
            "created": [
                "2021-02-11T01:03:49Z"
            ],
            "user_login": [
                "nventuro"
            ]
        },
        "title": "Have round-up and round-down variants for div and mul",
        "body": "The current implementations of `div` and `mul` round down, since they perform truncation in unsigned numbers. We should have round-up (technically 'ceil' due to the unsignedness) variants, so that we can choose to round in favor of the pools/vault always.\r\n\r\nA simple implementation of `divCeil(x,y)` is `(x + y - 1) / y`, but that introduces potential intermediate overflow in `x+y`. An overflow-free alternative is `1 + ((x - 1) / y)`, assuming `x != 0`."
    },
    {
        "projcts_name": "balancer-labs_balancer-v2-monorepo",
        "num": 75,
        "created_user": "dmf7z",
        "created_at": "2020-10-30T18:04:44Z",
        "closed_at": "2020-11-02T18:46:02Z",
        "merged_at": "2020-11-02T18:46:02Z",
        "label": [],
        "comments_data": [],
        "title": "Stable Trading Strategy ",
        "body": "This PR creates a library to calculate Stable Strategy math (used to be known as Constant Sum Product Strategy) using Halley's approximation method. It also adds outgivenin swap to the Trade Script, while ingivenout will be added in another PR to keep this one small. \r\nThe math still needs to checks for overflows and be better documented, but because it takes some time, I believe it not necessary to go that deep on this iteration. The main goal is to show that Stable Trading Strategy works with the current swap interface."
    },
    {
        "projcts_name": "bancorprotocol_contracts-v3",
        "num": 184,
        "created_user": "barakman",
        "created_at": "2022-01-20T11:49:57Z",
        "closed_at": "2022-01-30T17:26:25Z",
        "merged_at": "2022-01-30T17:26:24Z",
        "label": [],
        "comments_data": [],
        "title": "Improved Average Rate",
        "body": "1. Add type `Fraction112` and functions to convert it to/from type `Fraction`.\r\n2. Change the `AverageRate` structure to use `Fraction112` instead of `Fraction`.\r\n3. Change function `PoolAverageRate.calcAverageRate` to calculate the new rate based on portion (between 0 and 1000) instead of on time (between 0 and 600).\r\n4. Rename function `PoolAverageRate.isPoolRateStable` to `PoolAverageRate.isSpotRateStable`.\r\n5. Change general-utility function `isFractionZero` which checks if a fraction is valid and zero, to `isFractionPositive` which checks if a fraction is valid and non-zero.\r\n6. Move all time-related functionality from the `PoolAverageRate` library to the `PoolCollection` contract.\r\n\r\nBullet 3 above is essentially the replacement of SMA with EMA.\r\nHowever, note that SMA and EMA are essentially the same thing.\r\nWe are only replacing a dynamically-calculated weight with a constant one:\r\n- The old method uses a dynamic weight based on the time elapsed since the previous calculation\r\n- The new method uses a constant weight of 80% for the average rate (and 20% for the spot rate)\r\n\r\n---\r\n\r\nA note about the average-rate compression from 256-bit per component to 112-bit per component:\r\n\r\nThe technical reason for this, is the calculation of the current average rate based on the previous one:\r\n```\r\nn = averageRate.n * spotRate.d * weightPPT + averageRate.d * spotRate.n * (PPT_RESOLUTION - weightPPT);\r\nd = averageRate.d * spotRate.d * PPT_RESOLUTION;\r\n```\r\nAs you can see, it has to be reduced, otherwise, each one of its components (`n` and `d`) will just keep growing forever.\r\nAnd that will ultimately lead the computation above to overflow.\r\nIn order for it to be overflow-safe, each one of the average-rate components needs to be reduced to be at most 118 bits.\r\nOf course, we can work around this problem by reducing them only locally (i.e., not in storage) before recalculating them.\r\nBut the overflow problem is not unique to the average-rate recalculation.\r\nMore generally, each one of the average-rate components needs to be at most:\r\n- 118 bits for the recalculation of the average rate\r\n- 128 bits for the spot-rate deviation check\r\n- 128 bits for the TKN withdrawal method\r\n\r\nSo we may as well just keep it always reduced.\r\nAnd instead of reducing it to 118 bits per component, we reduce it to 112 bits component.\r\nIt makes the average rate slightly less accurate, but at the same time, allows maintaining it together with a 32-bit timestamp in a single storage slot."
    },
    {
        "projcts_name": "bancorprotocol_contracts-v3",
        "num": 29,
        "created_user": "barakman",
        "created_at": "2021-07-16T13:00:27Z",
        "closed_at": "2021-07-19T09:20:01Z",
        "merged_at": null,
        "label": [],
        "comments_data": {
            "created": [
                "2021-07-19T09:20:01Z"
            ],
            "user_login": [
                "barakman"
            ]
        },
        "title": "Compute `hMax`",
        "body": "Implement a function for computing `bden(b + c) / {b^3 + b^2(3c - 2e) + b[e^2(n + 1) + c(3c - 4e)] + c(c - e)^2}`, where:\r\n - b = TKN pool balance\r\n - c = TKN excess amount\r\n - d = BNTKN total supply\r\n - e = TKN staked amount\r\n - n = withdrawal fee in ppm units\r\n\r\nThere are two objectives in this implementation:\r\n1. Reduce precision loss as much as possible\r\n2. Increase valid input range as much as possible\r\n\r\nThese two objectives are generally in contradiction with one another, because in order to reduce precision loss, we push division as far back towards the end of the computation (ideally - the very last operation). But this technique increases the probability of an overflow, thus effectively reducing the valid input range.\r\n\r\nTherefore, it is important to carefully review not only the function's implementation, but also the function test - namely - the input range being tested:\r\n- b = TKN pool balance, tested with various values between 9^12 and 10^27\r\n- c = TKN excess amount, tested with various values between 9^12 and 10^27\r\n- d = BNTKN total supply, tested with various values between 9^12 and 10^27\r\n- e = TKN staked amount, tested with various values between 9^12 and 10^27\r\n- n = withdrawal fee, tested with various values between 0% and 1% (0-10000 ppm)\r\n\r\nNote that for the sake of valid input range, you may really consider only the lowest and highest values for each parameter above.\r\nIn other words, I am speculating that the probability of an overflow-revert due to some combination of \"middle values\" is very small.\r\n\r\nHowever, for the sake of accuracy measurement, we also want to put under test **the ratio** between each pair of input parameters, which is why we have several values on top of the lowest and highest ones.\r\nThis increases the duration of the test significantly, so if critical, then we may want to consider removing some of those values at a later point.\r\n\r\nFinally, let's go back to our two objectives - valid input range and accuracy.\r\n\r\nConsidering the aspect of valid input range:\r\nNone of these combinations reverts, so we know that this entire input range is (very likely) supported.\r\n\r\nConsidering the aspect of accuracy (comparing to a high-precision-floating-point implementation):\r\n- The maximum permitted absolute error is 1 (1 wei, since this function returns an amount of BNTKNs)\r\n- The maximum permitted relative error is 0.0000000000000000000000105\r\nNone of these combinations fail, so we know that the accuracy expectations above are met.\r\n"
    },
    {
        "projcts_name": "dydxprotocol_protocol_v1",
        "num": 135,
        "created_user": "AntonioJuliano",
        "created_at": "2018-03-28T01:38:14Z",
        "closed_at": "2018-03-29T21:52:00Z",
        "merged_at": [],
        "label": "bug",
        "comments_data": {
            "created": [
                "2018-03-28T23:11:53Z",
                "2018-03-29T18:14:12Z"
            ],
            "user_login": [
                "BrendanChou",
                "BrendanChou"
            ]
        },
        "title": "Prevent overflow when calculating interest fee",
        "body": "Because we multiply the short amount by a `uint128` when we calculate the interest fee we need to ensure that the shortAmount is <= 128 bits as well.\r\n"
    },
    {
        "projcts_name": "fei-protocol_fei-protocol-core",
        "num": 535,
        "created_user": "thomas-waite",
        "created_at": "2022-02-10T23:47:43Z",
        "closed_at": "2022-06-21T19:50:28Z",
        "merged_at": null,
        "label": "iceberg",
        "comments_data": [],
        "title": "Add backup oracles to PSMs",
        "body": "# Summary\r\nAdds UniswapV3 TWAP backup oracles to the `PegStabilityModules` (PSMs) for `DAI` and `ETH`. These both have highly liquid `USDC` pools on Uniswap V3:\r\n- `DAI-USDC`: ~$300m TVL\r\n- `USDC-ETH`: ~$285m TVL\r\n\r\n\r\n## Description\r\nA `UniswapV3OracleWrapper` has been created which implements `IOracle.sol`. Each asset requires its own `UniswapV3OracleWrapper` contract to be deployed.\r\n\r\n\r\n### Calculating oracle price and siloing out Uniswap logic\r\nThe Maths of calculating the oracle price is siloed out into `UniswapWrapper.sol`. This is mostly done because the UniswapV3 contracts are written in a version, `>=0.5.0 <0.8.0`, which is incompatible with the Fei codebase. They rely on  underflows and overflows happening in some of their accounting logic, which in >0.8.0 causes reverts.\r\n\r\n### Oracle config and safety\r\nThe oracles settings are controlled by an `OracleConfig` that is injected in. It has the following form:\r\n\r\n```\r\nstruct OracleConfig {\r\n    uint32 twapPeriod;\r\n    uint128 minPoolLiquidity;\r\n    address uniswapPool;\r\n    uint256 precision;\r\n  }\r\n```\r\n\r\nThe `minPoolLiquidity` config is a safety parameter that is used to enforce a minimum level of liquidity in the relevant pool in order to provide a valid reading.\r\n\r\n### Testing \r\nIntegration tests which fork `mainnet` have been added to the `contracts/test/integration` folder. Five oracles have been deployed against the corresponding pools:\r\n- `daiUsdcPool`\r\n- `usdcEthPool`\r\n-  `wbtcUsdcPool`\r\n- `usdtAvinocPool`\r\n- `usdcFeiPool`\r\n\r\nThe prices returned by the relevant TWAP oracles have been validated manually against the relevant pool spot price. These 5 in particular were chosen because they have parameters (token0, token1, inputNumDecimals, outputNumDecimals) which allow all 4 paths of the Uniswap maths calculation logic to be tested. Details are outlined in the integration tests.\r\n\r\n## Concern\r\nI think there is a broken abstraction in `OracleRef.sol` where the decimal normalisation and inversion occurs globally and applies to both the primary and backup oracle price results. \r\n\r\nAs in this PR, these considerations should be pushed down into the relevant oracle contract. These factors likely need to be taken into account in different ways for different oracles depending on how they calculate the price. For example in calculating the Uni TWAP price, we need to know whether we are inverting when we are calculating the `numerator` and `denominator`.\r\n\r\nIf this UniV3 backupOracle was to be set, and `setDecimalsNormalizer()` or `setDoInvert()` were later seperately called on `OracleRef.sol` - it would result in the backup oracle `OracleRef.sol` reporting the incorrect price due to this global post processing.\r\n\r\nBefore deploying this PR, I believe we should:\r\n1. Remove `setDecimalsNormalizer()` or `setDoInvert()` from `OracleRef.sol` and push these considerations down into the primary Chainlink oracle contract"
    },
    {
        "projcts_name": "harvest-finance_harvest",
        "num": 7,
        "created_user": "rayeaster",
        "created_at": "2020-09-26T16:37:14Z",
        "closed_at": "2020-10-19T15:08:05Z",
        "merged_at": [],
        "label": [],
        "comments_data": {
            "created": [
                "2020-09-26T16:50:54Z",
                "2020-10-19T15:08:05Z"
            ],
            "user_login": [
                "rayeaster",
                "breadforthepeople"
            ]
        },
        "title": "sanity check around input parameter of notifyRewardAmount(uint256 reward)",
        "body": "in the https://github.com/harvest-finance/harvest/blob/master/contracts/RewardPool.sol#L753\r\na sanity value check around the resulting `rewardRate` needed?\r\n\r\nsay if by some mistake, the `rewardRate` is set to very very big value, then following call on modifier `updateReward` (specifically `rewardPerToken`) might get revert on `SafeMath.add` due to overflow?"
    },
    {
        "projcts_name": "keep-network_keep-core",
        "num": 2274,
        "created_user": "lukasz-zimnoch",
        "created_at": "2021-01-08T14:30:23Z",
        "closed_at": "2021-01-11T14:33:47Z",
        "merged_at": "2021-01-11T14:33:47Z",
        "label": "\ud83c\udf0d network",
        "comments_data": [],
        "title": "Improvements around state machine and broadcast channel buffers",
        "body": "Here we introduce some improvements for state machine and broadcast channel buffers. The main motivation behind those changes is to minimize the number of dropped messages and hence increase the delivery rate. Specifically, we are touching those buffers:\r\n\r\n- `receiveBuffer` living in the state machine. We change its size because the current value of `64` elements may be not\r\nsufficient due to the DKG commitment phase which sends two types of messages. Giving the fact the group size is currently `64` members, each group member's state machine could receive `128` messages during the commitment phase. If those messages are not processed quickly enough, the `64` elements buffer will overflow easily and subsequent messages will be dropped by the broadcast channel handler. Aligning the receiver buffer size with the message peak should prevent overflows and minimize the number of dropped messages.\r\n- `messageHandlerThrottle` in the broadcast channel code. In terms of DKG, the current message handler throttle\r\nsize is prepared to handle `4` retransmissions of `64` messages in a given DKG state. A standard DKG messaging state lasts for `1` delay block and `5` active blocks when retransmission is made on each block. However, the point validation state is active for `10` blocks during which it performs `10` retransmissions. In this state, there is a big chance the handler throttle buffer overflows and messages will be dropped as result. As a response, we increase that buffer size to `8 * 64` which should be a satisfying value for all states.\r\n\r\nFor broader context about those buffers, please refer https://github.com/keep-network/keep-core/pull/1322"
    },
    {
        "projcts_name": "keep-network_keep-core",
        "num": 1966,
        "created_user": "dependabot[bot]",
        "created_at": "2020-08-04T21:55:00Z",
        "closed_at": "2020-08-07T14:01:33Z",
        "merged_at": "2020-08-07T14:01:33Z",
        "label": "dependencies",
        "comments_data": [],
        "title": "Bump elliptic from 6.3.3 to 6.5.3 in /infrastructure/kube/templates/keep-client/initcontainer/provision-keep-client",
        "body": "Bumps [elliptic](https://github.com/indutny/elliptic) from 6.3.3 to 6.5.3.\n<details>\n<summary>Commits</summary>\n<ul>\n<li><a href=\"https://github.com/indutny/elliptic/commit/8647803dc3d90506aa03021737f7b061ba959ae1\"><code>8647803</code></a> 6.5.3</li>\n<li><a href=\"https://github.com/indutny/elliptic/commit/856fe4d99fe7b6200556e6400b3bf585b1721bec\"><code>856fe4d</code></a> signature: prevent malleability and overflows</li>\n<li><a href=\"https://github.com/indutny/elliptic/commit/60489415e545efdfd3010ae74b9726facbf08ca8\"><code>6048941</code></a> 6.5.2</li>\n<li><a href=\"https://github.com/indutny/elliptic/commit/9984964457c9f8a63b91b01ea103260417eca237\"><code>9984964</code></a> package: bump dependencies</li>\n<li><a href=\"https://github.com/indutny/elliptic/commit/ec735edde187a43693197f6fa3667ceade751a3a\"><code>ec735ed</code></a> utils: leak less information in <code>getNAF()</code></li>\n<li><a href=\"https://github.com/indutny/elliptic/commit/71e4e8e2f5b8f0bdbfbe106c72cc9fbc746d3d60\"><code>71e4e8e</code></a> 6.5.1</li>\n<li><a href=\"https://github.com/indutny/elliptic/commit/7ec66ffa255079260126d87b1762a59ea10de5ea\"><code>7ec66ff</code></a> short: add infinity check before multiplying</li>\n<li><a href=\"https://github.com/indutny/elliptic/commit/ee7970b92f388e981d694be0436c4c8036b5d36c\"><code>ee7970b</code></a> travis: really move on</li>\n<li><a href=\"https://github.com/indutny/elliptic/commit/637d0216b58de7edee4f3eb5641295ac323acadb\"><code>637d021</code></a> travis: move on</li>\n<li><a href=\"https://github.com/indutny/elliptic/commit/5ed0babb6467cd8575a9218265473fda926d9d42\"><code>5ed0bab</code></a> package: update deps</li>\n<li>Additional commits viewable in <a href=\"https://github.com/indutny/elliptic/compare/v6.3.3...v6.5.3\">compare view</a></li>\n</ul>\n</details>\n<br />\n\n\n[![Dependabot compatibility score](https://dependabot-badges.githubapp.com/badges/compatibility_score?dependency-name=elliptic&package-manager=npm_and_yarn&previous-version=6.3.3&new-version=6.5.3)](https://help.github.com/articles/configuring-automated-security-fixes)\n\nDependabot will resolve any conflicts with this PR as long as you don't alter it yourself. You can also trigger a rebase manually by commenting `@dependabot rebase`.\n\n[//]: # (dependabot-automerge-start)\n[//]: # (dependabot-automerge-end)\n\n---\n\n<details>\n<summary>Dependabot commands and options</summary>\n<br />\n\nYou can trigger Dependabot actions by commenting on this PR:\n- `@dependabot rebase` will rebase this PR\n- `@dependabot recreate` will recreate this PR, overwriting any edits that have been made to it\n- `@dependabot merge` will merge this PR after your CI passes on it\n- `@dependabot squash and merge` will squash and merge this PR after your CI passes on it\n- `@dependabot cancel merge` will cancel a previously requested merge and block automerging\n- `@dependabot reopen` will reopen this PR if it is closed\n- `@dependabot close` will close this PR and stop Dependabot recreating it. You can achieve the same result by closing it manually\n- `@dependabot ignore this major version` will close this PR and stop Dependabot creating any more for this major version (unless you reopen the PR or upgrade to it yourself)\n- `@dependabot ignore this minor version` will close this PR and stop Dependabot creating any more for this minor version (unless you reopen the PR or upgrade to it yourself)\n- `@dependabot ignore this dependency` will close this PR and stop Dependabot creating any more for this dependency (unless you reopen the PR or upgrade to it yourself)\n- `@dependabot use these labels` will set the current labels as the default for future PRs for this repo and language\n- `@dependabot use these reviewers` will set the current reviewers as the default for future PRs for this repo and language\n- `@dependabot use these assignees` will set the current assignees as the default for future PRs for this repo and language\n- `@dependabot use this milestone` will set the current milestone as the default for future PRs for this repo and language\n\nYou can disable automated security fix PRs for this repo from the [Security Alerts page](https://github.com/keep-network/keep-core/network/alerts).\n\n</details>"
    },
    {
        "projcts_name": "keep-network_keep-core",
        "num": 1410,
        "created_user": "dimpar",
        "created_at": "2020-03-03T16:32:05Z",
        "closed_at": "2020-03-03T22:45:55Z",
        "merged_at": "2020-03-03T22:45:54Z",
        "label": "\ud83d\udc1b bug",
        "comments_data": [],
        "title": "TokenStaking.slash fails when the operator has less stake than slashed",
        "body": "In this PR we need to make sure that operator's balance won't be negative if slashing more than it has. In this case, we need to set an operator's balance to zero. This is to prevent from sub overflowing error."
    },
    {
        "projcts_name": "keep-network_keep-core",
        "num": 1136,
        "created_user": "pdyraga",
        "created_at": "2019-11-18T10:32:54Z",
        "closed_at": "2019-11-29T11:48:48Z",
        "merged_at": [],
        "label": "\u26d3chain",
        "comments_data": [],
        "title": "Ticket packing",
        "body": "[From @eth-r](https://github.com/keep-network/keep-core/issues/800#issuecomment-549430656):\r\n\r\nA storage field is `uint256` or `bytes[32]`. A ticket requires the submitter's address, the virtual staker index corresponding to the ticket, and the hash value. These values let us verify tickets when received, eliminate duplicate submissions of tickets, and determine the operator addresses of the virtual stakers eligible for the new group.\r\n\r\nAn address inevitably takes `bytes[20]` space, leaving `bytes[12]` for the other content.\r\n\r\nBecause the number of possible virtual stakers is limited by `total_tokens / minimum_stake` we can know that it won't overflow if we use `uint32 = bytes[4]` (max. roughly 4 billion) for the virtual staker index.\r\n\r\nThis leaves `uint64 = bytes[8]` for the hash value, which is enough for our purposes: if we have roughly 100,000 possible virtual stakers (17 bits) the probability of having a ticket collision in an individual DKG is roughly `1 / 2^(64 - (17*2)) = 1 / 2^30`; in other words we expect two possible tickets' hashed values to be equal once per a billion DKGs. Because only the best `group_size` tickets per DKG matter, the practical likelihood is even lower. This is enough that the method selected for resolving collisions won't provide a non-negligible advantage to whomever can manipulate it."
    },
    {
        "projcts_name": "KyberNetwork_smart-contracts",
        "num": 935,
        "created_user": "ducquangkstn",
        "created_at": "2020-05-06T09:45:17Z",
        "closed_at": "2020-05-15T14:39:44Z",
        "merged_at": "2020-05-15T14:39:44Z",
        "label": [],
        "comments_data": [],
        "title": "add overflow check at calcTradeSrcAmount",
        "body": "This PR should wait till we finalize overflow session\r\nany overflow checks or comments should be added here."
    },
    {
        "projcts_name": "KyberNetwork_smart-contracts",
        "num": 763,
        "created_user": "ilanDoron",
        "created_at": "2020-03-20T10:51:07Z",
        "closed_at": "2020-03-23T13:15:20Z",
        "merged_at": "2020-03-23T13:15:20Z",
        "label": [],
        "comments_data": [],
        "title": "Add overflow checks",
        "body": "add overflow checks.\r\nmatching engine tests without assumptions that BPS values are < BPS\r\nso some extra checks."
    },
    {
        "projcts_name": "KyberNetwork_smart-contracts",
        "num": 470,
        "created_user": "ilanDoron",
        "created_at": "2019-11-01T07:43:44Z",
        "closed_at": "2019-11-10T08:40:13Z",
        "merged_at": null,
        "label": [],
        "comments_data": {
            "created": [
                "2019-11-10T08:40:13Z"
            ],
            "user_login": [
                "ilanDoron"
            ]
        },
        "title": "[WIP]according to APR audit.",
        "body": "limit some configuration parameters.\r\nand overflow checks."
    },
    {
        "projcts_name": "Loopring_protocols",
        "num": 2577,
        "created_user": "dependabot[bot]",
        "created_at": "2021-11-04T02:23:45Z",
        "closed_at": "2021-11-04T08:09:25Z",
        "merged_at": null,
        "label": "dependencies",
        "comments_data": {
            "created": [
                "2021-11-04T08:09:26Z"
            ],
            "user_login": [
                "dependabot[bot]"
            ]
        },
        "title": "Bump elliptic from 6.3.3 to 6.5.4 in /packages/loopring_v3.js",
        "body": "Bumps [elliptic](https://github.com/indutny/elliptic) from 6.3.3 to 6.5.4.\n<details>\n<summary>Commits</summary>\n<ul>\n<li><a href=\"https://github.com/indutny/elliptic/commit/43ac7f230069bd1575e1e4a58394a512303ba803\"><code>43ac7f2</code></a> 6.5.4</li>\n<li><a href=\"https://github.com/indutny/elliptic/commit/f4bc72be11b0a508fb790f445c43534307c9255b\"><code>f4bc72b</code></a> package: bump deps</li>\n<li><a href=\"https://github.com/indutny/elliptic/commit/441b7428b0e8f6636c42118ad2aaa186d3c34c3f\"><code>441b742</code></a> ec: validate that a point before deriving keys</li>\n<li><a href=\"https://github.com/indutny/elliptic/commit/e71b2d9359c5fe9437fbf46f1f05096de447de57\"><code>e71b2d9</code></a> lib: relint using eslint</li>\n<li><a href=\"https://github.com/indutny/elliptic/commit/8421a01aa3ff789c79f91eaf8845558a7be2b9fa\"><code>8421a01</code></a> build(deps): bump elliptic from 6.4.1 to 6.5.3 (<a href=\"https://github-redirect.dependabot.com/indutny/elliptic/issues/231\">#231</a>)</li>\n<li><a href=\"https://github.com/indutny/elliptic/commit/8647803dc3d90506aa03021737f7b061ba959ae1\"><code>8647803</code></a> 6.5.3</li>\n<li><a href=\"https://github.com/indutny/elliptic/commit/856fe4d99fe7b6200556e6400b3bf585b1721bec\"><code>856fe4d</code></a> signature: prevent malleability and overflows</li>\n<li><a href=\"https://github.com/indutny/elliptic/commit/60489415e545efdfd3010ae74b9726facbf08ca8\"><code>6048941</code></a> 6.5.2</li>\n<li><a href=\"https://github.com/indutny/elliptic/commit/9984964457c9f8a63b91b01ea103260417eca237\"><code>9984964</code></a> package: bump dependencies</li>\n<li><a href=\"https://github.com/indutny/elliptic/commit/ec735edde187a43693197f6fa3667ceade751a3a\"><code>ec735ed</code></a> utils: leak less information in <code>getNAF()</code></li>\n<li>Additional commits viewable in <a href=\"https://github.com/indutny/elliptic/compare/v6.3.3...v6.5.4\">compare view</a></li>\n</ul>\n</details>\n<br />\n\n\n[![Dependabot compatibility score](https://dependabot-badges.githubapp.com/badges/compatibility_score?dependency-name=elliptic&package-manager=npm_and_yarn&previous-version=6.3.3&new-version=6.5.4)](https://docs.github.com/en/github/managing-security-vulnerabilities/about-dependabot-security-updates#about-compatibility-scores)\n\nDependabot will resolve any conflicts with this PR as long as you don't alter it yourself. You can also trigger a rebase manually by commenting `@dependabot rebase`.\n\n[//]: # (dependabot-automerge-start)\n[//]: # (dependabot-automerge-end)\n\n---\n\n<details>\n<summary>Dependabot commands and options</summary>\n<br />\n\nYou can trigger Dependabot actions by commenting on this PR:\n- `@dependabot rebase` will rebase this PR\n- `@dependabot recreate` will recreate this PR, overwriting any edits that have been made to it\n- `@dependabot merge` will merge this PR after your CI passes on it\n- `@dependabot squash and merge` will squash and merge this PR after your CI passes on it\n- `@dependabot cancel merge` will cancel a previously requested merge and block automerging\n- `@dependabot reopen` will reopen this PR if it is closed\n- `@dependabot close` will close this PR and stop Dependabot recreating it. You can achieve the same result by closing it manually\n- `@dependabot ignore this major version` will close this PR and stop Dependabot creating any more for this major version (unless you reopen the PR or upgrade to it yourself)\n- `@dependabot ignore this minor version` will close this PR and stop Dependabot creating any more for this minor version (unless you reopen the PR or upgrade to it yourself)\n- `@dependabot ignore this dependency` will close this PR and stop Dependabot creating any more for this dependency (unless you reopen the PR or upgrade to it yourself)\n- `@dependabot use these labels` will set the current labels as the default for future PRs for this repo and language\n- `@dependabot use these reviewers` will set the current reviewers as the default for future PRs for this repo and language\n- `@dependabot use these assignees` will set the current assignees as the default for future PRs for this repo and language\n- `@dependabot use this milestone` will set the current milestone as the default for future PRs for this repo and language\n\nYou can disable automated security fix PRs for this repo from the [Security Alerts page](https://github.com/Loopring/protocols/network/alerts).\n\n</details>"
    },
    {
        "projcts_name": "Loopring_protocols",
        "num": 1451,
        "created_user": "dependabot-preview[bot]",
        "created_at": "2020-07-21T21:39:27Z",
        "closed_at": "2020-07-22T02:01:23Z",
        "merged_at": null,
        "label": "dependencies",
        "comments_data": {
            "created": [
                "2020-07-22T02:01:25Z"
            ],
            "user_login": [
                "dependabot-preview[bot]"
            ]
        },
        "title": "Bump google-protobuf from 3.12.2 to 4.0.0-rc.2",
        "body": "Bumps [google-protobuf](https://github.com/protocolbuffers/protobuf) from 3.12.2 to 4.0.0-rc.2.\n<details>\n<summary>Release notes</summary>\n<p><em>Sourced from <a href=\"https://github.com/protocolbuffers/protobuf/releases\">google-protobuf's releases</a>.</em></p>\n<blockquote>\n<h2>v4.0.0-rc2</h2>\n<p>No release notes provided.</p>\n<h2>v4.0.0-rc1</h2>\n<p><strong>Note:</strong> This release bumps the major version due to backward-incompatible changes in PHP.</p>\n<p>PHP is the <em>only</em> language that has breaking changes in this release.</p>\n<h1>PHP</h1>\n<ul>\n<li>The C extension is completely rewritten. The new C extension has significantly\nbetter parsing performance and fixes a handful of conformance issues. It will\nalso make it easier to add support for more features like proto2 and proto3 presence.</li>\n<li>The new C extension does not support PHP 5.x, which is the reason for the major\nversion bump. PHP 5.x users can still use pure-PHP.</li>\n</ul>\n<h1>C++:</h1>\n<ul>\n<li>Removed deprecated unsafe arena string accessors</li>\n<li>Enabled heterogeneous lookup for std::string keys in maps.</li>\n<li>Removed implicit conversion from StringPiece to std::string</li>\n<li>Fix use-after-destroy bug when the Map is allocated in the arena.</li>\n<li>Improved the randomness of map ordering</li>\n<li>Added stack overflow protection for text format with unknown fields</li>\n<li>Use std::hash for proto maps to help with portability.</li>\n<li>Added more Windows macros to proto whitelist.</li>\n<li>Arena constructors for map entry messages are now marked &quot;explicit&quot;\n(for regular messages they were already explicit).</li>\n<li>Fix subtle aliasing bug in RepeatedField::Add</li>\n<li>Fix mismatch between MapEntry ByteSize and Serialize with respect to unset\nfields.</li>\n</ul>\n<h1>Python:</h1>\n<ul>\n<li>JSON format conformance fixes:\n<ul>\n<li>Reject lowercase t for Timestamp json format.</li>\n<li>Print full_name directly for extensions (no camelCase).</li>\n<li>Reject boolean values for integer fields.</li>\n<li>Reject NaN, Infinity, -Infinity that is not quoted.</li>\n<li>Base64 fixes for bytes fields: accept URL-safe base64 and missing padding.</li>\n</ul>\n</li>\n<li>Bugfix for fields/files named &quot;async&quot; or &quot;await&quot;.</li>\n<li>Improved the error message when AttributeError is returned from <strong>getattr</strong>\nin EnumTypeWrapper.</li>\n</ul>\n<h1>Java:</h1>\n<ul>\n<li>Fixed a bug where setting optional proto3 enums with setFooValue() would\nnot mark the value as present.</li>\n<li>Add Subtract function to FieldMaskUtil.</li>\n</ul>\n<h1>C#:</h1>\n<ul>\n<li>Dropped support for netstandard1.0 (replaced by support for netstandard1.1).\nThis was required to modernize the parsing stack to use the <code>Span&lt;byte&gt;</code>\ntype internally. (<a href=\"https://github-redirect.dependabot.com/protocolbuffers/protobuf/issues/7351\">#7351</a>)</li>\n</ul>\n<!-- raw HTML omitted -->\n</blockquote>\n</details>\n<details>\n<summary>Commits</summary>\n<ul>\n<li><a href=\"https://github.com/protocolbuffers/protobuf/commit/6c61c1e63b9be3c36db6bed19032dfc0d63aadda\"><code>6c61c1e</code></a> Updated version to 4.0.0-rc2</li>\n<li><a href=\"https://github.com/protocolbuffers/protobuf/commit/2f4c6c47f424624a81af33e317b14da0879d5387\"><code>2f4c6c4</code></a> Updated upb to pick up several bugfixes (<a href=\"https://github-redirect.dependabot.com/protocolbuffers/protobuf/issues/7740\">#7740</a>)</li>\n<li><a href=\"https://github.com/protocolbuffers/protobuf/commit/bd905f881f0f2b60055ef56274cd434266a517e9\"><code>bd905f8</code></a> Removed obsolete TSRMLS_* usage. (<a href=\"https://github-redirect.dependabot.com/protocolbuffers/protobuf/issues/7731\">#7731</a>)</li>\n<li><a href=\"https://github.com/protocolbuffers/protobuf/commit/a7ac826acb442959a28ec39bbd92132b81194b45\"><code>a7ac826</code></a> Updated minimum required version for C extension to 7.0. (<a href=\"https://github-redirect.dependabot.com/protocolbuffers/protobuf/issues/7730\">#7730</a>)</li>\n<li><a href=\"https://github.com/protocolbuffers/protobuf/commit/4e9965800238712675234b69387fe3925196032c\"><code>4e99658</code></a> Added proto3 presence support for PHP (<a href=\"https://github-redirect.dependabot.com/protocolbuffers/protobuf/issues/7724\">#7724</a>)</li>\n<li><a href=\"https://github.com/protocolbuffers/protobuf/commit/d2d470a0953d01cddb1697eb33a22b820204f060\"><code>d2d470a</code></a> Fix C# optional field reflection when there are regular fields too</li>\n<li><a href=\"https://github.com/protocolbuffers/protobuf/commit/7d7d392c162f1a2dd2c22a0ef827032cf040518e\"><code>7d7d392</code></a> Fixed release.sh and setup.py for Python</li>\n<li><a href=\"https://github.com/protocolbuffers/protobuf/commit/9fcab3f9020f99138293df11b1ca82ba6df5d5fa\"><code>9fcab3f</code></a> Temporarily disabled ExtensionRegistryFactoryTest</li>\n<li><a href=\"https://github.com/protocolbuffers/protobuf/commit/ed35458e7d000aa5c5abe457f6e51f303860286d\"><code>ed35458</code></a> Updated CHANGES.txt to reference the new version 4.0.0-rc1.</li>\n<li><a href=\"https://github.com/protocolbuffers/protobuf/commit/5b377c3d100e4bd1b78cdbf0d7228e1dd9c45857\"><code>5b377c3</code></a> Update CHANGES.txt with the C# parsing / serialization overhaul (<a href=\"https://github-redirect.dependabot.com/protocolbuffers/protobuf/issues/7710\">#7710</a>)</li>\n<li>Additional commits viewable in <a href=\"https://github.com/protocolbuffers/protobuf/compare/v3.12.2...v4.0.0-rc2\">compare view</a></li>\n</ul>\n</details>\n<br />\n\n\n[![Dependabot compatibility score](https://api.dependabot.com/badges/compatibility_score?dependency-name=google-protobuf&package-manager=npm_and_yarn&previous-version=3.12.2&new-version=4.0.0-rc.2)](https://dependabot.com/compatibility-score/?dependency-name=google-protobuf&package-manager=npm_and_yarn&previous-version=3.12.2&new-version=4.0.0-rc.2)\n\nDependabot will resolve any conflicts with this PR as long as you don't alter it yourself. You can also trigger a rebase manually by commenting `@dependabot rebase`.\n\n[//]: # (dependabot-automerge-start)\n[//]: # (dependabot-automerge-end)\n\n---\n\n**Note:** This repo was added to Dependabot recently, so you'll receive a maximum of 5 PRs for your first few update runs. Once an update run creates fewer than 5 PRs we'll remove that limit.\n\nYou can always request more updates by clicking `Bump now` in your [Dependabot dashboard](https://app.dependabot.com).\n\n<details>\n<summary>Dependabot commands and options</summary>\n<br />\n\nYou can trigger Dependabot actions by commenting on this PR:\n- `@dependabot rebase` will rebase this PR\n- `@dependabot recreate` will recreate this PR, overwriting any edits that have been made to it\n- `@dependabot merge` will merge this PR after your CI passes on it\n- `@dependabot squash and merge` will squash and merge this PR after your CI passes on it\n- `@dependabot cancel merge` will cancel a previously requested merge and block automerging\n- `@dependabot reopen` will reopen this PR if it is closed\n- `@dependabot close` will close this PR and stop Dependabot recreating it. You can achieve the same result by closing it manually\n- `@dependabot ignore this major version` will close this PR and stop Dependabot creating any more for this major version (unless you reopen the PR or upgrade to it yourself)\n- `@dependabot ignore this minor version` will close this PR and stop Dependabot creating any more for this minor version (unless you reopen the PR or upgrade to it yourself)\n- `@dependabot ignore this dependency` will close this PR and stop Dependabot creating any more for this dependency (unless you reopen the PR or upgrade to it yourself)\n- `@dependabot use these labels` will set the current labels as the default for future PRs for this repo and language\n- `@dependabot use these reviewers` will set the current reviewers as the default for future PRs for this repo and language\n- `@dependabot use these assignees` will set the current assignees as the default for future PRs for this repo and language\n- `@dependabot use this milestone` will set the current milestone as the default for future PRs for this repo and language\n- `@dependabot badge me` will comment on this PR with code to add a \"Dependabot enabled\" badge to your readme\n\nAdditionally, you can set the following in your Dependabot [dashboard](https://app.dependabot.com):\n- Update frequency (including time of day and day of week)\n- Pull request limits (per update run and/or open at any time)\n- Out-of-range updates (receive only lockfile updates, if desired)\n- Security updates (receive only security updates, if desired)\n\n\n\n</details>"
    },
    {
        "projcts_name": "Loopring_protocols",
        "num": 1182,
        "created_user": "Brechtpd",
        "created_at": "2020-05-22T17:28:28Z",
        "closed_at": "2020-05-25T08:20:03Z",
        "merged_at": "2020-05-25T08:20:03Z",
        "label": [],
        "comments_data": [],
        "title": "[hebao][Audit] Issue 6",
        "body": "Removed `decodeFloat` from `MathUint` used in hebao as it is not reusable but Loopring protocol 3 specific. Will create a `Float` library for the protocols later so we don't bloat `MathUint` with it.\r\n\r\nAdded extra overflow checks for safety in general cases. The floats we decode onchain can't have overflow issues because we only decode floats verified by the circuits, so they are guaranteed `< 2**96`."
    },
    {
        "projcts_name": "Loopring_protocols",
        "num": 1180,
        "created_user": "Brechtpd",
        "created_at": "2020-05-22T14:59:43Z",
        "closed_at": "2020-05-22T17:28:34Z",
        "merged_at": null,
        "label": [],
        "comments_data": [],
        "title": "[hebao][audit] Fix issues 3 & 6",
        "body": "- Issue 3: Replaced MathInt implementation with OpenZeppelin's SignedSafeMath implementation as recommended\r\n- Issue 6: Added extra overflow checks for safety. Not used in hebao and `MathUint` isn't the best place for it actually, so I removed it in hebao. Will create a `Float` library for the protocols later so we don't have to copy this protocols specific function."
    },
    {
        "projcts_name": "Loopring_protocols",
        "num": 310,
        "created_user": "Brechtpd",
        "created_at": "2019-07-26T17:51:11Z",
        "closed_at": "2019-07-28T09:39:19Z",
        "merged_at": "2019-07-28T09:39:19Z",
        "label": [],
        "comments_data": {
            "created": [
                "2019-07-27T21:18:39Z"
            ],
            "user_login": [
                "dong77"
            ]
        },
        "title": "[Protocol3] Verifier fixes + snark field overflow checks",
        "body": "Should fix #309 \r\n\r\nWhile we were currently not vulnerable to this exploit the extra checks were added for safety."
    },
    {
        "projcts_name": "makerdao_dss",
        "num": 250,
        "created_user": "philipjonsen",
        "created_at": "2022-02-11T09:42:47Z",
        "closed_at": "2022-02-11T13:17:20Z",
        "merged_at": [],
        "label": [],
        "comments_data": {
            "created": [
                "2022-02-11T12:39:35Z",
                "2022-02-11T12:40:31Z",
                "2022-02-11T13:58:22Z",
                "2022-02-11T14:08:03Z"
            ],
            "user_login": [
                "gbalabasquer",
                "gbalabasquer",
                "philipjonsen",
                "philipjonsen"
            ]
        },
        "title": "elliticp (high) cryptographfic",
        "body": "Detailed paths\r\nIntroduced through: @makerdao/multicall@0.12.0 \u203a ethers@4.0.27 \u203a [elliptic](https://www.npmjs.com/package/elliptic)@6.3.3\r\nFix: Upgrade to ethers@4.0.48 \r\nOverview\r\nelliptic is a Fast elliptic-curve cryptography in a plain javascript implementation.\r\n\r\nAffected versions of this package are vulnerable to Cryptographic Issues. Elliptic allows ECDSA signature malleability via variations in encoding, leading \\0 bytes, or integer overflows. This could conceivably have a security-relevant impact if an application relied on a single canonical signature."
    },
    {
        "projcts_name": "OriginProtocol_origin-dollar",
        "num": 97,
        "created_user": "tomlinton",
        "created_at": "2020-08-26T03:09:50Z",
        "closed_at": "2020-08-28T04:17:57Z",
        "merged_at": [],
        "label": "P1",
        "comments_data": [],
        "title": "Validate that SafeERC20 handles transfer overflow/underflows",
        "body": "E.g. https://github.com/compound-finance/compound-protocol/blob/f0b3fbbad4a51f128c899f0cb5c9070ae5339a47/contracts/CErc20.sol#L133-L167\r\n\r\nI believe it does but need to do a deeper dive and don't want to forget. Extra credit: write test cases that validate transfer in/out of vault and out of strategies."
    },
    {
        "projcts_name": "saddle-finance_saddle-contract",
        "num": 174,
        "created_user": "penandlim",
        "created_at": "2020-12-16T19:01:42Z",
        "closed_at": "2021-01-12T00:33:22Z",
        "merged_at": [],
        "label": [],
        "comments_data": [],
        "title": "[N01] Efficiency improvements",
        "body": "While the following code inefficiencies are not vulnerabilities in the Saddle contracts, we have listed them for the Saddle team to consider as potential improvements to the code.\r\n\r\nBoth calculateWithdrawOneTokenDY, and removeLiquidityImbalance both make 3 calls to _getAPrecise with an identical state. Consider instead making one call to _getAPrecise and storing the result to then reuse each time it is needed.\r\nremoveLiquidity contains two for loops in a row that each loop through all tokens. Consider combining them into just one for loop that performs all of the necessary actions.\r\naddLiquidity calls getD(Swap) which itself calls _getAPrecise. addLiquidity then later calls _getAPrecise to pass into getD(uint256[], uint256). Consider performing just one call to _getAPrecise, and passing this stored value into getD(uint256[], uint256) twice.\r\nA few times throughout SwapUtils the code requires that some x <= y before then using SafeMath to perform y.sub(x). Given that SafeMath already performs checks that the subtraction cannot overflow, consider removing the require statement preceding the subtraction. Two examples of where this occurs are: line 586 of calculateTokenAmount, and line 850 of removeLiquidityImbalance. Note also that SafeMath provides a sub function which can apply a custom error message.\r\nConsider making the suggested changes to improve the efficiency of the contracts."
    },
    {
        "projcts_name": "saddle-finance_saddle-contract",
        "num": 113,
        "created_user": "alphastorm",
        "created_at": "2020-11-04T07:12:06Z",
        "closed_at": "2020-11-04T19:39:55Z",
        "merged_at": "2020-11-04T19:39:54Z",
        "label": [],
        "comments_data": {
            "created": [
                "2020-11-04T07:21:10Z"
            ],
            "user_login": [
                "alphastorm"
            ]
        },
        "title": "Fix QSP-1 and QSP-2",
        "body": "QSP-1 Incorrect computation in getD\r\nQSP-2 Integer Overflow / Underflow"
    },
    {
        "projcts_name": "UMAprotocol_protocol",
        "num": 3624,
        "created_user": "chrismaree",
        "created_at": "2021-11-18T12:04:56Z",
        "closed_at": "2021-11-19T13:06:26Z",
        "merged_at": "2021-11-19T13:06:26Z",
        "label": "insured-bridge",
        "comments_data": [],
        "title": "fix(across): address possible underflow in bridge pool",
        "body": "**Motivation**\r\n\r\nOZ identified the following issue:\r\n_undistributedLpFees should be thought of as a component of utilizedReserves. It's not guaranteed to be smaller than liquidReserves, which means line 742 could unexpected negative overflow. The exchange rate should compute liquidReserves + utilizedReserves first, and then subtract undistributedLpFees_\r\n\r\nA manual test was done to verify this behaviour. Indeed, when `undistributedLpFees_` is greater than `liquidReserves ` the `exchangeRateCurrent` method reverts. The impact of this prevents adding/removing liquidity and does not break anything else. I created a test that would add liquidity then relay once to get a value in undistributedLpFees then relay again to use almost all liquidReserves such that `undistributedLpFees>liquidReserves` under this condition the following happens:\r\n1) adding liquidity reverts.\r\n2) removing liquidity reverts.\r\n3) calling exchangeRateCurrent reverts.\r\nAll other methods seem to work fine. can relay (assuming the size is less than the liquid reserves), can settle a relay and can speed up.\r\nThen, I mimicked funds coming over the canonical bridge. this resolves the `undistributedLpFees>liquidReserves`  condition and everything starts working again (users can add liquidity/remove liquidity/call exchange rate current).\r\n\r\nWhat this means is that the current contracts do have a state in which they \u201clock up\u201d. Effectively, this occurs when we are at just below  100% utilization. however, and most importantly, this does not break anything and the contracts unlock as soon as funds come over the bridge.\r\n\r\nIn any case, this PR fixes the issue in the pools.\r\n\r\n\r\n**Summary**\r\n\r\nFixed underflow.\r\n\r\n**Testing**\r\n\r\nCheck a box to describe how you tested these changes and list the steps for reviewers to test.\r\n\r\n- [ ]  Ran end-to-end test, running the code as in production\r\n- [ ]  New unit tests created\r\n- [ ]  Existing tests adequate, no new tests required\r\n- [ ]  All existing tests pass\r\n- [X]  Untested\r\n\r\n\r\n**Issue(s)**\r\n\r\n<!-- This PR must fix or refer to one or more issues. Please list them here. -->\r\nFixes #XXXX\r\n"
    },
    {
        "projcts_name": "UMAprotocol_protocol",
        "num": 9,
        "created_user": "mrice32",
        "created_at": "2018-09-18T15:54:42Z",
        "closed_at": "2018-09-19T17:42:29Z",
        "merged_at": "2018-09-19T17:42:29Z",
        "label": [],
        "comments_data": {
            "created": [
                "2018-09-19T02:56:21Z"
            ],
            "user_login": [
                "cc7768"
            ]
        },
        "title": "Use SafeMath for most uint operations",
        "body": "SafeMath adds checks to uint operations (signed ints coming soon! https://github.com/OpenZeppelin/openzeppelin-solidity/pull/835). Basically integer operations can create security bugs because integers can overflow or underflow given certain inputs. While SafeMath doesn't completely solve the issue, it does revert any transaction where an over/underflow occurs.\r\n\r\nA few notes:\r\n- SafeMath does add gas overhead in *most* cases (there may be one exception where a multiply by `0` is cheaper in SafeMath), but I think it's well worth the cost in offloading a certain class of security concerns.\r\n- I didn't use SafeMath for `i++` in for loops because they are generally just adding `1` until they reach some number that is already a `uint`, so it's pretty clear that they won't overflow. Also the gas overhead might be non-negligible here.\r\n\r\nPartially solves #3."
    },
    {
        "projcts_name": "UMAprotocol_protocol",
        "num": 3,
        "created_user": "mrice32",
        "created_at": "2018-09-18T00:14:55Z",
        "closed_at": "2019-01-07T15:09:49Z",
        "merged_at": [],
        "label": "enhancement",
        "comments_data": {
            "created": [
                "2018-09-27T15:15:19Z"
            ],
            "user_login": [
                "mrice32"
            ]
        },
        "title": "Start using some SafeMath lib for integer ops",
        "body": "To safeguard our contracts from accidental integer overflow, etc, we should use a library to do runtime checks on all integer operations."
    },
    {
        "projcts_name": "Uniswap_v3-core",
        "num": 415,
        "created_user": "moodysalem",
        "created_at": "2021-02-18T19:03:46Z",
        "closed_at": "2021-04-16T16:41:02Z",
        "merged_at": [],
        "label": "verification",
        "comments_data": {
            "created": [
                "2021-02-19T17:16:22Z",
                "2021-04-16T16:41:02Z"
            ],
            "user_login": [
                "moodysalem",
                "moodysalem"
            ]
        },
        "title": "verify overflow safety of fee growth globals",
        "body": "verify behavior for when `feeGrowthGlobal0X128` or `feeGrowthGlobal1X128` grow by more than `type(uint256).max` while liquidity is `> 0`\r\n\r\nspecifically it should never allow any position to withdraw more fees than it is owed, assuming a total supply `< type(uint128).max` for both `token0` and `token1`\r\n\r\nit is acceptable for tokens owed / fees owed to overflow back to 0 (users or protocol lose fees) if any position accumulates more than `type(uint128).max` in tokens owed from burn or fee growth, because of the assumption that the total supplies of both token0 and token1 do not exceed type(uint128).max"
    },
    {
        "projcts_name": "Uniswap_v3-core",
        "num": 219,
        "created_user": "moodysalem",
        "created_at": "2020-12-22T16:28:39Z",
        "closed_at": "2021-01-13T22:58:39Z",
        "merged_at": [],
        "label": "oracle",
        "comments_data": [],
        "title": "verify overflow on tick accumulator does not affect result",
        "body": "the price accumulator (tick) in v3 is a signed integer type, and can cross the overflow boundary many times in a single uint32(-1) period\r\n\r\nverify that this does not affect oracle price calculations"
    },
    {
        "projcts_name": "yearn_yearn-vaults",
        "num": 354,
        "created_user": "zgfzgf",
        "created_at": "2021-05-18T02:16:32Z",
        "closed_at": "2021-05-19T02:52:55Z",
        "merged_at": null,
        "label": [],
        "comments_data": {
            "created": [
                "2021-05-18T03:00:16Z",
                "2021-05-18T04:21:28Z",
                "2021-05-19T02:52:55Z"
            ],
            "user_login": [
                "zgfzgf",
                "zgfzgf",
                "zgfzgf"
            ]
        },
        "title": "perf: _assessFees",
        "body": "#345 \r\nprevent overflow\r\nprobable    self.performanceFee + self.strategies[strategy].performanceFee >= MAX_BPS \r\nhttps://github.com/yearn/yearn-vaults/blob/eb575fd1bba029aab86227ffae5a4c0bdeb37957/contracts/Vault.vy#L451-L463"
    },
    {
        "projcts_name": "yearn_yearn-vaults",
        "num": 345,
        "created_user": "zgfzgf",
        "created_at": "2021-05-17T01:28:17Z",
        "closed_at": "2021-05-18T02:17:41Z",
        "merged_at": null,
        "label": [],
        "comments_data": {
            "created": [
                "2021-05-18T02:17:41Z"
            ],
            "user_login": [
                "zgfzgf"
            ]
        },
        "title": "perf: assess fees develop",
        "body": "prevent overflow\r\nprobable    self.performanceFee + self.strategies[strategy].performanceFee >= MAX_BPS \r\nhttps://github.com/yearn/yearn-vaults/blob/eb575fd1bba029aab86227ffae5a4c0bdeb37957/contracts/Vault.vy#L451-L463"
    },
    {
        "projcts_name": "balancer-labs_balancer-v2-monorepo",
        "num": 1354,
        "created_user": "nventuro",
        "created_at": "2022-06-02T22:36:15Z",
        "closed_at": "2022-06-03T00:05:04Z",
        "merged_at": "2022-06-03T00:05:04Z",
        "label": [],
        "comments_data": [],
        "title": "Add more tests to WordCodec",
        "body": "This also greatly improves the validation logic, checking that the combination of bitlength and offset makes sense, and fixes a range check for negative integers."
    },
    {
        "projcts_name": "AcalaNetwork_Acala",
        "num": 1195,
        "created_user": "wangjj9219",
        "created_at": "2021-07-09T16:47:59Z",
        "closed_at": "2021-07-12T06:18:20Z",
        "merged_at": "2021-07-12T06:18:20Z",
        "label": [],
        "comments_data": [],
        "title": "refactor some calculation from saturating to checked",
        "body": "related to #1192 \r\n\r\nIf DEX opens trading pair registration in the future, especially for these ERC20 tokens, many saturation calculations which use `FixedU128` as multiper are actually easy to overflow, which will bring malicious attacks. So it's necessary to modify those saturation calculations to checked calculations."
    },
    {
        "projcts_name": "1Hive_conviction-voting-app",
        "num": 88,
        "created_user": "dependabot[bot]",
        "created_at": "2020-08-02T04:04:45Z",
        "closed_at": "2020-09-14T17:00:40Z",
        "merged_at": "2020-09-14T17:00:40Z",
        "label": "dependencies",
        "comments_data": [],
        "title": "Bump elliptic from 6.5.2 to 6.5.3 in /connector/subgraph",
        "body": "Bumps [elliptic](https://github.com/indutny/elliptic) from 6.5.2 to 6.5.3.\n<details>\n<summary>Commits</summary>\n<ul>\n<li><a href=\"https://github.com/indutny/elliptic/commit/8647803dc3d90506aa03021737f7b061ba959ae1\"><code>8647803</code></a> 6.5.3</li>\n<li><a href=\"https://github.com/indutny/elliptic/commit/856fe4d99fe7b6200556e6400b3bf585b1721bec\"><code>856fe4d</code></a> signature: prevent malleability and overflows</li>\n<li>See full diff in <a href=\"https://github.com/indutny/elliptic/compare/v6.5.2...v6.5.3\">compare view</a></li>\n</ul>\n</details>\n<br />\n\n\n[![Dependabot compatibility score](https://dependabot-badges.githubapp.com/badges/compatibility_score?dependency-name=elliptic&package-manager=npm_and_yarn&previous-version=6.5.2&new-version=6.5.3)](https://help.github.com/articles/configuring-automated-security-fixes)\n\nDependabot will resolve any conflicts with this PR as long as you don't alter it yourself. You can also trigger a rebase manually by commenting `@dependabot rebase`.\n\n[//]: # (dependabot-automerge-start)\n[//]: # (dependabot-automerge-end)\n\n---\n\n<details>\n<summary>Dependabot commands and options</summary>\n<br />\n\nYou can trigger Dependabot actions by commenting on this PR:\n- `@dependabot rebase` will rebase this PR\n- `@dependabot recreate` will recreate this PR, overwriting any edits that have been made to it\n- `@dependabot merge` will merge this PR after your CI passes on it\n- `@dependabot squash and merge` will squash and merge this PR after your CI passes on it\n- `@dependabot cancel merge` will cancel a previously requested merge and block automerging\n- `@dependabot reopen` will reopen this PR if it is closed\n- `@dependabot close` will close this PR and stop Dependabot recreating it. You can achieve the same result by closing it manually\n- `@dependabot ignore this major version` will close this PR and stop Dependabot creating any more for this major version (unless you reopen the PR or upgrade to it yourself)\n- `@dependabot ignore this minor version` will close this PR and stop Dependabot creating any more for this minor version (unless you reopen the PR or upgrade to it yourself)\n- `@dependabot ignore this dependency` will close this PR and stop Dependabot creating any more for this dependency (unless you reopen the PR or upgrade to it yourself)\n- `@dependabot use these labels` will set the current labels as the default for future PRs for this repo and language\n- `@dependabot use these reviewers` will set the current reviewers as the default for future PRs for this repo and language\n- `@dependabot use these assignees` will set the current assignees as the default for future PRs for this repo and language\n- `@dependabot use this milestone` will set the current milestone as the default for future PRs for this repo and language\n\nYou can disable automated security fix PRs for this repo from the [Security Alerts page](https://github.com/1Hive/conviction-voting-app/network/alerts).\n\n</details>"
    },
    {
        "projcts_name": "1Hive_conviction-voting-app",
        "num": 75,
        "created_user": "rperez89",
        "created_at": "2020-06-16T22:08:23Z",
        "closed_at": "2020-06-22T23:47:00Z",
        "merged_at": "2020-06-22T23:46:59Z",
        "label": [],
        "comments_data": {
            "created": [
                "2020-06-18T13:08:13Z"
            ],
            "user_login": [
                "rperez89"
            ]
        },
        "title": "General refactor and improvements",
        "body": "This PR is addressing several issues and performance problems accross the app.\r\n\r\n- BigNumber refactor that fix overflow problems on math\r\n\r\n- New useBlock hook\r\n\r\n- Creation of useProposals hooks that centralize all the data about the proposals in one single place avoiding to call the old `useBlockNumber` across all the components\r\n\r\n- Refactor to avoid some re renders\r\n\r\n- useConvictionHistory hook\r\n\r\nThere is still some issue that on realoading is reloading twice."
    },
    {
        "projcts_name": "AcalaNetwork_Acala",
        "num": 1825,
        "created_user": "zjb0807",
        "created_at": "2022-01-29T02:04:26Z",
        "closed_at": "2022-01-29T04:27:41Z",
        "merged_at": "2022-01-29T04:27:41Z",
        "label": [],
        "comments_data": {
            "created": [
                "2022-01-29T03:06:39Z"
            ],
            "user_login": [
                "codecov[bot]"
            ]
        },
        "title": "Fix valid_until",
        "body": "valid_until is BlockNumber(u32). `valid_until << 16` will overflow to verify failed.\r\n\r\nchange to:\r\n```\r\nInto::<u128>::into(block_period) << 16\r\n```"
    },
    {
        "projcts_name": "across-protocol_contracts-v2",
        "num": 148,
        "created_user": "nicholaspai",
        "created_at": "2022-04-25T17:48:39Z",
        "closed_at": "2022-04-26T20:32:34Z",
        "merged_at": "2022-04-26T20:32:34Z",
        "label": [],
        "comments_data": [],
        "title": "improve: Reduce gas and minimize overflow risk in for loops",
        "body": "Leaving the counter `i` variable as `uint256` removes gas cost to cast to `uint32` and also prevents chance that leaf count will cause overflow, which is a risk with the increment logic `++i` being inside an `unchecked` block.\ufeff\n"
    },
    {
        "projcts_name": "alexgo-io_alex-v1",
        "num": 279,
        "created_user": "LNow",
        "created_at": "2021-10-15T15:47:18Z",
        "closed_at": "2021-10-29T11:38:07Z",
        "merged_at": [],
        "label": [],
        "comments_data": {
            "created": [
                "2021-10-29T11:38:07Z"
            ],
            "user_login": [
                "LNow"
            ]
        },
        "title": "refactor(math): all fixed point math functions should return `uint` or `int`, not `response`",
        "body": "Standard math functions panics if you try to divide by 0, or in case of under/overflow. I think you should do exactly the same in your fixed point math functions. \r\n\r\nNormally I'm against forcing code to exit with panic error, but in this case I think it is not only a good idea but necessary.\r\n\r\nBecause there is no way to cause a panic error \"just like that\", you would have to use small hack.\r\nCreate a small helper function:\r\n```clojure\r\n(define-read-only (math-panic!)\r\n  (/ 1 0) ;; will panic with division by 0\r\n)\r\n```\r\nand use it:\r\n```clojure\r\n(define-read-only (add-fixed (a uint) (b uint))\r\n    (let\r\n        (\r\n            (c (+ a b))\r\n        )\r\n        (asserts! (>= c a) (math-panic!))\r\n        c\r\n    )\r\n)\r\n```\r\n\r\nBy doing so you'll be able to use your fixed point math functions just like any standard math functions (without unwraps and re-throwing errors).\r\n```clojure\r\n(add-fixed u10 (add-fixe u10 u11))\r\n```\r\nCode will be much neater, more readable and I believe also cheaper to execute."
    },
    {
        "projcts_name": "alpaca-finance_bsc-alpaca-contract",
        "num": 210,
        "created_user": "jr-alpaca",
        "created_at": "2022-02-04T13:14:24Z",
        "closed_at": "2022-02-04T13:14:59Z",
        "merged_at": "2022-02-04T13:14:59Z",
        "label": [],
        "comments_data": [],
        "title": "[feat][feat] delta neutral refactor 3",
        "body": "<!--- PLEASE FOLLOW THE GUIDELINE -->\r\n\r\n## Description\r\n<!--- Describe your changes in detail -->\r\n- use FullMath to prevent overflow\r\n- remove internal claim\r\n## Why?\r\n<!--- Why is this change required? What problem does it solve? -->\r\n\r\n## ChangeLogs:\r\n<!--- changes for this pr -->\r\n\r\n\r\n### Link to story (if available)\r\n<!--- Add story URL here -->\r\n"
    },
    {
        "projcts_name": "astroport-fi_astroport-core",
        "num": 28,
        "created_user": "larry0x",
        "created_at": "2021-09-16T15:07:23Z",
        "closed_at": "2021-09-16T15:42:27Z",
        "merged_at": "2021-09-16T15:42:27Z",
        "label": [],
        "comments_data": [],
        "title": "Fix issues related to TWAP accumulator",
        "body": "This PR fixes two issues we discussed in the Telegram chat:\r\n\r\n1. The accumulation of `price{0,1}_cumulative_last` is inverted:\r\n\r\n```diff\r\n- config.price0_cumulative_last += time_elapsed * Decimal::from_ratio(x, y);\r\n- config.price1_cumulative_last += time_elapsed * Decimal::from_ratio(y, x);\r\n+ config.price0_cumulative_last += time_elapsed * Decimal::from_ratio(y, x);\r\n+ config.price1_cumulative_last += time_elapsed * Decimal::from_ratio(x, y);\r\n```\r\n\r\n2. The contract panics when the accumulation causes an integer overflow. To fix this a helper function `warp_add` was implemented which wraps the integer safely back to zero when the addition overflows (basically, simulates how EVM/Solidity handles the situation).\r\n\r\n ```rust\r\npub fn warp_add(a: Uint128, b: Uint128) -> Uint128 {\r\n    // The difference between a and Uint128::MAX, i.e. biggest number that can be added to\r\n    // a without overflowing\r\n    let diff = Uint128::MAX - a;\r\n\r\n    if b <= diff {\r\n        a + b\r\n    } else {\r\n        b - diff\r\n    }\r\n}\r\n```"
    },
    {
        "projcts_name": "DeFiCh_ain",
        "num": 1230,
        "created_user": "Jouzo",
        "created_at": "2022-05-11T18:40:04Z",
        "closed_at": "2022-06-01T10:13:36Z",
        "merged_at": null,
        "label": "kind/fix",
        "comments_data": {
            "created": [
                "2022-06-01T10:13:36Z"
            ],
            "user_login": [
                "Jouzo"
            ]
        },
        "title": "Backport live dex + fix signed overflow",
        "body": "#### What kind of PR is this?:\r\n\r\n/kind fix\r\n\r\n#### What this PR does / why we need it:\r\n\r\nSync VM with https://github.com/DeFiCh/ain/pull/1214 and https://github.com/DeFiCh/ain/pull/1222\r\n"
    },
    {
        "projcts_name": "DeFiCh_ain",
        "num": 1222,
        "created_user": "bvbfan",
        "created_at": "2022-05-09T15:21:56Z",
        "closed_at": "2022-05-09T21:30:33Z",
        "merged_at": "2022-05-09T21:30:33Z",
        "label": "kind/fix",
        "comments_data": [],
        "title": "Fix signed overflow",
        "body": "\r\n/kind fix"
    },
    {
        "projcts_name": "element-fi_elf-contracts",
        "num": 73,
        "created_user": "aleph-v",
        "created_at": "2021-01-21T13:36:48Z",
        "closed_at": "2021-01-27T20:01:44Z",
        "merged_at": [],
        "label": [],
        "comments_data": [],
        "title": "Upgrade to 0.8.0 and remove safemath",
        "body": "Upgrading our version to 0.8.0 has a variety of useful results, but a prominent one is that all math is checked by default now for under and overflows. Given this we can remove safe math to improve readability.\r\nDiscussion:\r\nhttps://github.com/element-fi/elf-contracts/pull/68#discussion_r559860450"
    },
    {
        "projcts_name": "enzymefinance_protocol",
        "num": 477,
        "created_user": "jennazenk",
        "created_at": "2018-06-12T08:19:18Z",
        "closed_at": "2018-11-26T20:00:40Z",
        "merged_at": [],
        "label": [],
        "comments_data": {
            "created": [
                "2018-06-25T14:07:14Z",
                "2018-11-26T20:00:40Z"
            ],
            "user_login": [
                "travs",
                "travs"
            ]
        },
        "title": " Redundant code",
        "body": "There are many instances of redundant code, usually where a condition is checked using a `pre_cond`  modifier and then further checked in the body of the code. Whilst this doesn't cause functional issues, it increases the gas cost of transactions, making the overall protocol more expensive to use. Additionally, the sanity checks in Shares are made redundant by using DSMath which already checks for overflow."
    },
    {
        "projcts_name": "gnosis_dex-contracts",
        "num": 1002,
        "created_user": "dependabot-preview[bot]",
        "created_at": "2020-10-01T19:43:24Z",
        "closed_at": "2020-10-13T11:37:12Z",
        "merged_at": null,
        "label": "dependencies",
        "comments_data": {
            "created": [
                "2020-10-13T11:37:10Z"
            ],
            "user_login": [
                "dependabot-preview[bot]"
            ]
        },
        "title": "Bump solidity-bytes-utils from 0.0.9 to 0.1.1",
        "body": "Bumps [solidity-bytes-utils](https://github.com/GNSPS/solidity-bytes-utils) from 0.0.9 to 0.1.1.\n<details>\n<summary>Release notes</summary>\n<p><em>Sourced from <a href=\"https://github.com/GNSPS/solidity-bytes-utils/releases\">solidity-bytes-utils's releases</a>.</em></p>\n<blockquote>\n<h2>v0.1.1 - Critical Bug Fix v2</h2>\n<p>Please update to this version that fully mitigates the memory corruption bug disclosed on October 1st.</p>\n<p>Thank you to <a href=\"https://github.com/shanefontaine\">@shanefontaine</a> for reviewing the fixes!</p>\n<h2>v0.1.0 - Critical bug fix</h2>\n<p>With this version we up the minor version in an attempt to signal the importance of the fix in an, otherwise, very stable project for a while.</p>\n<p>From the README:</p>\n<p>There was a <strong>critical bug</strong> in the <code>slice</code> method, reported on an audit to a DXDao codebase.</p>\n<p>Previously, no checks were being made on overflows of the <code>_start</code> and <code>_length</code> parameters since previous reviews of the codebase deemed this overflow &quot;unexploitable&quot; because of an inordinate expansion of memory (i.e., reading an immensely large memory offset causing huge memory expansion) resulting in an out-of-gas exception.</p>\n<p>However, as noted in the review mentioned above, this is not the case. The <code>slice</code> method in versions <code>&lt;=0.9.0</code> actually allows for arbitrary <em>kind of</em> (i.e., it allows memory writes to very specific values) arbitrary memory writes _in the specific case where these parameters are user-supplied inputs and not hardcoded values (which is uncommon).</p>\n<p>This made me realize that in permissioned blockchains where gas is also not a limiting factor this could become problematic in other methods and so I updated all typecasting-related methods to include new bound checks as well.</p>\n<p><strong>TL;DR: if you're using the <code>slice</code> method with user-supplied inputs in your codebase please update the bytes library immediately!</strong></p>\n</blockquote>\n</details>\n<details>\n<summary>Commits</summary>\n<ul>\n<li>See full diff in <a href=\"https://github.com/GNSPS/solidity-bytes-utils/commits/v0.1.1\">compare view</a></li>\n</ul>\n</details>\n<br />\n\n\n[![Dependabot compatibility score](https://api.dependabot.com/badges/compatibility_score?dependency-name=solidity-bytes-utils&package-manager=npm_and_yarn&previous-version=0.0.9&new-version=0.1.1)](https://dependabot.com/compatibility-score/?dependency-name=solidity-bytes-utils&package-manager=npm_and_yarn&previous-version=0.0.9&new-version=0.1.1)\n\nDependabot will resolve any conflicts with this PR as long as you don't alter it yourself. You can also trigger a rebase manually by commenting `@dependabot rebase`.\n\n[//]: # (dependabot-automerge-start)\n[//]: # (dependabot-automerge-end)\n\n---\n\n<details>\n<summary>Dependabot commands and options</summary>\n<br />\n\nYou can trigger Dependabot actions by commenting on this PR:\n- `@dependabot rebase` will rebase this PR\n- `@dependabot recreate` will recreate this PR, overwriting any edits that have been made to it\n- `@dependabot merge` will merge this PR after your CI passes on it\n- `@dependabot squash and merge` will squash and merge this PR after your CI passes on it\n- `@dependabot cancel merge` will cancel a previously requested merge and block automerging\n- `@dependabot reopen` will reopen this PR if it is closed\n- `@dependabot close` will close this PR and stop Dependabot recreating it. You can achieve the same result by closing it manually\n- `@dependabot ignore this major version` will close this PR and stop Dependabot creating any more for this major version (unless you reopen the PR or upgrade to it yourself)\n- `@dependabot ignore this minor version` will close this PR and stop Dependabot creating any more for this minor version (unless you reopen the PR or upgrade to it yourself)\n- `@dependabot ignore this dependency` will close this PR and stop Dependabot creating any more for this dependency (unless you reopen the PR or upgrade to it yourself)\n- `@dependabot use these labels` will set the current labels as the default for future PRs for this repo and language\n- `@dependabot use these reviewers` will set the current reviewers as the default for future PRs for this repo and language\n- `@dependabot use these assignees` will set the current assignees as the default for future PRs for this repo and language\n- `@dependabot use this milestone` will set the current milestone as the default for future PRs for this repo and language\n- `@dependabot badge me` will comment on this PR with code to add a \"Dependabot enabled\" badge to your readme\n\nAdditionally, you can set the following in your Dependabot [dashboard](https://app.dependabot.com):\n- Update frequency (including time of day and day of week)\n- Pull request limits (per update run and/or open at any time)\n- Out-of-range updates (receive only lockfile updates, if desired)\n- Security updates (receive only security updates, if desired)\n\n\n\n</details>"
    },
    {
        "projcts_name": "gnosis_dex-contracts",
        "num": 682,
        "created_user": "fleupold",
        "created_at": "2020-04-21T12:03:16Z",
        "closed_at": "2020-04-22T12:12:34Z",
        "merged_at": "2020-04-22T12:12:34Z",
        "label": [],
        "comments_data": {
            "created": [
                "2020-04-22T12:12:18Z"
            ],
            "user_login": [
                "fleupold"
            ]
        },
        "title": "[BatchExchangeViewer] Fix buffer length calculation",
        "body": "In #669 we incorrectly merged the computation of elements length inside `getFilteredOrdersPaginated`. Since this method returns filtered elements it will include the order index and therefore it's buffer length should be computed based on `INDEXED_AUCTION_ELEMENT_WIDTH` not `AUCTION_ELEMENT_WIDTH`.\r\n\r\nMoreover, it's safer to cast pageSize (which is a u16) to u256 before doing the multiplication to avoid that we overflow at the 2**16 boundary.\r\n\r\n### Test Plan\r\n\r\nMaking sure that the redeployed version can be used for fetching the orderbook. Should probably also add a unit test to prevent regressions."
    },
    {
        "projcts_name": "gnosis_dex-contracts",
        "num": 556,
        "created_user": "fleupold",
        "created_at": "2020-02-17T20:19:46Z",
        "closed_at": "2020-02-18T08:12:37Z",
        "merged_at": "2020-02-18T08:12:37Z",
        "label": [],
        "comments_data": {
            "created": [
                "2020-02-18T07:42:46Z",
                "2020-02-18T08:11:19Z"
            ],
            "user_login": [
                "josojo",
                "fleupold"
            ]
        },
        "title": "[BatchExchangeViewer] fix subtle overflow bug",
        "body": "Closes #555\r\n\r\nThere was a very subtle overflow bug where since `index` is a u16 & `AUCTION_ELEMENT_WIDTH` is a u8 we overflow as soon as we have more than 585 orders (2^16 / 112).\r\n\r\nThis PR fixes this by casting index into a u256 before multiplying\r\n\r\n### Test Plan\r\n\r\nMake sure to migrate the fixed version of the Viewer contracts on this branch.\r\n\r\n```\r\ngit checkout issueExampleBatchViewer\r\ngit rebase fix_viewer\r\nrm -r build\r\nnpx truffle compile\r\nnpm run inject-networks\r\nnpx truffle exec scripts/stablex/test.js --network rinkeby\r\n```\r\n"
    },
    {
        "projcts_name": "gnosis_dex-contracts",
        "num": 318,
        "created_user": "nlordell",
        "created_at": "2019-11-22T19:43:57Z",
        "closed_at": "2019-11-26T11:50:02Z",
        "merged_at": "2019-11-26T11:50:02Z",
        "label": [],
        "comments_data": {
            "created": [
                "2019-11-24T09:54:42Z",
                "2019-11-25T10:57:29Z"
            ],
            "user_login": [
                "fleupold",
                "bh2smith"
            ]
        },
        "title": "[Easy] Fixes Minor Issue In `decodeAuctionElements`",
        "body": "Fixed an issue where decoding on empty bytes does not throw and changed to use `bn.js` to avoid overflow issues.\r\n\r\n### Test Plan\r\n\r\nTry out `npx truffle exec get_auction_elements.js` for large orders that can't be represented by a double precision floating point number."
    },
    {
        "projcts_name": "gnosis_dex-contracts",
        "num": 135,
        "created_user": "josojo",
        "created_at": "2019-06-21T06:44:15Z",
        "closed_at": "2020-01-08T12:35:01Z",
        "merged_at": null,
        "label": "on hold",
        "comments_data": {
            "created": [
                "2019-06-21T08:50:56Z",
                "2019-11-05T20:42:00Z",
                "2020-01-08T12:35:01Z"
            ],
            "user_login": [
                "josojo",
                "nlordell",
                "fleupold"
            ]
        },
        "title": "#94 with u32 instead of u128 for batchIndex",
        "body": "Initially, the idea was to have batchIndex as u128, in order to prevent any overflows. \r\n\r\nHowever, this comes with a cost:  A lot of gas is used in applyauction, if batchIndex is sent with such precision.\r\n\r\nHence, we decide to switch to u32. If auctions take 3 minutes, then 2**32/360/24/20 = 28k years would be needed in order to make it overflow.\r\n\r\nTestplan: non"
    },
    {
        "projcts_name": "gnosis_dex-contracts",
        "num": 114,
        "created_user": "josojo",
        "created_at": "2019-06-11T08:17:56Z",
        "closed_at": "2019-06-11T08:38:19Z",
        "merged_at": "2019-06-11T08:38:19Z",
        "label": [],
        "comments_data": {
            "created": [
                "2019-06-11T08:28:21Z"
            ],
            "user_login": [
                "bh2smith"
            ]
        },
        "title": "fix overflow in maxUnreservedOrderCount",
        "body": "#113 "
    },
    {
        "projcts_name": "idexio_idex-contracts-silverton",
        "num": 24,
        "created_user": "dileepfrog",
        "created_at": "2021-07-20T02:23:12Z",
        "closed_at": "2021-08-09T17:57:36Z",
        "merged_at": null,
        "label": [],
        "comments_data": [],
        "title": "Precision fixes 1",
        "body": " - Include `deadline` in add/remove liquidity events for off-chain processing.\r\n - Precision-related updates:\r\n    - Increase the precision of intermediate calculations in `multiplyPipsByFraction`, and support for an optional `roundUp` parameter to match off-chain calculations.\r\n    - Increase the precision of intermediate calculations in `sqrt` to prevent unnecessary overflows on large initial liquidity additions.\r\n"
    },
    {
        "projcts_name": "makerdao_dss",
        "num": 129,
        "created_user": "kmbarry1",
        "created_at": "2020-08-20T16:37:12Z",
        "closed_at": "2020-08-21T00:16:30Z",
        "merged_at": "2020-08-21T00:16:29Z",
        "label": [],
        "comments_data": {
            "created": [
                "2020-08-20T18:05:10Z",
                "2020-08-20T21:03:31Z"
            ],
            "user_login": [
                "gbalabasquer",
                "kmbarry1"
            ]
        },
        "title": "make chop a wad",
        "body": "This mitigates the recent overflow issue and allows `dunk` to be as large as ~10^14. Since this is quite large, I don't think there's a need to enforce an explicit limit on `dunk` in the code anymore, so I've removed `MAX_DUNK` and the associated tests."
    },
    {
        "projcts_name": "maple-labs_maple-core",
        "num": 305,
        "created_user": "lucas-manuel",
        "created_at": "2021-03-24T16:55:28Z",
        "closed_at": "2021-03-25T13:17:53Z",
        "merged_at": "2021-03-25T13:17:53Z",
        "label": [],
        "comments_data": [],
        "title": "feat: Add combined bound checks to fees (SC-1660 + SC-1665)",
        "body": "# Description\r\n\r\nAdds combined fee checks to `investorFee + treasuryFee` and `stakingFee + delegateFee` to ensure they are below 100%.\r\n\r\nUsing SafeMath in Pool and not in Globals because Globals has `checkPercentageRange` that will prevent overflow manipulation.\r\n\r\nNOTE: Reduced fuzz runs in CI to make it run faster. Plan is to have less fuzz runs for PRs and to have higher fuzz runs for pushes to develop.\r\n\r\n# PR Submission Requirements Checklist\r\n\r\n- [ ] PR title ends with `(SC-<TICKET_NUMBER>)`\r\n- [ ] All reviewers, assignees, labels added to PR\r\n- [ ] Code approved\r\n- [ ] Tests approved\r\n- [ ] CI Tests pass\r\n\r\n# Integrations Checklist\r\n\r\n- [ ] Have any function signatures changed? If yes, outline below.\r\n- [ ] Have any features changed or been added? If yes, outline below.\r\n- [ ] Have any events changed or been added? If yes, outline below.\r\n- [ ] Has all documentation been updated?\r\n\r\n# Changelog\r\n## Function Signature Changes\r\n\r\n## Features \r\n\r\n## Events\r\n\r\n"
    },
    {
        "projcts_name": "ref-finance_ref-contracts",
        "num": 31,
        "created_user": "marco-sundsk",
        "created_at": "2021-06-22T00:52:09Z",
        "closed_at": "2021-06-22T00:53:36Z",
        "merged_at": "2021-06-22T00:53:36Z",
        "label": [],
        "comments_data": [],
        "title": "Fix ref farming small deposit attack",
        "body": "* fix cumulative bugs of ref-farming, and version goes to 0.4.2;\r\n* limit min_staking_balance of each seed token to avoid possible overflow or precision loss of RPS;\r\n* add more view functions to expose more seed info;\r\n* add more simulator test for single farm scenario as well as multi-farm scenario;"
    },
    {
        "projcts_name": "saber-hq_stable-swap",
        "num": 33,
        "created_user": "michaelhly",
        "created_at": "2020-11-14T00:00:55Z",
        "closed_at": "2020-11-14T05:40:25Z",
        "merged_at": "2020-11-14T05:40:25Z",
        "label": [],
        "comments_data": [],
        "title": "Do all curve math in U256 and handle overflow errors",
        "body": "Resolves #12"
    },
    {
        "projcts_name": "saber-hq_stable-swap",
        "num": 12,
        "created_user": "michaelhly",
        "created_at": "2020-10-26T22:00:22Z",
        "closed_at": "2020-11-14T05:40:25Z",
        "merged_at": [],
        "label": [],
        "comments_data": [],
        "title": "Gracefully handle overflows/Better big number handling in program",
        "body": "Calculations in `compute_d` and `compute_y` may overflow. We should handle overflow cases gracefully."
    },
    {
        "projcts_name": "TempleDAO_temple",
        "num": 237,
        "created_user": "scooprinder",
        "created_at": "2022-04-21T00:43:13Z",
        "closed_at": "2022-06-07T11:57:25Z",
        "merged_at": [],
        "label": "protocol",
        "comments_data": {
            "created": [
                "2022-06-05T00:44:48Z",
                "2022-06-07T11:57:25Z"
            ],
            "user_login": [
                "butlerji",
                "butlerji"
            ]
        },
        "title": "Decide on/fix rebase precision when calculating shares/token amounts",
        "body": "In [RebasingERC20#toTokenAmount](https://github.com/TempleDAO/temple/blob/core/protocol/contracts/core/RebasingERC20.sol#L129) and [RebasingERC20#toShareAmount](https://github.com/TempleDAO/temple/blob/core/protocol/contracts/core/RebasingERC20.sol#L134), given a sufficently large number of locked temple (340282366920938463463374607431768211456) this will cause an arithmetic overflow. Before we deploy these contracts, we should make an informed decision on whether this is an accept bound, or whether we should address it. \r\n\r\nThe current foundry tests are failing because the fuzzer has been unbounded. There is a [PR](https://github.com/TempleDAO/temple/pull/236) which addresses this but until the resolution of this issue, it should remain a draft."
    },
    {
        "projcts_name": "trusttoken_contracts-pre22",
        "num": 1093,
        "created_user": "skalermo",
        "created_at": "2021-10-27T11:51:53Z",
        "closed_at": "2021-10-28T08:07:33Z",
        "merged_at": "2021-10-28T08:07:33Z",
        "label": [],
        "comments_data": [],
        "title": "\ud83d\udd22 [Certik] FTL-02 | Potential Integer Overflow",
        "body": "During offline discussion it was decided to prevent creation of pools that have decimal count > 36. This should make exponentiation overflow (like 10**decimals) less likely to happen. "
    }
]