[
    {
        "projcts_name": "Loopring_protocols",
        "num": 549,
        "created_user": "dependabot-preview[bot]",
        "created_at": "2019-10-02T04:39:53Z",
        "closed_at": "2019-10-02T16:22:49Z",
        "merged_at": "2019-10-02T16:22:49Z",
        "label": "dependencies",
        "comments_data": [],
        "title": "Bump ethereumjs-util from 5.2.0 to 6.1.0",
        "body": "Bumps [ethereumjs-util](https://github.com/ethereumjs/ethereumjs-util) from 5.2.0 to 6.1.0.\n<details>\n<summary>Release notes</summary>\n\n*Sourced from [ethereumjs-util's releases](https://github.com/ethereumjs/ethereumjs-util/releases).*\n\n> ## v6.1.0 - TypeScript\n> First **TypeScript** based release of the library, now also including a\r\n> **type declaration file** distributed along with the package published,\r\n> see PR [#170](https://github-redirect.dependabot.com/ethereumjs/ethereumjs-util/pull/170).\r\n> \r\n> **Bug Fixes**\r\n> \r\n> - Fixed a bug in `isValidSignature()` not correctly returning `false`\r\n>   if passed an `s`-value greater than `secp256k1n/2` on `homestead` or later.\r\n>   If you use the method signature with more than three arguments (so not just\r\n>   passing in `v`, `r`, `s` and use it like `isValidSignature(v, r, s)` and omit\r\n>   the optional args) please read the thread from\r\n>   PR [#171](https://github-redirect.dependabot.com/ethereumjs/ethereumjs-util/pull/171) carefully\r\n>   and check your code.\r\n> \r\n> **Development**\r\n> \r\n> - Updated `@types/node` to Node `11` types,\r\n>   PR [#175](https://github-redirect.dependabot.com/ethereumjs/ethereumjs-util/pull/175)\r\n> - Changed browser from Chrome to ChromeHeadless,\r\n>   PR [#156](https://github-redirect.dependabot.com/ethereumjs/ethereumjs-util/pull/156)\n> \n> ## v6.0.0 - Major Release\n> - Support for ``EIP-155`` replay protection by adding an optional ``chainId`` parameter\r\n>   to ``ecsign()``, ``ecrecover()``, ``toRpcSig()`` and ``isValidSignature()``, if present the  \r\n>   new signature format relying on the ``chainId`` is used, see PR [#143](https://github-redirect.dependabot.com/ethereumjs/ethereumjs-util/pull/143)\r\n> - New ``generateAddress2()`` for ``CREATE2`` opcode (``EIP-1014``) address creation\r\n>   (Constantinople HF), see PR [#146](https://github-redirect.dependabot.com/ethereumjs/ethereumjs-util/pull/146)\r\n> - [BREAKING] Fixed signature to comply with Geth and Parity in ``toRpcSig()`` changing \r\n>   ``v`` from 0/1 to 27/28, this changes the resulting signature buffer, see PR [#139](https://github-redirect.dependabot.com/ethereumjs/ethereumjs-util/pull/139)\r\n> - [BREAKING] Remove deprecated ``sha3``-named constants and methods (see ``v5.2.0`` release),\r\n>   see PR [#154](https://github-redirect.dependabot.com/ethereumjs/ethereumjs-util/pull/154)\n</details>\n<details>\n<summary>Changelog</summary>\n\n*Sourced from [ethereumjs-util's changelog](https://github.com/ethereumjs/ethereumjs-util/blob/master/CHANGELOG.md).*\n\n> ## [6.1.0] - 2019-02-12\n> \n> First **TypeScript** based release of the library, now also including a\n> **type declaration file** distributed along with the package published,\n> see PR [#170](https://github-redirect.dependabot.com/ethereumjs/ethereumjs-util/pull/170).\n> \n> **Bug Fixes**\n> \n> - Fixed a bug in `isValidSignature()` not correctly returning `false`\n>   if passed an `s`-value greater than `secp256k1n/2` on `homestead` or later.\n>   If you use the method signature with more than three arguments (so not just\n>   passing in `v`, `r`, `s` and use it like `isValidSignature(v, r, s)` and omit\n>   the optional args) please read the thread from\n>   PR [#171](https://github-redirect.dependabot.com/ethereumjs/ethereumjs-util/pull/171) carefully\n>   and check your code.\n> \n> **Development**\n> \n> - Updated `@types/node` to Node `11` types,\n>   PR [#175](https://github-redirect.dependabot.com/ethereumjs/ethereumjs-util/pull/175)\n> - Changed browser from Chrome to ChromeHeadless,\n>   PR [#156](https://github-redirect.dependabot.com/ethereumjs/ethereumjs-util/pull/156)\n> \n> [6.1.0]: https://github.com/ethereumjs/ethereumjs-util/compare/v6.0.0...v6.1.0\n> \n> ## [6.0.0] - 2018-10-08\n> \n> - Support for `EIP-155` replay protection by adding an optional `chainId` parameter\n>   to `ecsign()`, `ecrecover()`, `toRpcSig()` and `isValidSignature()`, if present the  \n>   new signature format relying on the `chainId` is used, see PR [#143](https://github-redirect.dependabot.com/ethereumjs/ethereumjs-util/pull/143)\n> - New `generateAddress2()` for `CREATE2` opcode (`EIP-1014`) address creation\n>   (Constantinople HF), see PR [#146](https://github-redirect.dependabot.com/ethereumjs/ethereumjs-util/pull/146)\n> - [BREAKING] Fixed signature to comply with Geth and Parity in `toRpcSig()` changing\n>   `v` from 0/1 to 27/28, this changes the resulting signature buffer, see PR [#139](https://github-redirect.dependabot.com/ethereumjs/ethereumjs-util/pull/139)\n> - [BREAKING] Remove deprecated `sha3`-named constants and methods (see `v5.2.0` release),\n>   see PR [#154](https://github-redirect.dependabot.com/ethereumjs/ethereumjs-util/pull/154)\n> \n> [6.0.0]: https://github.com/ethereumjs/ethereumjs-util/compare/v5.2.0...v6.0.0\n</details>\n<details>\n<summary>Commits</summary>\n\n- [`46ed31d`](https://github.com/ethereumjs/ethereumjs-util/commit/46ed31db75aacaa3c124ee251229d09ffe0534c8) Merge pull request [#176](https://github-redirect.dependabot.com/ethereumjs/ethereumjs-util/issues/176) from ethereumjs/new-release-v610\n- [`ae5194f`](https://github.com/ethereumjs/ethereumjs-util/commit/ae5194fc14996e835ee7b3bf2d8dcdd1e210b371) Bumped version to v6.1.0, added CHANGELOG entry\n- [`3d41cbd`](https://github.com/ethereumjs/ethereumjs-util/commit/3d41cbd0ae02de582cad4f466844a84908a51af0) Merge pull request [#175](https://github-redirect.dependabot.com/ethereumjs/ethereumjs-util/issues/175) from ethereumjs/greenkeeper/@types/node-11.9.0\n- [`8a7d38f`](https://github.com/ethereumjs/ethereumjs-util/commit/8a7d38f31cdaa0ffe06bf86686ce9ef3630b46aa) chore(package): update @types/node to version 11.9.0\n- [`153b7c3`](https://github.com/ethereumjs/ethereumjs-util/commit/153b7c35dbd275067d04ba42773aeefcdf99377d) Merge pull request [#170](https://github-redirect.dependabot.com/ethereumjs/ethereumjs-util/issues/170) from ethereumjs/typescript\n- [`0c322f6`](https://github.com/ethereumjs/ethereumjs-util/commit/0c322f613cdfc4c985a237541dc5ca041da729fb) Update docs\n- [`a3d662b`](https://github.com/ethereumjs/ethereumjs-util/commit/a3d662b3d0e5c8e8f2c78399adb0b4ce6202bbde) Convert index to typescript\n- [`01b3779`](https://github.com/ethereumjs/ethereumjs-util/commit/01b37794e5cb6566894cc121ab51c5abd5fbe94c) Update package.json with new typescript configs\n- [`50f507c`](https://github.com/ethereumjs/ethereumjs-util/commit/50f507c4cea60440c4f27d12c54113447ab83600) Rename src/index.js to src/index.ts\n- [`0ca5751`](https://github.com/ethereumjs/ethereumjs-util/commit/0ca57517f485567aa4b832ac954e8e3c1cfff41f) Mv index.js to src/\n- Additional commits viewable in [compare view](https://github.com/ethereumjs/ethereumjs-util/compare/v5.2.0...v6.1.0)\n</details>\n<br />\n\n[![Dependabot compatibility score](https://api.dependabot.com/badges/compatibility_score?dependency-name=ethereumjs-util&package-manager=npm_and_yarn&previous-version=5.2.0&new-version=6.1.0)](https://dependabot.com/compatibility-score.html?dependency-name=ethereumjs-util&package-manager=npm_and_yarn&previous-version=5.2.0&new-version=6.1.0)\n\nDependabot will resolve any conflicts with this PR as long as you don't alter it yourself. You can also trigger a rebase manually by commenting `@dependabot rebase`.\n\n[//]: # (dependabot-automerge-start)\n[//]: # (dependabot-automerge-end)\n\n---\n\n**Note:** This repo was added to Dependabot recently, so you'll receive a maximum of 5 PRs for your first few update runs. Once an update run creates fewer than 5 PRs we'll remove that limit.\n\nYou can always request more updates by clicking `Bump now` in your [Dependabot dashboard](https://app.dependabot.com).\n\n<details>\n<summary>Dependabot commands and options</summary>\n<br />\n\nYou can trigger Dependabot actions by commenting on this PR:\n- `@dependabot rebase` will rebase this PR\n- `@dependabot recreate` will recreate this PR, overwriting any edits that have been made to it\n- `@dependabot merge` will merge this PR after your CI passes on it\n- `@dependabot squash and merge` will squash and merge this PR after your CI passes on it\n- `@dependabot cancel merge` will cancel a previously requested merge and block automerging\n- `@dependabot reopen` will reopen this PR if it is closed\n- `@dependabot close` will close this PR and stop Dependabot recreating it. You can achieve the same result by closing it manually\n- `@dependabot ignore this major version` will close this PR and stop Dependabot creating any more for this major version (unless you reopen the PR or upgrade to it yourself)\n- `@dependabot ignore this minor version` will close this PR and stop Dependabot creating any more for this minor version (unless you reopen the PR or upgrade to it yourself)\n- `@dependabot ignore this dependency` will close this PR and stop Dependabot creating any more for this dependency (unless you reopen the PR or upgrade to it yourself)\n- `@dependabot use these labels` will set the current labels as the default for future PRs for this repo and language\n- `@dependabot use these reviewers` will set the current reviewers as the default for future PRs for this repo and language\n- `@dependabot use these assignees` will set the current assignees as the default for future PRs for this repo and language\n- `@dependabot use this milestone` will set the current milestone as the default for future PRs for this repo and language\n- `@dependabot badge me` will comment on this PR with code to add a \"Dependabot enabled\" badge to your readme\n\nAdditionally, you can set the following in your Dependabot [dashboard](https://app.dependabot.com):\n- Update frequency (including time of day and day of week)\n- Pull request limits (per update run and/or open at any time)\n- Out-of-range updates (receive only lockfile updates, if desired)\n- Security updates (receive only security updates, if desired)\n\nFinally, you can contact us by mentioning @dependabot.\n\n</details>"
    },
    {
        "projcts_name": "UMAprotocol_protocol",
        "num": 3843,
        "created_user": "pemulis",
        "created_at": "2022-03-07T22:42:24Z",
        "closed_at": "2022-04-19T19:45:40Z",
        "merged_at": "2022-04-19T19:45:40Z",
        "label": [],
        "comments_data": [],
        "title": "feat: add zodiac module",
        "body": "Signed-off-by: John Shutt <pemulis@users.noreply.github.com>\r\n\r\n<!--\r\n  Thanks for submitting a pull request!\r\n  We appreciate you spending the time to work on these changes. Please provide enough information so that others can review your pull request. The three fields below are mandatory.\r\n-->\r\n\r\n<!--\r\n  Title\r\n  Please include a concise title that briefly describes the change.\r\n  Titles should follow https://www.conventionalcommits.org/.\r\n  They should also be in the present simple tense.\r\n\r\n  Examples:\r\n\r\n  feat(dvm): adds a new function to compute voting rewards offchain\r\n  fix(monitor): fixes broken link in liquidation log\r\n  feat(voter-dapp): adds countdown timer component to the header\r\n  build(solc): updates solc version to 0.6.12\r\n  improve(emp-client): parallelizes web3 calls to improve performance\r\n\r\n  For examples of other types (feat, fix, build, improve) and what they mean, take a look at the angular list:\r\n  https://github.com/angular/angular/blob/22b96b9/CONTRIBUTING.md#type\r\n\r\n  See https://github.com/UMAprotocol/protocol/blob/master/CONTRIBUTING.md#conventional-commits for more details on PR\r\n  title expectations.\r\n-->\r\n\r\n\r\n**Motivation**\r\n\r\nThis [Zodiac module](https://gnosis.github.io/zodiac/docs/intro) allows you to control a Gnosis Safe according to a set of off-chain rules. Any address can propose transactions that follow the rules and any address can dispute a proposal to UMA's Optimistic Oracle within a challenge window.\r\n\r\nThe [UMIP](https://github.com/UMAprotocol/UMIPs/pull/492) has more details on how it works and the rationale.\r\n\r\nThis module will allow for a new era of flexible \"optimistic governance,\" where management of DAO treasuries and other multi-signature wallets can be managed more effectively, without being limited to X-of-Y signing schemes or Snapshot votes, although the Zodiac module can enforce those things, too.\r\n\r\nThe module is intended to be used with the `ZODIAC` identifier, currently in [draft state](https://github.com/UMAprotocol/UMIPs/pull/492/files#diff-c0732d176241fe45e7f0ec0d58ec2fd991d47b4aea6db4024a9ce609d6035048).\r\n\r\n**Summary**\r\n\r\nThis PR adds a module contract and installs the Zodiac package in `core`.\r\n\r\n**Details**\r\n\r\nSince this will be the first time the core engineering team sees this, the module is being submitted prior to testing and without many internal comments, just to start the discussion.\r\n\r\nI have successfully deployed the module and connected it to a Gnosis Safe on Rinkeby.\r\n\r\n![image](https://user-images.githubusercontent.com/1646497/157130313-da2463d5-5af4-42bc-ad46-6513f089d0c8.png)\r\n\r\nNext steps (not necessarily in this order):\r\n\r\n- Test proposals and disputes manually on Rinkeby\r\n- Write a contract test suite\r\n- Write the `ZODIAC` identifier UMIP describing how to resolve disputes [FIRST DRAFT DONE]\r\n- Add comments to the contract code\r\n- Refine the contract code and prepare for the next audit\r\n\r\n\r\n**Testing**\r\n\r\nCheck a box to describe how you tested these changes and list the steps for reviewers to test.\r\n\r\n- [ ]  Ran end-to-end test, running the code as in production\r\n- [ ]  New unit tests created\r\n- [ ]  Existing tests adequate, no new tests required\r\n- [ ]  All existing tests pass\r\n- [x]  Untested\r\n\r\n\r\n**Issue(s)**\r\n\r\n<!-- This PR must fix or refer to one or more issues. Please list them here. -->\r\nFixes #XXXX\r\n"
    },
    {
        "projcts_name": "keep-network_keep-core",
        "num": 2361,
        "created_user": "nkuba",
        "created_at": "2021-03-04T17:56:33Z",
        "closed_at": "2021-03-12T15:25:34Z",
        "merged_at": "2021-03-12T15:25:34Z",
        "label": "\u26d3chain",
        "comments_data": {
            "created": [
                "2021-03-12T10:27:05Z"
            ],
            "user_login": [
                "dimpar"
            ]
        },
        "title": "Token Distribution",
        "body": "This contract can be used to distribute ERC20 tokens with a merkle tree distribution mechanism in a cross-chain environment. \r\n\r\nAn owner of the contract has to calculate a merkle tree for token assignments based on a mapping of recipient addresses with the amount of the assigned tokens. Next, the owner allocates the total amount of tokens in the contract by calling allocate function with the calculated merkle tree root. The owner has also a possibility to define a period after which unclaimed tokens will be allowed to recover by the owner. Once tokens allocation is made recipients can call the claim function to withdraw tokens to any destination address. The destination address should be signed by the recipient prior to calling the function and the signature should be provided on the claim.\r\n\r\nThe signing of destination addresses is implemented to allow cross-chain tokens distribution. It covers a situation when a recipient receives a tokens assignment based on their address on some chain (A) and operates under a different address\r\non the host chain (B) where tokens distribution takes place (e.g. a recipient is as a multi-sig wallet on chain A and receives tokens assignment on chain B, they have to sign an address on chain B they control with a signature calculated with a private key controlling the address on chain A).\r\n\r\nThe contract is based on the Uniswap's Merkle Distributor https://github.com/Uniswap/merkle-distributor with some modifications:\r\n - added 'allocate' function that will be called to allocate tokens for a merkle root,\r\n- added a possibility for a recipient to redirect tokens withdrawal to another address by providing a signature over that address,\r\n- added a possibility for the owner to recover unclaimed tokens after the unclaimed unlock duration that is configurable on tokens allocation.\r\n\r\n## Destination address signing\r\n\r\nWhen the allocation recipient gets tokens assigned they can redirect them to another address when claiming the tokens. To do that recipient has to provide an ethereum signature over the destination address and provide this signature to the claim function.\r\n\r\nThe signature has to be calculated over ethereum specific message format that should be obtained in the following way:\r\n```\r\ndigest = keccak256(destinationAddress)\r\ndigestToSign = keccak256(\"\\x19Ethereum Signed Message:\\n\" + len(digest) + digest)\r\n```\r\n\r\nWhen using web3.eth.sign function the ethereum prefix is added at the beginning automatically so one has to sign only the hash of the destination address, e.g.:\r\n```js\r\nweb3.eth.accounts.sign(web3.utils.sha3(destinationAddress), privateKey)\r\n```\r\n\r\n## Unclaimed tokens recovery\r\n\r\nTokens that were not claimed within a recovery unlock period can be withdrawn by the owner of the contract. To allow the recovery the owner has to set unlock period duration on tokens allocation. If the parameter is provided with `0` value the unclaimed tokens won't be recoverable."
    },
    {
        "projcts_name": "keep-network_keep-core",
        "num": 2409,
        "created_user": "nkuba",
        "created_at": "2021-04-02T11:36:30Z",
        "closed_at": "2021-04-02T13:01:37Z",
        "merged_at": "2021-04-02T13:01:37Z",
        "label": "\u26d3chain",
        "comments_data": [],
        "title": "TokenDistributor: Sign deployed contract address along with destination address",
        "body": "To prevent reusability of the signatures in other contracts that require\r\nsignature of an address we included the contract's address in the message\r\nto sign to increase the uniqueness of the message.\r\n\r\nIn order to claim an airdrop, users have to sign a message with the destination address.\r\nHowever: the signature is not somehow tied to the deployed TokenDistributor contract and\r\ncould be re-used, either in another instance of the same contract or in another contract that\r\nuses a similar signature.\r\n\r\nA user signs a message to claim the Keep distribution. An attacker notices the signature\r\nand reuses it in a different contract that requires a signature of an address. The results can\r\nbe unexpected for the user that produces the signature because they do not want for their\r\nsignature to be re-used in a different context."
    }
]