[
    {
        "projcts_name": "enzymefinance_protocol",
        "num": 334,
        "created_user": "GauthamN",
        "created_at": "2017-12-28T12:25:41Z",
        "closed_at": "2018-01-29T10:25:53Z",
        "merged_at": [],
        "label": "low priority",
        "comments_data": {
            "created": [
                "2018-01-29T10:25:53Z"
            ],
            "user_login": [
                "retotrinkler"
            ]
        },
        "title": "Use of confusing module names",
        "body": "From Audit: Modules can be published with the same or similar names as a phishing attack,\r\nwhich may induce a fund manager to select a vulnerable or malicious module. Confusing\r\nnames can also be used for injection attacks on pages that describe or let managers select\r\nmodules.\r\n\r\n**Impact:\u200b \u200b**Fund managers may be fooled into selecting insecure modules."
    }
]