[
    {
        "projcts_name": "pendle-finance_pendle-core",
        "num": 258,
        "created_user": "aparcekarl",
        "created_at": "2021-12-04T09:26:38Z",
        "closed_at": "2021-12-04T10:23:28Z",
        "merged_at": [],
        "label": [],
        "comments_data": {
            "created": [
                "2021-12-04T10:23:28Z"
            ],
            "user_login": [
                "ayobuenavista"
            ]
        },
        "title": "Security Report: Subdomain Takeover of https://eth-kovan-staging.pendle.finance/ Pointing to Netlify",
        "body": "Hi Pendle Security Team,\r\n\r\nI just want to reach out to you. I'm trying to submit this report weather your interested on it.\r\n\r\nThanks for taking a look.\r\n\r\nRecently, i just found some of your subdomain (*pendle.finance) pointing to vulnerable Third Party site \"Netlify\"\r\n\r\nThis issue is about your subdomain being misconfigured in Netlify\r\nhttps://eth-kovan-staging.pendle.finance/\r\n\r\n\r\n![POC](https://user-images.githubusercontent.com/18432315/144704538-4ace1bbe-3113-492c-942a-3b5014482622.png)\r\n\r\nI've temporarily taken over the subdomain and added it to my Netlify account and added a simple text for PoC\r\n\r\n![POC1](https://user-images.githubusercontent.com/18432315/144704542-08d439a1-4259-4e40-b39a-992bf2074498.png)\r\n\r\n\r\nEverytime you navigate to the subdomain, you will be pointed to the website that I now already owned.\r\n\r\nThis vulnerability can reflect to an email leak from your company, due to the situation that the attacker can receive email transactions from the company and clients.\r\n\r\nPlease refer to this report for further information;\r\nhttps://hackerone.com/reports/388622\r\nhttps://hackerone.com/reports/325336\r\n\r\nImpact\r\n\r\nI was able to hijack the domain eth-kovan-staging.pendle.finance because an outdated DNS entry pointed to Netlify. I created a resource in that web hosting and was able to host my own content accessible via your domain. HTML files located on this domain are able to use JavaScript to access globally-scoped non-HTTPOnly cookies. For example, a cookie used to authenticate against topsecret.pendle.finance is scoped to *pendle.finance, so a page on my hijacked domain can steal it.\r\n\r\nThis vulnerability is rated as severe due to the increased impact that can be escalated to a high severity threat and boils down to the registration of a domain by somebody else (with bad intentions) in order to gain control over one or more (sub)domains. This presents an interesting attack vector, which can even lead to several high severity risks, like this authentication bypass explained in a bug bounty report https://hackerone.com/reports/172137 by @ArneSwinnen.\r\n\r\nThe attacker can use this method to steal cookies by hosting malicious javascript/spread malware/steal money by setting up the sale/setup fake dapp application to steal private keys/ steal login details of users/spear-phishing/authentication bypass and other bad stuff.\r\n\r\n\r\nRisk Breakdown\r\n\r\nRisk: Severe\r\nDifficulty to Exploit: Easy\r\nComplexity: Easy\r\nWeakness Categories: Deployment Misconfiguration/Stored XSS/Authentication Bypass (CWE: 16)\r\nCVSS2 Score: 9.3 (AV:N/AC:M/Au:S/C:C/I:C/A:N)\r\nReference: https://0xpatrik.com/subdomain-takeover/\r\n\r\nRemediations\r\n\r\n1. Check your DNS-configuration for subdomains pointing to services, not in use\r\n2. Set up your external service so it fully listens to your wildcard DNS.\r\n3. Our advice is to keep your DNS entries constantly vetted and restricted.\r\n4. Preventing subdomain takeovers is a matter of order of operations in lifecycle management for virtual hosts and DNS. Depending on the size of the organization, this may require communication and coordination across multiple departments, which can only increase the likelihood for a vulnerable misconfiguration.\r\n5. Create an inventory of all of your organization\u2019s domains and their hosting providers, and update it as things change, to ensure that nothing is left dangling.\r\n\r\nThank you"
    },
    {
        "projcts_name": "enzymefinance_protocol",
        "num": 334,
        "created_user": "GauthamN",
        "created_at": "2017-12-28T12:25:41Z",
        "closed_at": "2018-01-29T10:25:53Z",
        "merged_at": [],
        "label": "low priority",
        "comments_data": {
            "created": [
                "2018-01-29T10:25:53Z"
            ],
            "user_login": [
                "retotrinkler"
            ]
        },
        "title": "Use of confusing module names",
        "body": "From Audit: Modules can be published with the same or similar names as a phishing attack,\r\nwhich may induce a fund manager to select a vulnerable or malicious module. Confusing\r\nnames can also be used for injection attacks on pages that describe or let managers select\r\nmodules.\r\n\r\n**Impact:\u200b \u200b**Fund managers may be fooled into selecting insecure modules."
    },
    {
        "projcts_name": "OlympusDAO_olympus-contracts",
        "num": 312,
        "created_user": "philipjonsen",
        "created_at": "2022-05-07T18:51:59Z",
        "closed_at": "2022-06-14T00:44:39Z",
        "merged_at": [],
        "label": [],
        "comments_data": {
            "created": [
                "2022-06-14T00:44:39Z"
            ],
            "user_login": [
                "appleseed-iii"
            ]
        },
        "title": "Reverse Tabnabbing",
        "body": "Details\r\nReport ID\r\n7154\r\nTarget\r\nhttps://app.olympusdao.finance/#/dashboard\r\nWebsites and Applications\r\nDescription\r\nBug Description\r\nReverse Tabnabbing in frontend\r\n\r\nAvoid target='_blank' attribute without rel='noopener noreferrer' in JS-0422\r\n\r\nUsing target=\"_blank\" without rel=\"noreferrer\" (which implies rel=\"noopener\") is a security risk in older browsers: see https://mathiasbynens.github.io/rel-noopener/#recommendations\r\n\r\nsrc/views/404/NotFound.tsx\r\n\r\n8 return ( 9 <div id=\"not-found\"> 10 <div className=\"not-found-header\"> 11 <a href=\"https://olympusdao.finance\" target=\"_blank\"> 12 <img className=\"branding-header-icon\" src={OlympusLogo} alt=\"OlympusDAO\" /> 13 </a> 14\r\n\r\nImpact\r\nWhen creating a JSX element with a tag, it is often desired to have the link open in a new tab using the target='_blank' attribute. Using this attribute unaccompanied by rel='noreferrer', however, is a severe security vulnerability.\r\n\r\nUsing target='_blank' links grants the page we are linking to a partial access to the source page via the window.opener object.\r\n\r\nThe newly opened tab can then change the window.opener.location to some phishing page. Or execute some JavaScript on the opener page on their behalf. Since the users trust the page that is already opened, they won't get suspicious and this might result in a security risk.\r\n\r\nRisk Breakdown\r\nDifficulty to Exploit: Mediun Weakness: CVSS2 Score:\r\n\r\nRecommendation\r\n\r\nhttps://github.com/philipjonsen/olympus-frontend\r\n\r\nReferences\r\nhttps://owasp.org/www-community/attacks/Reverse_Tabnabbing\r\n\r\n"
    }
]