[
    {
        "projcts_name": "balancer-labs_balancer-v2-monorepo",
        "num": 491,
        "created_user": "nventuro",
        "created_at": "2021-04-13T05:59:17Z",
        "closed_at": "2021-04-13T15:49:46Z",
        "merged_at": "2021-04-13T15:49:46Z",
        "label": [],
        "comments_data": {
            "created": [
                "2021-04-13T06:21:43Z"
            ],
            "user_login": [
                "nventuro"
            ]
        },
        "title": "Bugfix: two token pool blocknumber not updated by updates",
        "body": "Many comments in BalanceAllocation refer to TwoTokenPools sharing a block number since both balances are updated at once. This is however not true in the case of AssetManager updates: the `total` balance of a single of these tokens can change.\r\n\r\nThis fixes a bug where an update to token B would not cause the (single) block number to be updated, since it is read from Token A's balance. This could have enabled a malicious Asset Manager to trick price oracles by updating totals at the beginning of a block.\r\n\r\nThe added tests show the new difference in behavior between these and other pool specializations."
    },
    {
        "projcts_name": "fei-protocol_fei-protocol-core",
        "num": 356,
        "created_user": "Joeysantoro",
        "created_at": "2021-12-06T06:40:12Z",
        "closed_at": "2021-12-12T22:55:31Z",
        "merged_at": "2021-12-12T22:55:31Z",
        "label": [],
        "comments_data": [],
        "title": "Oracle Delay for Inflation",
        "body": "Allows for the backstop to have a forced delay before triggering, protecting against oracle manipulation attacks or extremely volatile PCV"
    },
    {
        "projcts_name": "Uniswap_v3-core",
        "num": 53,
        "created_user": "NoahZinsmeister",
        "created_at": "2020-08-12T21:22:57Z",
        "closed_at": "2020-10-07T15:14:20Z",
        "merged_at": [],
        "label": [],
        "comments_data": [],
        "title": "fix fee at the beginning of the block",
        "body": "in uniswap v2, oracle price accumulators were modified _before_ the first action of every block that could potentially change the price. this prevented bad price manipulation behavior via flash loans, force-sending assets to the contract, etc.\r\n\r\nsimilarly, in uniswap v3, we have to modify the current fee vote _before_ the first action of every block that could potentially change it. this will prevent someone from flash loaning a bunch of liquidity, voting for the lowest fee, and obviating the vote of existing LPs.\r\n\r\nthe median fee vote can only change on calls to `setPosition` and tick crossings, so we have to figure out an elegant way to update the global fee _before_ the first `setPosition`/tick crossing of every block. it's possible we can piggy-back on the `timeElapsed` check we use for the oracle (https://github.com/Uniswap/uniswap-v3-core/blob/05ee4361f34ec5e544f0843943844d8dbab1fe9a/contracts/UniswapV3Pair.sol#L214), or there may be more efficient ways to do this."
    },
    {
        "projcts_name": "fei-protocol_fei-protocol-core",
        "num": 496,
        "created_user": "ElliotFriedman",
        "created_at": "2022-01-24T08:31:16Z",
        "closed_at": "2022-01-26T03:29:03Z",
        "merged_at": "2022-01-26T03:29:03Z",
        "label": [],
        "comments_data": [],
        "title": "Update PSM To Have Separate Mint/Redeem Pausing",
        "body": "use 1 oracle as fixed price oracle in OracleRef and the actualPriceOracle in the SafePSM to check whether or not the other oracle is within the PriceBoundPSM safe bounds."
    },
    {
        "projcts_name": "AcalaNetwork_Acala",
        "num": 1140,
        "created_user": "wangjj9219",
        "created_at": "2021-06-28T10:48:43Z",
        "closed_at": "2021-06-29T01:57:01Z",
        "merged_at": "2021-06-29T01:57:01Z",
        "label": [],
        "comments_data": {
            "created": [
                "2021-06-29T00:54:53Z"
            ],
            "user_login": [
                "wangjj9219"
            ]
        },
        "title": "calculate fair price for lp token",
        "body": "according to https://blog.alphafinance.io/fair-lp-token-pricing/ , the fair price is determined by the external feed price(both token_0 and token_1) and the invariant(pool_0 * pool_1) of the liquidity pool to prevent the manipulatable attack .  "
    },
    {
        "projcts_name": "DistributedCollective_Sovryn-smart-contracts",
        "num": 208,
        "created_user": "tjcloa",
        "created_at": "2021-05-06T09:14:52Z",
        "closed_at": "2021-05-06T09:16:49Z",
        "merged_at": [],
        "label": [],
        "comments_data": {
            "created": [
                "2021-05-06T09:16:58Z"
            ],
            "user_login": [
                "tjcloa"
            ]
        },
        "title": "oracle for v1 AMM pools",
        "body": "**MOVED TO AMM REPO**\r\nThe Sovryn Swap Network allows the trading of assets with or without external price feeds. Latter are being managed by v1 pools, where the market is defining the price. \r\nThe Sovryn Margin Trading and Lending Protocol, however, requires price feeds for each supported asset. While it would be easy to just query the latest price from the respective v1 pool, it would be prone to oracle price manipulation attacks.\r\nTherefore, it is suggested to create an oracle relying on weighted moving averages (WMA) or exponential moving averages (EMA).\r\n**Details:**\r\nhttps://docs.google.com/document/d/1acGmVgz3ZTLuRQRx-82tMIZiNYepvqOWoWvs0k_EIFc/edit"
    },
    {
        "projcts_name": "enzymefinance_protocol",
        "num": 459,
        "created_user": "jennazenk",
        "created_at": "2018-06-12T07:33:25Z",
        "closed_at": "2018-06-25T13:32:42Z",
        "merged_at": [],
        "label": [],
        "comments_data": {
            "created": [
                "2018-06-21T10:30:51Z"
            ],
            "user_login": [
                "GauthamN"
            ]
        },
        "title": "CanonicalPriceFeed does not prevent price manipulation",
        "body": "## Details \r\nPrices from the price feed are used to enforce maximum buy-ins and, more importantly, to compute how much Melon (MLN) to invest in a contract. If a malicious actor is able to compromise the price feed, they can contribute a small amount of ether but receive a very large amount of MLN.\r\nThe price feed is based on a staking scheme. The point-in-time price is the median of the prices submitted by the top  n  stakers. The  burnStake  function ostensibly allows the feed owner to punish bad actors, but nothing prevents a malicious participant from removing their stake before it can be burned. An attack can be performed in a single transaction, in which an attacker:\r\n1. becomes all top  n  stakers (from different contracts),\r\n2. submits a malicious price from those contracts,\r\n3. registers for the competition (making use of that price), 4. and finally withdraws the stakes.\r\nAdditionally, an attacker could front-run transactions attempting to burn their stake.\r\n\r\n## Recommendation \r\nAny funds staked to participate in the price feed should be held for long enough that they can be later slashed as punishment. Stakers should not be able to withdraw their stake immediately, instead a significant delay should be added between unstaking and stakers being able to withdraw their stake.\r\n\r\n**1st response:**\r\nWe added a delay in the staking contract.\r\n**Solidified response:**\r\nUnfortunately the attempted fix does not properly address the issue. Melonport added a delay that prevents users from unstaking X amount of time after last staking. An attacker can wait an X + 1 amount of time, after initially staking and then perform the attack described above. What is needed is a withdraw delay after the last time they  influenced the price : so Melonport has sufficient time to realize a price manipulation has been attempted and burn the attacker\u2019s stake, before the attacker can remove their funds from danger. In other words the unstake action (the act of removing your influence from the price feed), should be distinct from withdrawal (the act of revoking custody from the stake bank and transferring the assets back to the staker). The delay needs to exist between these two actions without regard to when the user began staking.\r\n"
    },
    {
        "projcts_name": "enzymefinance_protocol",
        "num": 430,
        "created_user": "jennazenk",
        "created_at": "2018-03-26T09:21:34Z",
        "closed_at": "2018-11-26T20:14:29Z",
        "merged_at": [],
        "label": "bug",
        "comments_data": {
            "created": [
                "2018-03-26T14:01:35Z",
                "2018-03-26T18:12:00Z",
                "2018-03-27T10:27:42Z",
                "2018-11-26T20:14:29Z"
            ],
            "user_login": [
                "jennazenk",
                "jennazenk",
                "jennazenk",
                "travs"
            ]
        },
        "title": "Share price manipulation attack vector",
        "body": "_tldr; a fund manager was able to trade with tokens offered in an investment request, before that request was actually executed and shares were created and assigned to the investor._\r\n\r\nThe delay between an _investment request_ and the _execution_ of that request might allow for: \r\n(i) share price manipulation (eg. in the context of a competition) \r\n(ii) fund manager can trade with the tokens offered for investment before the shares are actually created and assigned to the investor. This has the following implication: if an investor `requestInvesment` and then wants to `cancelRequest`, it is possible that he might not be able to cancel his request if the fund manager already traded with the tokens offered in the _investment request_. \r\n\r\nReproduction steps (or see fund named Volkan Kara with address on Kovan 0x44741eaca12736bc9adcf92feed25ad46b4c1fd8) : \r\n\r\n- Manager creates a fund, requests investment for 1 MLN and executes his investment request. He gets 1 share and ```GAV = 1MLN, totalSupply =1```\r\n- Investor A makes an investment request of 10 MLN (does not execute that request)\r\nAt this stage, ```GAV = 11 MLN``` but `totalSupply = 1` (no new shares were created). The offered MLN are accounted for in the AUM although there is no token transfer in `requestInvestment` (see https://github.com/melonproject/smart-contracts/blob/master/src/Fund.sol#L186-L208).\r\n- Fund manager places an order or takes an order using those 10 MLN.\r\n- Investor A tries to cancel his request: not possible since the MLN were potentially traded. \r\n- Other option: Investor A tries to execute his request. It is unclear at this point if the execution request will go through. I personally was not able to execute the said request it just runs out of gas no matter how high I set the gas parameters. \r\n\r\n_Implication_ : \r\n- This fund now has a share price of 11 (!).\r\n- Potential loss of fund for Investor A who can't retrieve his tokens by canceling request nor can he execute his request.\r\n- It is an attack vector for share price manipulation in the context of competitions.\r\n\r\n_Assumption_ : Investor A might have tried to execute his request, which didn't fully go through ; no shares were created but still the tokens were somehow available to fund manager for trading.\r\nAny idea how this could happen @travs @GauthamN ?"
    },
    {
        "projcts_name": "enzymefinance_protocol",
        "num": 460,
        "created_user": "jennazenk",
        "created_at": "2018-06-12T07:34:59Z",
        "closed_at": "2018-06-25T13:32:52Z",
        "merged_at": [],
        "label": [],
        "comments_data": [],
        "title": "CanonicalPriceFeed is not trustless",
        "body": "## Details \r\nThe owner of a  CanonicalPriceFeed  can fully control the price reported by that feed. As described in the previous issue, the mitigation for price manipulation is staking. The owner has the ability to slash a participant\u2019s stake in the case of malicious activity. Ignoring weaknesses in that ability, the owner can slash everyone else\u2019s stake and leave only their own. This lets them control the price feed entirely.\r\n\r\n## Recommendation \r\nWe recommend using a decentralized mechanism for slashing stakes. Decentralized oracles are still an area of active research, so it\u2019s difficult to recommend a specific approach.\r\n\r\n**Our response**: For the purposes of the competition, it is known that this mechanism is centralized/controlled by Melonport AG (was made explicit in the terms and conditions of the competition). This will be addressed when implementing governance over the protocol, which is scheduled to take place in the next few months."
    },
    {
        "projcts_name": "fei-protocol_fei-protocol-core",
        "num": 98,
        "created_user": "Joeysantoro",
        "created_at": "2021-05-13T19:00:17Z",
        "closed_at": "2021-05-19T18:59:20Z",
        "merged_at": "2021-05-19T18:59:20Z",
        "label": [],
        "comments_data": {
            "created": [
                "2021-05-13T19:43:48Z"
            ],
            "user_login": [
                "Bobface"
            ]
        },
        "title": "FIP-5 Update Bonding Curve Allocation",
        "body": "## Summary\r\nThis PR mitigates manipulation on the ETH-FEI pair before calling the `deposit()` function on the EthUniswapPCVDeposit. It adds slippage protection so new deposits can only occur when FEI is trading within a specified percent from the peg. The percent will be set to 1% in the DAO vote.\r\n\r\nAs part of the fix, we will update the bonding curve so it sends new ETH to the EthReserveStabilizer via the dripper rather than depositing to Uniswap. This removes the attack vector as a malicious actor can no longer deposit arbitrarily large amounts of ETH through the protocol.\r\n\r\nThis code was reviewed by OpenZeppelin as a part of the issue disclosed here: https://medium.com/fei-protocol/fei-bonding-curve-bug-post-mortem-98d2c6f271e9\r\n\r\n## Contract Changes\r\nEthUniswapPCVDeposit - [0x5d6446880FCD004c851EA8920a628c70Ca101117](https://etherscan.io/address/0x5d6446880FCD004c851EA8920a628c70Ca101117#code)\r\n- updated so liquidity provision can only occur when the FEI-ETH spot price is within `maxBasisPointsFromPegLP` basis points from the oracle price.\r\n- `maxBasisPointsFromPegLP` is settable by governance\r\n\r\nEthPCVDepositAdapter - [0x4c52aD4Ad171a58B57592893c37Cc81655e11611](https://etherscan.io/address/0x4c52aD4Ad171a58B57592893c37Cc81655e11611#code) (pointing to new EthUniswapPCVDeposit) and [0xB72dDeD4Fa321e093E2083B596404A56ffC5b574](https://etherscan.io/address/0xB72dDeD4Fa321e093E2083B596404A56ffC5b574#code) (pointing to EthPCVDripper)\r\n- allows ETH transfers to and from contracts that do not conform to the IPCVDeposit interface\r\n\r\nRatioPCVController - [0xfC1aD6eb84351597cD3b9B65179633697d65B920](https://etherscan.io/address/0xfC1aD6eb84351597cD3b9B65179633697d65B920#code)\r\n- allows for a percentage of PCV held in a contract to be withdrawn rather than a raw amount\r\n- used to fully transfer ETH out of the old EthUniswapPCVDeposit even though the ETH amount can change\r\n\r\n## DAO Proposal Steps\r\n1. Update Bonding Curve Allocation\r\n\r\n- target: [0xe1578B4a32Eaefcd563a9E6d0dc02a4213f673B7](https://etherscan.io/address/0xe1578B4a32Eaefcd563a9E6d0dc02a4213f673B7#code)\r\n\r\n- method: setAllocation\r\n\r\n- pcvDeposits: [[0xB72dDeD4Fa321e093E2083B596404A56ffC5b574](https://etherscan.io/address/0xB72dDeD4Fa321e093E2083B596404A56ffC5b574#code)]\r\n\r\n- ratios: [10000]\r\n\r\n2. Grant PCV controller new RatioPCVController\r\n\r\n- target: [0x8d5ED43dCa8C2F7dFB20CF7b53CC7E593635d7b9](https://etherscan.io/address/0x8d5ED43dCa8C2F7dFB20CF7b53CC7E593635d7b9#code)\r\n\r\n- method: grantPCVController\r\n\r\n- pcvController: [0xfC1aD6eb84351597cD3b9B65179633697d65B920](https://etherscan.io/address/0xfC1aD6eb84351597cD3b9B65179633697d65B920#code)\r\n\r\n3. Grant Minter new EthUniswapPCVDeposit\r\n\r\n- target: [0x8d5ED43dCa8C2F7dFB20CF7b53CC7E593635d7b9](https://etherscan.io/address/0x8d5ED43dCa8C2F7dFB20CF7b53CC7E593635d7b9#code)\r\n\r\n- method: grantMinter\r\n\r\n- minter: [0x5d6446880FCD004c851EA8920a628c70Ca101117](https://etherscan.io/address/0x5d6446880FCD004c851EA8920a628c70Ca101117#code)\r\n\r\n4. Revoke Minter old EthUniswapPCVDeposit\r\n\r\n- target: [0x8d5ED43dCa8C2F7dFB20CF7b53CC7E593635d7b9](https://etherscan.io/address/0x8d5ED43dCa8C2F7dFB20CF7b53CC7E593635d7b9#code)\r\n\r\n- method: revokeMinter\r\n\r\n- minter: [0x9b0C6299D08fe823f2C0598d97A1141507e4ad86](https://etherscan.io/address/0x9b0C6299D08fe823f2C0598d97A1141507e4ad86#code)\r\n\r\n5. Unpause old EthUniswapPCVDeposit\r\n\r\n- target: [0x9b0C6299D08fe823f2C0598d97A1141507e4ad86](https://etherscan.io/address/0x9b0C6299D08fe823f2C0598d97A1141507e4ad86#code)\r\n\r\n- method: unpause\r\n\r\n6. Transfer liquidity to new EthUniswapPCVDeposit\r\n\r\n- target: [0xfC1aD6eb84351597cD3b9B65179633697d65B920](https://etherscan.io/address/0xfC1aD6eb84351597cD3b9B65179633697d65B920#code)\r\n\r\n- method: withdrawRatio\r\n\r\n- from: [0x9b0C6299D08fe823f2C0598d97A1141507e4ad86](https://etherscan.io/address/0x9b0C6299D08fe823f2C0598d97A1141507e4ad86#code)\r\n\r\n- to: [0x4c52aD4Ad171a58B57592893c37Cc81655e11611](https://etherscan.io/address/0x4c52aD4Ad171a58B57592893c37Cc81655e11611#code)\r\n\r\n- amount: 10000\r\n\r\n7. Set maxBasisPointsFromPegLP on new EthUniswapPCVDeposit\r\n\r\n- target: [0x5d6446880FCD004c851EA8920a628c70Ca101117](https://etherscan.io/address/0x5d6446880FCD004c851EA8920a628c70Ca101117#code)\r\n\r\n- method: setMaxBasisPointsFromPegLP\r\n\r\n- amount: 100\r\n"
    },
    {
        "projcts_name": "Loopring_protocols",
        "num": 210,
        "created_user": "dong77",
        "created_at": "2019-06-07T05:39:50Z",
        "closed_at": "2019-08-05T15:02:44Z",
        "merged_at": [],
        "label": "discussion",
        "comments_data": {
            "created": [
                "2019-07-08T07:16:17Z",
                "2019-07-08T15:44:45Z",
                "2019-07-09T13:24:36Z"
            ],
            "user_login": [
                "dong77",
                "Brechtpd",
                "dong77"
            ]
        },
        "title": "[Protocol3] provide onchain price oracles based on settlement history ",
        "body": "Loopring DEXes should have the ability to provide onchain price oracle based on trading history either independently or combinedly (which is more reliable and less manipulatable). Such price oracles can be used to enable leverage trading and crypto lending. \r\n\r\nA special circuit design is needed to force DEX to post correct price stats on a regular basis and in a timely manner if the DEX opts in such feature.  \r\n\r\nIn this issue we can discuss 1) if we need such a feature and if so 2) how to design and implement it \r\n\r\n"
    }
]