[
    {
        "projcts_name": "keep-network_keep-core",
        "num": 1422,
        "created_user": "dimpar",
        "created_at": "2020-03-06T16:27:18Z",
        "closed_at": "2020-03-19T19:59:34Z",
        "merged_at": "2020-03-19T19:59:34Z",
        "label": "\u26d3chain",
        "comments_data": {
            "created": [
                "2020-03-10T13:56:23Z",
                "2020-03-18T14:56:05Z",
                "2020-03-19T15:51:27Z"
            ],
            "user_login": [
                "dimpar",
                "dimpar",
                "dimpar"
            ]
        },
        "title": "Bound leaked key proof to reporter",
        "body": "Closes https://github.com/keep-network/keep-core/issues/1405\r\n\r\nAn attacker can monitor `reportUnauthorizedSigning()` for fraud reports and attempt to front-run the original call in an effort to be the first one reporting the fraud and be rewarded 5% of the total seized amount.\r\n\r\nWe bound proof to the reporter by signing over `msg.sender` using a leaked group private key."
    },
    {
        "projcts_name": "keep-network_keep-core",
        "num": 1164,
        "created_user": "ngrinkevich",
        "created_at": "2019-11-23T12:10:47Z",
        "closed_at": "2020-01-26T20:56:20Z",
        "merged_at": "2020-01-26T20:56:19Z",
        "label": [],
        "comments_data": {
            "created": [
                "2019-12-03T15:57:33Z",
                "2020-01-26T12:16:05Z",
                "2020-01-26T12:17:44Z",
                "2020-01-26T17:39:50Z",
                "2020-01-26T20:25:32Z",
                "2020-01-26T20:40:56Z"
            ],
            "user_login": [
                "ngrinkevich",
                "pdyraga",
                "pdyraga",
                "pdyraga",
                "pdyraga",
                "ngrinkevich"
            ]
        },
        "title": "Slashing implementation - Seize stake on unauthorized signing",
        "body": "Refs: #805 \r\nCloses: #930\r\n\r\nReporter must provide a valid signature of the group address as a message. Successful signature verification means the private key has been leaked and all group members should be punished by seizing\u00a0their tokens. The submitter of this proof is rewarded with 5% of the total seized amount and the rest 95% is burned."
    },
    {
        "projcts_name": "Loopring_protocols",
        "num": 1995,
        "created_user": "dong77",
        "created_at": "2020-11-04T15:01:48Z",
        "closed_at": "2020-11-05T04:14:20Z",
        "merged_at": [],
        "label": "discussion",
        "comments_data": {
            "created": [
                "2020-11-04T15:08:15Z",
                "2020-11-04T15:10:30Z",
                "2020-11-04T15:16:23Z",
                "2020-11-04T15:49:46Z"
            ],
            "user_login": [
                "Brechtpd",
                "dong77",
                "Brechtpd",
                "Brechtpd"
            ]
        },
        "title": "[hebao 1.2] Meta transaction does not consume quota for successful inner txAware TX",
        "body": "In ForwardModule,  we have the following:\r\n\r\n```solidity\r\n            // Do not consume quota when call factory's createWallet function or\r\n            // when a successful meta-tx's txAwareHash is non-zero (which means it will\r\n            // be signed by at least a guardian). Therefor, even if the owner's\r\n            // private key is leaked, the hacker won't be able to deplete ether/tokens\r\n            // as high meta-tx fees.\r\n            bool skipQuota = success && (\r\n                metaTx.txAwareHash != 0 || (\r\n                    data.toBytes4(0) == WalletFactory.createWallet.selector ||\r\n                    data.toBytes4(0) == WalletFactory.createWallet2.selector) &&\r\n                metaTx.to == walletFactory\r\n            );\r\n```\r\n\r\nThe comment doesn't ring a bell, @Brecht, we skip quota if `success && metaTx.txAwareHash != 0`? Do you recall why?"
    },
    {
        "projcts_name": "Loopring_protocols",
        "num": 871,
        "created_user": "dong77",
        "created_at": "2019-12-18T05:57:26Z",
        "closed_at": "2019-12-20T02:40:31Z",
        "merged_at": "2019-12-20T02:40:31Z",
        "label": [],
        "comments_data": {
            "created": [
                "2019-12-18T16:06:27Z",
                "2019-12-19T02:53:24Z",
                "2019-12-19T02:57:08Z",
                "2019-12-19T03:12:47Z",
                "2019-12-19T09:25:09Z",
                "2019-12-19T09:26:02Z",
                "2019-12-19T15:56:02Z"
            ],
            "user_login": [
                "Brechtpd",
                "dong77",
                "dong77",
                "Brechtpd",
                "dong77",
                "dong77",
                "Brechtpd"
            ]
        },
        "title": "[hebao] prevent certain actions when in recovery",
        "body": "## Summary\r\nDisable confirmGuardianAddition/confirmGuardianRemoval/addToWhitelist when a wallet is in recovery.\r\n\r\n## Why\r\nWe have the following time-related parameters:\r\n\r\n- `GuardianModule:pendingPeriod`\r\n- `GuardianModule:confirmPeriod`\r\n- `LockModule:lockPeriod`\r\n- `QuotaModule:delayPeriod`\r\n- `RecoveryModule:recoveryPeriod`\r\n- `WhitelistModule:delayPeriod`\r\n\r\nAssuming a wallet owner's private key is leaked, we need to make sure the wallet's lost is limited. \r\n\r\nThe hacker will try to remove all guardians ASAP. The rightful owner will try to start recovery ASAP to set a new owning address. Therefore, removing guardians should take longer than the recovery process, i.e.,  we need to enforce  `GuardianModule:pendingPeriod > RecoveryModule:recoveryPeriod`.\r\n\r\nThe hacker may also want to add a new address to the whitelist to drain all assets. Therefore we also need to enforce `WhitelistModule:delayPeriod > RecoveryModule:recoveryPeriod`.\r\n\r\n**The other approach** is to disallow guardian/whielist modificaiton while the recovery is in process. This PR implements this alternative approach.\r\n\r\n## Discussion\r\nWe may also want to apply\r\n```solidity\r\n        onlyWhenWalletUnlocked(wallet)\r\n        onlyWhenWalletNotRecovering(wallet)\r\n```\r\nto replace all ` onlyWhenWalletUnlocked(wallet)` occurances. But I'm not sure if we should do it."
    },
    {
        "projcts_name": "pendle-finance_pendle-core",
        "num": 258,
        "created_user": "aparcekarl",
        "created_at": "2021-12-04T09:26:38Z",
        "closed_at": "2021-12-04T10:23:28Z",
        "merged_at": [],
        "label": [],
        "comments_data": {
            "created": [
                "2021-12-04T10:23:28Z"
            ],
            "user_login": [
                "ayobuenavista"
            ]
        },
        "title": "Security Report: Subdomain Takeover of https://eth-kovan-staging.pendle.finance/ Pointing to Netlify",
        "body": "Hi Pendle Security Team,\r\n\r\nI just want to reach out to you. I'm trying to submit this report weather your interested on it.\r\n\r\nThanks for taking a look.\r\n\r\nRecently, i just found some of your subdomain (*pendle.finance) pointing to vulnerable Third Party site \"Netlify\"\r\n\r\nThis issue is about your subdomain being misconfigured in Netlify\r\nhttps://eth-kovan-staging.pendle.finance/\r\n\r\n\r\n![POC](https://user-images.githubusercontent.com/18432315/144704538-4ace1bbe-3113-492c-942a-3b5014482622.png)\r\n\r\nI've temporarily taken over the subdomain and added it to my Netlify account and added a simple text for PoC\r\n\r\n![POC1](https://user-images.githubusercontent.com/18432315/144704542-08d439a1-4259-4e40-b39a-992bf2074498.png)\r\n\r\n\r\nEverytime you navigate to the subdomain, you will be pointed to the website that I now already owned.\r\n\r\nThis vulnerability can reflect to an email leak from your company, due to the situation that the attacker can receive email transactions from the company and clients.\r\n\r\nPlease refer to this report for further information;\r\nhttps://hackerone.com/reports/388622\r\nhttps://hackerone.com/reports/325336\r\n\r\nImpact\r\n\r\nI was able to hijack the domain eth-kovan-staging.pendle.finance because an outdated DNS entry pointed to Netlify. I created a resource in that web hosting and was able to host my own content accessible via your domain. HTML files located on this domain are able to use JavaScript to access globally-scoped non-HTTPOnly cookies. For example, a cookie used to authenticate against topsecret.pendle.finance is scoped to *pendle.finance, so a page on my hijacked domain can steal it.\r\n\r\nThis vulnerability is rated as severe due to the increased impact that can be escalated to a high severity threat and boils down to the registration of a domain by somebody else (with bad intentions) in order to gain control over one or more (sub)domains. This presents an interesting attack vector, which can even lead to several high severity risks, like this authentication bypass explained in a bug bounty report https://hackerone.com/reports/172137 by @ArneSwinnen.\r\n\r\nThe attacker can use this method to steal cookies by hosting malicious javascript/spread malware/steal money by setting up the sale/setup fake dapp application to steal private keys/ steal login details of users/spear-phishing/authentication bypass and other bad stuff.\r\n\r\n\r\nRisk Breakdown\r\n\r\nRisk: Severe\r\nDifficulty to Exploit: Easy\r\nComplexity: Easy\r\nWeakness Categories: Deployment Misconfiguration/Stored XSS/Authentication Bypass (CWE: 16)\r\nCVSS2 Score: 9.3 (AV:N/AC:M/Au:S/C:C/I:C/A:N)\r\nReference: https://0xpatrik.com/subdomain-takeover/\r\n\r\nRemediations\r\n\r\n1. Check your DNS-configuration for subdomains pointing to services, not in use\r\n2. Set up your external service so it fully listens to your wildcard DNS.\r\n3. Our advice is to keep your DNS entries constantly vetted and restricted.\r\n4. Preventing subdomain takeovers is a matter of order of operations in lifecycle management for virtual hosts and DNS. Depending on the size of the organization, this may require communication and coordination across multiple departments, which can only increase the likelihood for a vulnerable misconfiguration.\r\n5. Create an inventory of all of your organization\u2019s domains and their hosting providers, and update it as things change, to ensure that nothing is left dangling.\r\n\r\nThank you"
    },
    {
        "projcts_name": "Loopring_protocols",
        "num": 541,
        "created_user": "yueawang",
        "created_at": "2019-09-30T07:58:05Z",
        "closed_at": "2019-09-30T14:16:23Z",
        "merged_at": "2019-09-30T14:16:23Z",
        "label": [],
        "comments_data": [],
        "title": "Update bitarray hash algorithm to avoid short private key.",
        "body": "Our old private key seems too short.\r\nBefore:\r\nkeyPair: {\r\npublicKeyX:\"15030727036724168751212480282500540869268142725392913493575803542173309367534\",\r\npublicKeyY:\"21709653362655094841217318150615954140561437115749994376567240539798473592233\",\r\nsecretKey: \"1268930117\" #too short for private key\r\n}\r\n\r\nAfter:\r\n{ publicKeyX:'8813841639841077546078089488867097267085213881825607563506983828135503562052',\r\npublicKeyY:'20955895273353568600806208646961956684700918435341245662365898050978330578659',\r\nsecretKey:'1696716368835402715786292139526618358846458481981228831374151359817119808723' \r\n}\r\n\r\nUse sha256 here may not fully comply with the wiki page, but key length strength should be enough."
    },
    {
        "projcts_name": "Loopring_protocols",
        "num": 873,
        "created_user": "dong77",
        "created_at": "2019-12-18T08:33:14Z",
        "closed_at": "2019-12-20T06:32:27Z",
        "merged_at": [],
        "label": [],
        "comments_data": [],
        "title": "[hebao] security issue - SecurityModule can be removed",
        "body": "If a wallet owner's private key is hacked, the hacker can call BaseModule.removeModule to remove the Security module to prevent ownership recovery by the rightful owner.\r\n\r\n```solidity\r\n    /// @dev Removes a module from a wallet. Callable only by the wallet owner.\r\n    ///      Note that the module must have been added to the wallet.\r\n    function removeModule(\r\n        address wallet,\r\n        address module\r\n        )\r\n        external\r\n        nonReentrant\r\n        onlyFromMetaTxOrWalletOwner(wallet)\r\n    {\r\n        require(module != address(this), \"SELF_REMOVE_PROHIBITED\");\r\n        Module(module).deactivate(wallet);\r\n        Wallet(wallet).removeModule(module);\r\n    }\r\n```"
    },
    {
        "projcts_name": "Loopring_protocols",
        "num": 1549,
        "created_user": "dong77",
        "created_at": "2020-08-04T11:50:28Z",
        "closed_at": "2020-08-04T13:58:09Z",
        "merged_at": null,
        "label": [],
        "comments_data": {
            "created": [
                "2020-08-04T12:42:27Z",
                "2020-08-04T12:50:14Z",
                "2020-08-04T13:45:33Z"
            ],
            "user_login": [
                "kongliangzhong",
                "kongliangzhong",
                "dong77"
            ]
        },
        "title": "[Hebao_1.1] option-2: meta-tx fees do not consume daily quota",
        "body": "The main purpose of this change is to reduce meta-transaction cost overhead.\r\nBut this PR actually introduces a security risk, a hacker who steals a wallet's owner private key can deplete the wallet by giving away tokens as meta-tx fees.\r\n\r\nPlease also see https://github.com/Loopring/protocols/pull/1551\r\n[Please do not merge yet!!!]"
    },
    {
        "projcts_name": "Loopring_protocols",
        "num": 2039,
        "created_user": "Brechtpd",
        "created_at": "2020-11-20T18:07:57Z",
        "closed_at": "2020-11-27T04:36:51Z",
        "merged_at": "2020-11-27T04:36:51Z",
        "label": [],
        "comments_data": [],
        "title": "[protocol 3.6] Audit feedback",
        "body": "## Issue A: Operator Has Total Authority Over State Verification:\r\nWe'll follow the following steps for the different owners of security critical contracts:\r\n- Loopring is currently using a multi sig: 0xDd2A08a1c1A28c1A571E098914cA10F2877D9c97\r\n- Loopring will either switch to a DAO or add an additional delay contract so any update is transparent and people have time to exit: https://github.com/Loopring/protocols/blob/master/packages/loopring_v3/contracts/aux/access/BlockVerifierOwner.sol\r\n\r\n## Issue B: Potential Limbo Exit \u2013 Withdrawal Fee Griefing:\r\nAdded extra documentation to the design doc with mitigation strategy.\r\n\r\n## Suggestion 1: Remove Simple Unused Code Relic\r\nRemoved in previous PR.\r\n\r\n## Suggestion 2: Improve Withdrawal Processing\r\nAlthough we can allow anyone to submit blocks: https://github.com/Loopring/protocols/blob/c48831bde95b9e59a32e9b4ae36316238a650cc3/packages/loopring_v3/contracts/aux/access/LoopringIOExchangeOwner.sol#L58\r\nwe currently don't have any open source software that third party operators can use to process withdrawals. Concrete plans TBD. \r\n\r\n## Suggestion 3: Check for Null Recipient Addresses\r\n- Added additional check which prevents users from withdrawing to `address(0)`.\r\n- When withdrawing from the protocol fee account (`owner ==  address(0)`) the `to` address will still be 0 (which will be translated on-the-fly to the current fee vault address). This is done so that we can update the protocol fee vault address at any time while making sure that previously withdrawn funds aren't already assigned to the old protocol fee vault address. \r\n\r\n## Suggestion 4: Audit the Operator\r\nThe operator needs to do things on-chain and off-chain.\r\n\r\nOn-chain an extra operator contract is used that has some special privileges on the exchange contract, but once the exchange contract is fully setup the operator contract can't do anything that is critical for the security. The security is enforced strictly by the main protocol contracts.\r\n\r\nThough as far as we know the only really critical part is that the operator (or any other UI hooking into the Loopring ecosystem) can help the user create and manage his specific EdDSA keys necessary to do rollup transactions (though most transactions can also be approved using just standard Ethereum signatures or transactions). This will be mitigated for MetaMask users when plugin support is enabled in production on their end (https://github.com/Loopring/eddsa-metamask-plugin). With the plugin the keypair is generated automatically and the private key never leaves MetaMask.\r\n\r\nSo while the operator is responsible for some desired properties like liveness and censorship resistance, the operator is not critical for user security because of the censorship resistant forced withdrawal + withdrawal mode system. Those are still important properties of course, but for now not something we want to focus on.\r\n\r\n## Suggestion 5: Require A Signature as Private Key for Account Updates\r\n\r\nOur current approach was explained here and was well received by the Ethereum community: https://medium.com/loopring-protocol/looprings-new-approach-to-generating-layer-2-account-keys-4a16cc334906\r\n\r\nThe downside of generating the keys some additional information (be it a password or some random random number) is that security is compromised in other ways. With a password the user is required to pick a strong password and then remember it. With a random number either the random number or the private key directly needs to be stored somewhere in a secure way. Both are also pretty bad from a UX perspective because we now put a lot of responsibility on the user to keep his own account safe while making sure the private key can be recovered (or even transferred to a different device) in a safe way. Loopring itself could create specialized tools to do these things, but this is suboptimal because we'd need to create and maintain this critical part of the system, while other solutions already have widespread use and have been battle-tested the last couple of years. Often users already have their preferred device or wallet. \r\n\r\nThe additional benefit of using the signature is that we seamlessly support a wide range of different wallets, not only MetaMask but also mobile wallets and hardware wallets.\r\n\r\n## Suggestion 6: Improve Documentation\r\n\r\nThe previous white paper is currently replaced by the design doc.\r\n\r\nCurrently all public functions are documented (e.g. https://github.com/Loopring/protocols/blob/master/packages/loopring_v3/contracts/core/iface/IExchangeV3.sol). Because we have use libraries and interfaces, we do not add function documentation to every implementation or pass-through function because that would make keeping the documentation consistent and up-to-date hard.\r\n\r\nAdded some misc comments in the code where I think it was useful.\r\n\r\nThough of course documentation can always be improved. "
    },
    {
        "projcts_name": "Loopring_protocols",
        "num": 2564,
        "created_user": "dong77",
        "created_at": "2021-08-26T03:53:32Z",
        "closed_at": "2021-10-13T02:40:02Z",
        "merged_at": [],
        "label": [],
        "comments_data": {
            "created": [
                "2021-08-26T16:29:27Z"
            ],
            "user_login": [
                "Brechtpd"
            ]
        },
        "title": "[hebao v2] encode initial wallet config into counterfactual wallet address",
        "body": "Currently, we only use the initial owner and salt as the input together with the wallet contract code to generate the wallet's address. I think we should improve it by hashing the entire wallet configuration into the address, especially initial guardians.\r\n\r\nFirst of all, it's not hard to do at all. Secondly, this can prevent malicious operators, Loopring included, from colluding with a hacker who gained access to the initial owner's private keys. With this change, they cannot change the initial guardians."
    },
    {
        "projcts_name": "keep-network_keep-core",
        "num": 428,
        "created_user": "nkuba",
        "created_at": "2018-11-28T15:49:03Z",
        "closed_at": "2018-11-30T10:58:21Z",
        "merged_at": "2018-11-30T10:58:21Z",
        "label": "\ud83d\udd00 relay",
        "comments_data": {
            "created": [
                "2018-11-29T13:49:51Z",
                "2018-11-30T09:57:59Z"
            ],
            "user_login": [
                "pdyraga",
                "nkuba"
            ]
        },
        "title": "DKG: Accusation messages reveal ephemeral Private Key",
        "body": "Closes #312  \r\n\r\nWhen verification fails member accuses another member by revealing private key which was generated by the accuser and used to communicate with the accused member."
    },
    {
        "projcts_name": "UMAprotocol_protocol",
        "num": 508,
        "created_user": "mrice32",
        "created_at": "2019-06-21T15:58:46Z",
        "closed_at": "2019-06-21T21:35:00Z",
        "merged_at": "2019-06-21T21:35:00Z",
        "label": [],
        "comments_data": [],
        "title": "Add blockchain persistence to the Voting script",
        "body": "This PR uses the `EncryptedSender` contract to add blockchain persistence to the voting script. \r\n\r\nThere are a few assumptions baked into this implementation:\r\n- Everyone who wants to persist votes must have access to the account that owns the voting tokens.\r\n- Persistence always happens *after* the commit transaction is confirmed. \r\n\r\nThese assumptions are not expected to be permanent, so there are a few scattered TODOs to make these assumptions more flexible (other accounts persisting votes that are expected to be committed by the script, for instance), but we probably want to discuss a particular direction before moving in any particular direction.\r\n\r\nNote: this implementation also assumes that the private keys being used are always accessible via a `wallets` object on the provider. This is true of the `HDWalletProvider`, and I added it to our wrapped provider. For Ganache, some hackery was necessary similar to what was needed for the `EncryptedSender` tests. This will not hold for hardware wallets and I doubt that they have a flexible decryption mechanism, so it will probably be the case that hardware wallets are incompatible with this persistence mechanism - we can discuss more on this point.\r\n\r\nFixes #493."
    },
    {
        "projcts_name": "Loopring_protocols",
        "num": 823,
        "created_user": "Brechtpd",
        "created_at": "2019-12-04T17:54:00Z",
        "closed_at": "2019-12-04T20:22:59Z",
        "merged_at": "2019-12-04T20:22:58Z",
        "label": [],
        "comments_data": {
            "created": [
                "2019-12-04T18:26:34Z",
                "2019-12-04T18:32:20Z",
                "2019-12-04T18:42:29Z",
                "2019-12-04T18:58:48Z"
            ],
            "user_login": [
                "dong77",
                "Brechtpd",
                "dong77",
                "Brechtpd"
            ]
        },
        "title": "[hebao] Removed isModuleRegistered checks accept when adding modules",
        "body": "This allows a wallet owner or guardian to re-enable a module that was already added to the wallet when it was still registered. This does not allow any module to be registered, it only allows a module to still be used that was already being used.\r\n\r\nThe problem with the registry is that any module can be disabled. So if the wallet only has a single module (that was just disabled) this renders the wallet unusable. The other problem is that wallets need to trust the owner of the ModuleRegistry to not act maleficent (and the keys controlled by the owner (contract) could also be stolen).\r\n\r\nSo this allows the module to still be disabled immediately for safety by a central party, but it can be overridden when this mechanism is used in bad faith."
    },
    {
        "projcts_name": "trusttoken_contracts-pre22",
        "num": 721,
        "created_user": "yuchenlintt",
        "created_at": "2021-06-22T03:53:15Z",
        "closed_at": "2021-06-22T17:14:59Z",
        "merged_at": "2021-06-22T17:14:59Z",
        "label": [],
        "comments_data": [],
        "title": "Amnesic prompt for deploy private key",
        "body": "I got tired of clearing my shell history after every deploy, so I looked up some basic shell hygiene for secrets.\r\n\r\nRunning a mars deploy script works just like before, e.g.,\r\n```\r\n$ yarn deploy:truefi --network ropsten --dry-run\r\n```\r\n\r\nNow, instead of setting the PRIVATE_KEY environment variable manually, the script prompts for the secret without echoing it to the command line output or recording it in history. Moreover once the script exits, its environment variables should all be cleared.\r\n\r\nThis lets us deploy with Mars *while screensharing* without leaking secrets.\r\n\r\nWARNING The PRIVATE_KEY env var still gets leaked to the process table while the script is running. You can run `ps -E` to see all environment variables. No easy way I can see around this; we might have to route signatures through a wallet like Geth."
    },
    {
        "projcts_name": "keep-network_keep-core",
        "num": 1020,
        "created_user": "lukasz-zimnoch",
        "created_at": "2019-09-09T14:24:30Z",
        "closed_at": "2019-09-19T10:08:48Z",
        "merged_at": "2019-09-19T10:08:48Z",
        "label": [],
        "comments_data": [],
        "title": "Additional unit and integration tests for DKG",
        "body": "Refs #483\r\nDepends on #1019 \r\n\r\nThis PR introduces missing tests covering DQ cases for phases 5 and 9 of DKG. In particular:\r\n\r\n### Unit tests\r\n\r\nUnit tests were added to `protocol_accusations_test.go`:\r\n\r\nPhase 5 (`TestResolveSecretSharesAccusations`):\r\n- `no commitments - accused member is disqualified`: checks if the accused member is correctly disqualified if their message does not contain any commitments\r\n- `inactive member as an accused (no EphemeralPublicKeyMessage sent) - accuser is disqualified`: checks if the accuser is correctly disqualified if they accused an inactive member. Inactivity is simulated by the absence of `EphemeralPublicKeyMessage` from the accused member.\r\n- `inactive member as an accused (no PeerSharesMessage sent) - accuser is disqualified`: checks if the accuser is correctly disqualified if they accused an inactive member. Inactivity is simulated by the absence of `PeerSharesMessage` from the accused member.\r\n- `shares could not be decrypted - accused member is disqualified`: checks if the accused member is correctly disqualified if their shares could not be decrypted by the resolver of the accusation\r\n\r\nPhase 9 (`TestResolvePublicKeySharePointsAccusationsMessages`):\r\n- `incorrect accused private key - accuser is disqualified`: checks if the accuser is correctly disqualified if they revealed an ephemeral private key which doesn'y correspond to the public key published in phase 1.\r\n- `inactive member as an accused (no EphemeralPublicKeyMessage sent) - accuser is disqualified`: checks if the accuser is correctly disqualified if they accused an inactive member. Inactivity is simulated by the absence of `EphemeralPublicKeyMessage` from the accused member.\r\n- `inactive member as an accused (no PeerSharesMessage sent) - accuser is disqualified`: checks if the accuser is correctly disqualified if they accused an inactive member. Inactivity is simulated by the absence of `PeerSharesMessage` from the accused member.\r\n- `shares could not be decrypted - both are disqualified`: checks if the accused member is correctly disqualified if their shares could not be decrypted by the resolver of the accusation. Also checks if the accuser is disqualified because of not complaining about this fact in phase 4.\r\n\r\n### Integration tests\r\n\r\nAll `integration_test.go` TODOs were replaced with an appropriate test scenario:\r\n\r\nPhase 5:\r\n- `TODO Test case Phase 5: 'shares consistent -> expected result: disqualify accuser'`: implemented a test scenario `TestExecute_DQ_member4_falseAccusation_phase5`. It covers the case of false accusation made in phase 4 and checks if the accuser is correctly disqualified in phase 5. \r\n- `TODO Test case Phase 5: 'accuser accuse an inactive member -> expected result: disqualify accuser'`: implemented a test scenario `TestExecute_DQ_member2_accusesInactiveMember_phase5`. It covers the case of inactive member accusation made in phase 4 and checks if the accuser is correctly disqualified in phase 5. \r\n\r\nPhase 9:\r\n- `TODO Test case Phase 9: 'public key share valid -> expected result: disqualify accuser'`: implemented a test scenario `TestExecute_DQ_member4_falseAccusation_phase9`. It covers the case of false accusation made in phase 8 and checks if the accuser is correctly disqualified in phase 9. \r\n- `TODO Test case Phase 9: 'accuser accuse an inactive member -> expected result: disqualify accuser'`: implemented a test scenario `TestExecute_DQ_member2_accusesInactiveMember_phase9`. It covers the case of inactive member accusation made in phase 8 and checks if the accuser is correctly disqualified in phase 9. \r\n- `TODO Test case Phase 9: 'cannot decrypt shares -> expected result: disqualify both'`: implemented a test scenario `TestExecute_DQ_members34_cannotDecryptTheirShares_phase9`. It covers the case when decryption of accused member shares fails. Checks if the accused member is disqualified because of sending undecryptable shares and the accuser because of not complaing about this fact in phase 4.\r\n"
    },
    {
        "projcts_name": "keep-network_keep-core",
        "num": 989,
        "created_user": "lukasz-zimnoch",
        "created_at": "2019-08-13T13:46:33Z",
        "closed_at": "2019-08-22T07:40:48Z",
        "merged_at": "2019-08-22T07:40:48Z",
        "label": [],
        "comments_data": {
            "created": [
                "2019-08-21T09:51:10Z"
            ],
            "user_login": [
                "pdyraga"
            ]
        },
        "title": "DKG DQ Handling - Phase 5 - part 1",
        "body": "Refs #483 \r\n\r\nThere is DQ handling for DKG protocol in phase 5.\r\n\r\nAccording to protocol spec, in phase 5 there are several cases when DQ can occur:\r\n1. One of the revealed private keys sent by the accuser is not a valid ECDH scalar. In this case, the accuser should be marked as DQ\r\n2. Private key presented by the accuser doesn't correspond to the published public key. The accuser should be marked as DQ\r\n3. Shares are truly inconsistent. The accused member should be marked as DQ.\r\n4. Shares are consistent, the accuser is wrong. The accuser should be marked as DQ.\r\n\r\nRegarding the above needs, this PR covers points 3 and 4:\r\n\r\n- Point 3: Implemented disqualification of a member accused of sending inconsistent shares when the accusation is justified. Also, a test scenario which covers this case.\r\n\r\n- Point 4: Implemented disqualification of a member which makes an unjustified accusation. **No test scenario for this case. Explained in TODO in integration_test.go. Should be discussed and implemented later**\r\n\r\nApart from that there are some minor improvements related to logging and test engine.\r\n\r\n\r\n"
    },
    {
        "projcts_name": "Synthetixio_synthetix",
        "num": 1357,
        "created_user": "leomassazza",
        "created_at": "2021-06-22T20:18:49Z",
        "closed_at": "2021-06-23T13:46:24Z",
        "merged_at": "2021-06-23T13:46:24Z",
        "label": [],
        "comments_data": {
            "created": [
                "2021-06-22T20:41:44Z"
            ],
            "user_login": [
                "codecov[bot]"
            ]
        },
        "title": "Unify wallet creation and ensure .address is always present",
        "body": "Propagate fix applied in [PR-1354](https://github.com/Synthetixio/synthetix/pull/1354/files) to the rest of the modified scripts as part of the web3 removal. Also unifying the way to get the wallet with or without privateKey and ensuring wallet.address is always present.\r\n"
    }
]