[
    {
        "projcts_name": "dydxprotocol_protocol_v1",
        "num": 57,
        "created_user": "BrendanChou",
        "created_at": "2018-02-07T00:51:09Z",
        "closed_at": "2018-02-14T22:24:42Z",
        "merged_at": [],
        "label": [],
        "comments_data": {
            "created": [
                "2018-02-14T22:24:42Z"
            ],
            "user_login": [
                "AntonioJuliano"
            ]
        },
        "title": "Finalize Model for Changing External Contract Addresses",
        "body": "We should finalize our design for calling external contracts such as ShortSell, Proxy, Vault, etc.\r\n\r\nWe would like these to be:\r\n- Able to be changed by dYdX\r\n  - So that we don't have to deploy all-new contracts on upgrade\r\n  - So that we don't have to change client software to upgrade the protocol\r\n- Atomically changeable across all contracts\r\n  - So that we don't have to submit multiple transactions to upgrade which could potentially create security vulnerabilities while the upgrade is halfway through\r\n  - So that we don't forget to upgrade every single relevant contract\r\n  - Because this is infeasible depending on the number of derivates contracts out on the blockchain\r\n- Have some delay for changing in a typical upgrade setting\r\n  - To give users some trust that we won't instantly \"pull the rug out from under them\" and potentially inject some unwanted code upon them\r\n- Gas efficient to call\r\n  - Having a master contract with these addresses would allow us to use one source of truth, but would require a ton of gas to make calls to\r\n\r\n\r\nSlightly related, we should consider this in conjunction with our ability to pause the system in the case of security vulnerabilities."
    },
    {
        "projcts_name": "alexgo-io_alex-v1",
        "num": 79,
        "created_user": "fiftyeightandeight",
        "created_at": "2021-08-07T03:25:54Z",
        "closed_at": "2021-08-26T00:28:56Z",
        "merged_at": [],
        "label": "smart contract",
        "comments_data": {
            "created": [
                "2021-08-17T22:06:36Z"
            ],
            "user_login": [
                "jennymith"
            ]
        },
        "title": "ALEX Launchpad - grant application",
        "body": "### The Problem\r\nMany projects want to distribute tokens in a fair way among the community, with the tokens remaining in the hands of those that are invested in the project for the long term, instead of speculators looking for quick profits. At the same time, the projects need their projects to build deep liquidity with efficient price discovery of their tokens, without requiring heavy capital investments from the team.\r\n\r\n### The Solution\r\n\"ALEX Launchpad\" helps founders solve these problems: projects are able to fairly distribute tokens with minimal capital investments. \"ALEX Launchpad\" develops a simple UI powered by ALEX's core technology. \r\n\r\nALEX's core technology is an application of the Liquidity Bootstrapping Pool (\"LBP\") pioneered by Balancer, but applied to Stacks. LBPs allow projects to launch tokens with custom capital requirements--including very low capital requirements. \r\n\r\nALEX's LBP will consist, at first, of pool with exactly 2 assets or tokens. One token will be the project's token. The other token will be chosen by the project, such as STX, or BTC. The ratio, or weight of the tokens, can be determined by each project themselves. \r\n\r\nTo minimize capital requirements in terms of the collateral token, a project may choose to start with a 90:10 ratio of Project_Token:Collateral_Token for example. People may put collateral tokens into the pool in exchange for the project's tokens. \r\n\r\nTo promote price discovery while preventing malicious behaviors from bots or front-running, LBPs can evolve in specific ways over time. For example, over time, the pools token weights may gradually change. Typically, the weights will change such that the project token's relative weight in the pool decreases, while the collateral token's relative weight increases until the end of the token distribution. \r\n\r\nThe relative weights of a project's token to collateral tokens can be held constant, it can increase, or it can decrease. ALEX Launchpad offers projects the full range of possibilities, allowing projects to customize the evolution of their token distribution in ways that best fit their intentions. \r\n\r\nShould a project want to maximize the number of collateral tokens received in exchange for the project's tokens, they could hold the relative weights constant over time. In turn, should a project want to maximize the speed at which the tokens are distributed, they may choose to decrease the weight of the collateral token over time. \r\n\r\nShould a project want to maximize fair distribution while minimizing price speculation, then the project may choose to increase the weight of the collateral token over time. This approach prevents \"whales\" from performing a \u201crug pull\u201d or a similar technique that leads to instant price volatility and allows for more fluid price discovery for the token. This is because tokens are released slowly with changing weights, whales are forced to split their trades into separate, small, trades over a longer period of time.\r\n\r\nLBPs were first offered by Balancer in 2020 and have been used as an alternative to ICOs, IDOs or IEOs. On ALEX, LBPs will be built using fundamental building blocks developed as part of an [earlier grant application](https://github.com/stacksgov/Stacks-Grants/issues/143). In particular, LBPs will leverage the `Weighted Equation` and `Fixed Weight Pool` building blocks, and thus notably show how developers can build on and extend ALEX.\r\n\r\n### Comparables\r\nThere does not currently exist a launchpad for IDOs on Stacks. ALEX is uniquely positioned to build an IDO launchpad on Stacks because ALEX is building technology that builds upon and extends technology pioneered by Balancer as well as Compound and Aave. We are not aware of other efforts even attempting to build a decentralized launchpad solution on Stacks that solves the problems above.\r\n\r\n### Expected Impact\r\nWould it matter if ALEX launchpad, as a decentralized token issuing platform, does not exist? We believe it would. With ALEX launchpad, we expect that it becomes much easier for new projects to issue tokens. The expected outcome should be a) a greater number of projects joining Stacks because it's become easier to issue tokens, b) a greater number of projects issuing tokens on Stacks than would otherwise be the case, b) a less concentrated distribution of tokens across tokenholders than would otherwise exist.\r\n\r\n### Milestone 1\r\n**Deliverable**: A smart contract on mainnet implementing a functional version of the two-token Liquidity Bootstrapping Pool described above, released under a MIT License.\r\n**Requested grant**: 25,000 USD\r\n**Deliverable deadline**: Sep 15\r\n\r\nUpon completion of Milestone 1, we would like to review and expand the scope of grant. To provide some examples for extensions, one potential next milestone would be to upgrade the LBP from two token pools to pools with more than two tokens. For example, instead of a pool with a 50:50 ratio of a project's token with some collateral token, we could enable a pool with a 33:33:33 ratio of a project's token, some collateral token, as well as another collateral token. Another option is to allow projects to issue NFTs for buyers from an LBP, as a type of badge that they were there when a project first launched."
    }
]