[
    {
        "projcts_name": "balancer-labs_balancer-v2-monorepo",
        "num": 623,
        "created_user": "nventuro",
        "created_at": "2021-06-09T02:00:33Z",
        "closed_at": "2021-06-14T19:08:01Z",
        "merged_at": [],
        "label": [],
        "comments_data": {
            "created": [
                "2021-06-14T19:08:01Z"
            ],
            "user_login": [
                "nventuro"
            ]
        },
        "title": "Prevent sandwich attacks on AM rebalance fee",
        "body": "It is possible to atomically perform a swap that unbalances an Asset Manager, rebalance it, and then undo the swap, potentially profiting from the reward.\r\n\r\nWe should use `lastBlockChange` to only pay out rewards if the rebalancing interaction is the first one in the transaction, thereby avoiding this type of attack."
    },
    {
        "projcts_name": "Uniswap_v3-core",
        "num": 404,
        "created_user": "NoahZinsmeister",
        "created_at": "2021-02-12T23:07:42Z",
        "closed_at": "2021-02-17T17:49:10Z",
        "merged_at": null,
        "label": "blocked",
        "comments_data": {
            "created": [
                "2021-02-14T01:41:57Z",
                "2021-02-14T21:23:13Z",
                "2021-02-17T17:49:10Z"
            ],
            "user_login": [
                "moodysalem",
                "NoahZinsmeister",
                "moodysalem"
            ]
        },
        "title": "Penalize intrablock",
        "body": "this PR introduces new behavior when burning liquidity. specifically, if a position burns liquidity in the same block in which liquidity was minted to it, it forgoes any fees earned between the mint + burn, which accrue to the protocol. this is intended to disincentivize fee siphoning sandwich attacks within a single block.\r\n\r\nthis can be (minimally) griefed as follows: every time a griefer sees your burn in the mempool, they can mint 1 wei to your position, forcing you to forgo fees earned since that mint. in the worst case, this simply acts as if you withdrew liquidity in that block before any fees were generated.\r\n\r\nnote: sandwichers can still add liquidity, earn fees on it, and remove 1 block later, but this pr forces them to keep their liquidity in for at least a block if they want the fees."
    },
    {
        "projcts_name": "Uniswap_v3-core",
        "num": 393,
        "created_user": "NoahZinsmeister",
        "created_at": "2021-02-10T21:16:26Z",
        "closed_at": "2021-02-12T23:05:44Z",
        "merged_at": null,
        "label": [],
        "comments_data": {
            "created": [
                "2021-02-11T18:28:59Z",
                "2021-02-12T19:36:12Z",
                "2021-02-12T20:44:12Z"
            ],
            "user_login": [
                "moodysalem",
                "NoahZinsmeister",
                "moodysalem"
            ]
        },
        "title": "Full intra block sandwich penalty",
        "body": "this pr prevents fees from being earned on liquidity added (or removed) within the same block as the fees being earned.\r\n\r\nthis is intended to prevent sandwich fee siphoning attacks, which are now disincentivized\r\n\r\nnote that without this pr, the sandwich attack can still be profitable in a fee-on-principal world (even if the fee is equal to the swap fee), as miners can add liquidity that earns fees in both directions against different swaps before removing\r\n\r\nfor \"honest\"  LPs, this has the small downside of being griefable in the following way: a griefer can force fees earned on liquidity after it's added, within the same block, to go to the protocol. similarly, they can force fees earned before a burn, within the same block, to go to the protocol. while somewhat annoying, this is basically fine; if we assume every position is griefed, it's simply as if liquidity can only be added after all fees are earned in a block, and removed before.\r\n\r\nedit 1: a slightly more annoying grief is that if you're willing to send 2 txs in a block (the first minting 1 wei, the second just poking), you can grief any position out of any fees earned in a given block (fees earned between the 1 wei mint and the poke, that is...). ~mitigating this would require something like the minimum mint % increase in #391~\r\n\r\nedit 2: addressed edit 1 by requiring that mints increase position liquidity by >= 1%. this prevents non-interested parties from forcing a position to forgo fees in a block as described above (at least for fees up to 1% of the position value)"
    },
    {
        "projcts_name": "yearn_yearn-vaults",
        "num": 170,
        "created_user": "fubuloubu",
        "created_at": "2021-01-28T18:24:15Z",
        "closed_at": "2021-02-12T19:40:47Z",
        "merged_at": [],
        "label": "p3",
        "comments_data": {
            "created": [
                "2021-01-29T17:39:31Z",
                "2021-02-12T18:17:44Z",
                "2021-02-12T19:40:47Z"
            ],
            "user_login": [
                "andy8052",
                "saltyfacu",
                "fubuloubu"
            ]
        },
        "title": "Add MiniMe-style Balance Checkpointing to Vault Shares",
        "body": "Motivation:\r\n- supports (multiple) claimable reward tokens for Vault shareholders\r\n- supports Vault shares being used in governance (e.g. yvYFI)\r\n- supports Vault recovery process (basically, an \"Exit Strategy\" that allows people to recover funds based on their balances at a particular block)\r\n- supports being able to restrict withdrawals based on block height of deposits (hopefully can be used to solve sandwich attacks with a 24hr hold on deposits)\r\n\r\nExample implementations:\r\n- https://github.com/Giveth/minime/blob/master/contracts/MiniMeToken.sol\r\n- https://github.com/OpenZeppelin/openzeppelin-contracts/blob/master/contracts/token/ERC20/ERC20Snapshot.sol\r\n- https://github.com/iearn-finance/yearn-token/pull/1"
    },
    {
        "projcts_name": "yearn_yearn-vaults",
        "num": 167,
        "created_user": "Grandthrax",
        "created_at": "2021-01-27T17:53:26Z",
        "closed_at": "2021-02-11T20:51:39Z",
        "merged_at": "2021-02-11T20:51:39Z",
        "label": [],
        "comments_data": {
            "created": [
                "2021-01-28T19:12:28Z",
                "2021-02-04T13:55:07Z",
                "2021-02-04T13:56:31Z",
                "2021-02-04T14:09:31Z",
                "2021-02-10T23:39:57Z"
            ],
            "user_login": [
                "chriswessels",
                "lbertenasco",
                "Grandthrax",
                "lbertenasco",
                "storming0x"
            ]
        },
        "title": "Profit lock up that increases share price steadily over time",
        "body": "This solution reduces the pricePerShare by an amount equivalent to the locked up profit.\r\n\r\nWhen a strategy reports a gain it is stored as lockedProfit. This amount is degraded per second so that after a certain period of time it can all be withdrawn. Default is 6 hours. \r\n\r\nIf user withdraws on same block but after the harvest they will get a withdrawal as if harvest didn't happen. \r\n\r\nUser deposits go in at the 'full share price'. If they deposit in the period of profit lockup they need to wait until the period is over before they get all their money back. This works like a withdrawal fee that only lasts 6 hours. \r\n\r\nThis should stop the sandwich attack as the attacker would need to wait the full 6 hours before they can withdraw and get the profit share they are sandwiching. "
    },
    {
        "projcts_name": "yearn_yearn-vaults",
        "num": 54,
        "created_user": "Grandthrax",
        "created_at": "2020-11-02T21:12:46Z",
        "closed_at": "2021-02-10T23:15:02Z",
        "merged_at": null,
        "label": [],
        "comments_data": {
            "created": [
                "2021-02-10T23:15:02Z"
            ],
            "user_login": [
                "storming0x"
            ]
        },
        "title": "Sandwich Attack",
        "body": "A general vault sandwich attack. test added to make sure an attacker does make a profit leaching vault profits trading in and out around harvest time."
    },
    {
        "projcts_name": "mstable_mStable-contracts",
        "num": 342,
        "created_user": "dimsome",
        "created_at": "2022-03-01T18:39:25Z",
        "closed_at": "2022-04-21T10:31:10Z",
        "merged_at": "2022-04-21T10:31:10Z",
        "label": "enhancement",
        "comments_data": [],
        "title": "Feature share revenue",
        "body": "Forked `RevenueBuyBack` contract to `RevenueSplitBuyBack` that sends a portion of the mAssets revenue to treasury and the rest through a buy-back of reward tokens. The buy-back does a mAsset redeem to a bAsset and then a Uniswap V3 swap to the rewards token, eg MTA.\r\n\r\nThe buy-back moves the min amounts to parameters of the `buyBackRewards` function instead of being stored in contract storage. This is to better protect against sandwich attacks. Only the keeper or governor can now execute the `buyBackRewards` function as setting the min amounts needs to come from a trusted account.\r\n\r\nChange details\r\n\r\n* `buyBackRewards` has an array of `minBassetsAmounts`, `minRewardsAmounts` and `uniswapPaths` added as arguments to the existing array of `mAssets` argument.\r\n* The portion of the revenue sent to the treasury account is set with `setTreasuryFee`.\r\n* The treasury account is set with `setTreasury`\r\n* `setMassetConfig` has been changed to just `mapBasset` as there's now just a mapping from mAssets to bAssets. The min bAsset and rewards prices along with the uniswap path are no longer stored in contract storage.\r\n\r\nTODO\r\n* fork tests"
    },
    {
        "projcts_name": "alpaca-finance_bsc-alpaca-contract",
        "num": 234,
        "created_user": "jr-alpaca",
        "created_at": "2022-02-23T04:45:16Z",
        "closed_at": "2022-02-23T04:50:34Z",
        "merged_at": "2022-02-23T04:50:34Z",
        "label": [],
        "comments_data": [],
        "title": "[feat][fix] delta neutral reinvest slippage",
        "body": "<!--- PLEASE FOLLOW THE GUIDELINE -->\r\n\r\n## Description\r\n<!--- Describe your changes in detail -->\r\n- require minimum token receive when swap reward token\r\n## Why?\r\n<!--- Why is this change required? What problem does it solve? -->\r\n- protect reinvest from sandwich attack\r\n## ChangeLogs:\r\n<!--- changes for this pr -->\r\n\r\n\r\n### Link to story (if available)\r\n<!--- Add story URL here -->\r\n"
    },
    {
        "projcts_name": "rocket-pool_rocketpool",
        "num": 201,
        "created_user": "kanewallmann",
        "created_at": "2021-05-04T01:17:26Z",
        "closed_at": "2021-06-09T00:31:00Z",
        "merged_at": null,
        "label": [],
        "comments_data": {
            "created": [
                "2021-05-06T01:18:55Z",
                "2021-05-09T23:08:02Z",
                "2021-05-12T00:40:00Z",
                "2021-05-18T04:16:39Z"
            ],
            "user_login": [
                "darcius",
                "kanewallmann",
                "darcius",
                "kanewallmann"
            ]
        },
        "title": "Implement wait period between depositing ETH for rETH and then burning or transferring",
        "body": "This PR implements a waiting period after depositing ETH for rETH. Users must wait some number of blocks before burning or transferring rETH after a deposit.\r\n\r\nThe intention behind this change is to prevent sandwich attacking price submission transactions from oracles by buying and selling immediately before and after this submission.\r\n\r\nThings to consider:\r\n\r\n- I have used the existing `network.submit.prices.frequency` parameter for the delay period. Should this be a separate parameter in case we want to adjust it independently of the price submission frequency? 24 hours is a good time for this delay as it gives enough time for node operators to use a would-be attacker's deposit in a pool rendering his attack toothless. If we adjust price submission frequency to be a lower number in future, it may affect the efficacy of this protection.\r\n\r\n- This logic is hardcoded into the rETH token contract which is not upgradable. So once this logic is decided on, there is no means of changing it at a future date. Using a separate parameter could allow us to disable this logic by setting it to 0 or some low inconsequential value. Alternatively, we could have the logic exist in an upgradable contract and have the token contract make a call to this contract to check if a transfer should revert. This would allow the logic to be upgradable by DAO consensus."
    }
]