[
    {
        "projcts_name": "DeFiCh_ain",
        "num": 37,
        "created_user": "uzyn",
        "created_at": "2020-09-18T02:33:18Z",
        "closed_at": "2020-11-09T03:52:22Z",
        "merged_at": [],
        "label": [],
        "comments_data": {
            "created": [
                "2020-09-18T03:58:03Z",
                "2020-09-18T09:12:42Z"
            ],
            "user_login": [
                "uzyn",
                "monstrobishi"
            ]
        },
        "title": "Proper hardfork transition to follow with the magic header numbers upgrade",
        "body": "https://github.com/DeFiCh/ain/pull/36 updates the header numbers for a security audit that is conducted and it would break the compatibility of the node with the current state of DeFiChain mainnet.\r\n\r\nHardfork mechanism needs to be implemented to properly transition to the new header numbers.\r\n"
    },
    {
        "projcts_name": "KyberNetwork_smart-contracts",
        "num": 256,
        "created_user": "ritzdorf",
        "created_at": "2018-07-02T08:47:32Z",
        "closed_at": "2018-07-02T18:02:52Z",
        "merged_at": "2018-07-02T18:02:52Z",
        "label": [],
        "comments_data": [],
        "title": "ChainSecurity audit report of Kyber.Network v2.",
        "body": "The public PDF version of the ChainSecurity audit report for the smart contracts of Kyber.Network v2."
    },
    {
        "projcts_name": "maple-labs_maple-core",
        "num": 330,
        "created_user": "michaelelliot",
        "created_at": "2021-04-01T14:13:35Z",
        "closed_at": "2021-04-01T19:07:41Z",
        "merged_at": "2021-04-01T19:07:41Z",
        "label": [],
        "comments_data": [],
        "title": "Misc security audit updates 2",
        "body": "# Description\r\n- Use underscore digit grouping syntax everywhere\r\n- Rename `LoanLib::triggerDefault` to `LoanLib::liquidateCollateral`\r\n- Fx declaration spacing/padding\r\n- More explicit commenting\r\n- Explicit `Loan:NOT_PAST_GRACE_PERIOD` revert message on early `unwind()`\r\n"
    },
    {
        "projcts_name": "pooltogether_pooltogether-pool-contracts",
        "num": 18,
        "created_user": "asselstine",
        "created_at": "2020-01-03T23:39:40Z",
        "closed_at": "2020-01-20T20:43:16Z",
        "merged_at": "2020-01-20T20:43:16Z",
        "label": [],
        "comments_data": [],
        "title": "Fixes OpenZeppelin security audit issue N09",
        "body": "N09: Unnecessary SafeMath sum operation\r\n\r\nRemoved operation"
    },
    {
        "projcts_name": "pooltogether_pooltogether-pool-contracts",
        "num": 14,
        "created_user": "asselstine",
        "created_at": "2019-12-28T01:29:07Z",
        "closed_at": "2020-01-20T20:44:22Z",
        "merged_at": "2020-01-20T20:44:22Z",
        "label": [],
        "comments_data": [],
        "title": "Fixed OpenZeppelin Security audit issue N06",
        "body": "N06: Random Upper bound of zero\r\n\r\nUniformRandomNumber didn't adhere to the return value being less than\r\nthe upperBound.  Fixed.  Also additional tests added."
    },
    {
        "projcts_name": "pooltogether_pooltogether-pool-contracts",
        "num": 13,
        "created_user": "asselstine",
        "created_at": "2019-12-28T01:28:52Z",
        "closed_at": "2020-01-20T20:44:34Z",
        "merged_at": "2020-01-20T20:44:34Z",
        "label": [],
        "comments_data": [],
        "title": "Fixed OpenZeppelin Security audit issue N03",
        "body": "N03: Default Visiblity\r\n\r\nAll state variables that were unmarked are now marked as 'internal'"
    },
    {
        "projcts_name": "pooltogether_pooltogether-pool-contracts",
        "num": 12,
        "created_user": "asselstine",
        "created_at": "2019-12-28T00:44:39Z",
        "closed_at": "2020-01-20T20:44:45Z",
        "merged_at": "2020-01-20T20:44:45Z",
        "label": [],
        "comments_data": [],
        "title": "Fixes OpenZeppelin Security audit issue L08",
        "body": "L08: Unchecked casting from uint256 to int256\r\n\r\nAdded a soft cap to gross winnings to ensure that the reward does not\r\nrevert on overflow."
    },
    {
        "projcts_name": "pooltogether_pooltogether-pool-contracts",
        "num": 10,
        "created_user": "asselstine",
        "created_at": "2019-12-18T19:11:05Z",
        "closed_at": "2020-01-20T20:44:56Z",
        "merged_at": "2020-01-20T20:44:56Z",
        "label": [],
        "comments_data": [],
        "title": "Fixes OpenZeppelin Security Audit Issue N02",
        "body": "N02: Inconsistent imports\r\n\r\nUpdated the @openzeppelin/contracts-ethereum-package and replaced all\r\n@openzeppelin/contracts references with the ethereum-package version."
    },
    {
        "projcts_name": "pooltogether_pooltogether-pool-contracts",
        "num": 9,
        "created_user": "asselstine",
        "created_at": "2019-12-18T19:04:20Z",
        "closed_at": "2020-01-20T20:45:08Z",
        "merged_at": "2020-01-20T20:45:08Z",
        "label": [],
        "comments_data": [],
        "title": "Added additional checks to fix L07",
        "body": "Fixes OpenZeppelin security audit issue L07\r\n\r\nL07: Excessive Code Coupling\r\n\r\nAdds a check to the DrawManager to ensure that a committed draw exists\r\nbefore depositing into it."
    },
    {
        "projcts_name": "pooltogether_pooltogether-pool-contracts",
        "num": 7,
        "created_user": "asselstine",
        "created_at": "2019-12-18T04:04:19Z",
        "closed_at": "2020-01-20T20:45:31Z",
        "merged_at": "2020-01-20T20:45:31Z",
        "label": [],
        "comments_data": [],
        "title": "Addressed OZ Security audit issue L02",
        "body": "L02: Only direct deposits are pausable\r\n\r\nMitigation:\r\n\r\n- Added documentation to the pause() and unpause() function stating that\r\n  the intention is to pause only deposits so that the contract can\r\nslowly be deprecated\r\n- Added `unlessPaused` to MCDAwarePool to prevent token migrations to\r\n  paused contracts"
    },
    {
        "projcts_name": "pooltogether_pooltogether-pool-contracts",
        "num": 6,
        "created_user": "asselstine",
        "created_at": "2019-12-18T03:57:24Z",
        "closed_at": "2019-12-18T04:03:42Z",
        "merged_at": null,
        "label": [],
        "comments_data": [],
        "title": "Addressed OZ Security audit issue L02",
        "body": "L02: Only direct deposits are pausable\r\n\r\nMitigation:\r\n\r\n- Added documentation to the pause() and unpause() function stating that\r\n  the intention is to pause only deposits so that the contract can\r\nslowly be deprecated\r\n- Added `unlessPaused` to MCDAwarePool to prevent token migrations to\r\n  paused contracts"
    },
    {
        "projcts_name": "pooltogether_pooltogether-pool-contracts",
        "num": 5,
        "created_user": "asselstine",
        "created_at": "2019-12-18T03:49:50Z",
        "closed_at": "2019-12-18T03:57:38Z",
        "merged_at": null,
        "label": [],
        "comments_data": [],
        "title": "Addressed OZ Security audit issue L02",
        "body": "L02: Only direct deposits are pausable\r\n\r\nMitigation:\r\n\r\n- Added documentation to the pause() and unpause() function stating that\r\n  the intention is to pause only deposits so that the contract can\r\nslowly be deprecated\r\n- Added `unlessPaused` to MCDAwarePool to prevent token migrations to\r\n  paused contracts"
    },
    {
        "projcts_name": "pooltogether_pooltogether-pool-contracts",
        "num": 4,
        "created_user": "asselstine",
        "created_at": "2019-12-18T03:29:11Z",
        "closed_at": "2020-01-20T20:47:10Z",
        "merged_at": "2020-01-20T20:47:10Z",
        "label": [],
        "comments_data": [],
        "title": "Mitigates OpenZeppelin Security audit issues M02, LO5, N05",
        "body": "M02: Bypassing token events\r\nLO5: Conflated balances\r\nN05: Repeated code\r\n\r\nUsers can now separately withdraw:\r\n- Sponsorship and fees\r\n- Open deposits\r\n- Committed Deposits (tokens)"
    },
    {
        "projcts_name": "pooltogether_pooltogether-pool-contracts",
        "num": 3,
        "created_user": "asselstine",
        "created_at": "2019-12-17T22:12:59Z",
        "closed_at": "2020-01-20T20:47:23Z",
        "merged_at": "2020-01-20T20:47:23Z",
        "label": [],
        "comments_data": {
            "created": [
                "2019-12-18T01:06:36Z",
                "2020-01-13T20:15:57Z"
            ],
            "user_login": [
                "asselstine",
                "asselstine"
            ]
        },
        "title": "Fixes for OpenZeppelin Security Audit H01, H02 , M01",
        "body": "When the administrator calls reward or rewardAndOpenNextDraw, the secret and salt that will determine the lottery winner is revealed.\r\n\r\nHowever, the selected address will depend on the distribution of committed draws, which can be influenced by sending pool tokens to another address, burning pool tokens, or withdrawing an address\u2019 entire balance. It can also be influenced by sending SAI pool tokens to the DAI pool contract.\r\n\r\nMitigation:\r\n\r\n- Token movements are locked prior to awarding the prize.\r\n- Lock has a timeout, so that the pool can't be locked forever\r\n- Lock has a cooldown, to prevent nasty admins from continuously locking\r\n  the contract"
    },
    {
        "projcts_name": "project-serum_serum-dex",
        "num": 10,
        "created_user": "armaniferrante",
        "created_at": "2020-09-24T07:02:20Z",
        "closed_at": "2020-09-26T02:03:47Z",
        "merged_at": "2020-09-26T02:03:47Z",
        "label": [],
        "comments_data": [],
        "title": "2/3 Safe program and client",
        "body": "# Introduction\r\n\r\n(Although this is 2/3, this is the right place to start.)\r\n\r\nThis is the first draft of the on-chain lockups program. Still need to do a thorough security audit (both internally and externally), and potentially refactor but this is a good place to checkpoint and discuss design, goals, and see if we want to change anything.\r\n\r\n# Related PRs.\r\n\r\n* https://github.com/project-serum/serum-dex/pull/9 (base/common utilities)\r\n* https://github.com/project-serum/serum-dex/pull/11 (integration testing)\r\n\r\n# Code overview\r\n\r\nThe structure is as follows.\r\n\r\n## Interface crate\r\n\r\nThe core `Instruction` enum/interface can be found in the interface crate [here](https://github.com/project-serum/serum-dex/pull/10/files#diff-a96d23d43ce8bacbbada2ee7573ae3ccR11). Note that everything in this crate is used by both the on-chain program and by clients (e.g., integration tests). The list of all state-bearing accounts, for example can be found [there](https://github.com/project-serum/serum-dex/pull/10/files#diff-7bc42990760ef45c0d288ef987487eaeR1).\r\n\r\n## On chain program\r\n\r\nThe on-chain program can be found in in the `safe/program` crate, [here](https://github.com/project-serum/serum-dex/pull/10/files#diff-7d497470b48ad668069d1161ac9a5abdR1), where each instruction has a defined `handler` in it's own module. For example, the `Deposit` instruction has an entry point [here](https://github.com/project-serum/serum-dex/pull/10/files#diff-c6a22afbc1ed82c6cd1732a58b6d4c2dR12).\r\n\r\nI've structured each of these `Instruction` handlers all the same.\r\n\r\n* decode the accounts array\r\n* perform `access_control` to enforce program invariants\r\n* perform a `state_transition` to mutate state\r\n\r\n# Misc considerations\r\n\r\n## Migrations\r\n\r\nWe should decide if we want to allow migrations (i.e., the ability for an admin key to send all funds controlled by the program to a new address). I've implemented a basic version here with the thinking that it's useful for product development purposes (i.e. we can upgrade easily) and also with the thinking that we can just lock ourselves out of admin access when the time comes.\r\n\r\n# Mint receipts and proof of valid locked SRM.\r\n\r\nCurrently the way this is implemented is via a `MintReceipt` received when minting the NFT representing a single `SRM`, one receipt account for every token (1-1). This design is very easy to reason about, but one could imagine a more efficient one where users allocate larger accounts so that they have less accounts for the same amount of NFTs (1-many receipts instead of 1-1). \r\n\r\n# Slashing\r\n\r\nSlashing is not yet implemented, but can be implemented in a subsequent PR.\r\n\r\n# Serialization\r\n\r\nI'm currently using Serde + bincode for everything (instruction and storage serialization). I haven't run into problems yet. But we can swap to hand rolled serialization or a different serialization format relatively easily. \r\n\r\n# Performance\r\n\r\nWhen in doubt, I'm doing inefficient things in favor of readability over performance. For example, I'm unpacking/packing things to/from account data arrays instead of peering directly into the array itself. If this is a problem, we can make such micro-optimizations. But given the relative simplicity of this program and importance of being able to analyze it's security, I think this is the right tradeoff -- for now."
    },
    {
        "projcts_name": "Synthetixio_synthetix",
        "num": 288,
        "created_user": "justinjmoses",
        "created_at": "2019-10-18T15:26:43Z",
        "closed_at": "2019-10-31T23:41:38Z",
        "merged_at": "2019-10-31T23:41:38Z",
        "label": [],
        "comments_data": {
            "created": [
                "2019-10-18T15:49:40Z"
            ],
            "user_login": [
                "justinjmoses"
            ]
        },
        "title": "Upgrade truffle, deps, and migrating to solhint",
        "body": "- Includes community PR #287 with the lockfile rebuilt locally\r\n- Upgraded to latest `truffle` `5.0.41` to address security audits and deprecated libraries\r\n- Upgraded `ganache-cli` and a few other minor deps"
    },
    {
        "projcts_name": "TempleDAO_temple",
        "num": 370,
        "created_user": "butlerji",
        "created_at": "2022-06-04T07:09:09Z",
        "closed_at": "2022-06-07T12:00:30Z",
        "merged_at": [],
        "label": "protocol",
        "comments_data": [],
        "title": "Security Audit Fixes",
        "body": "https://docs.google.com/document/d/1QH7LUqYL4eRg_a7pOwENT7jZ0fppbnAdPm9dvug9UCk/edit#heading=h.6oxgriof6zs9\r\n\r\n - [x] PVE001 (by @scooprinder c009bdf)\r\n - [x] PVE002 (@butlerji discussed with audit team, won't fix as it's not relevant)\r\n - [x] PVE003 (by @butlerji ccb70567a5977b6902ed930dd863bd01850494a1)\r\n - [x] PVE004 (@butlerji discussed with audit team, won't fix as it's part of the design)\r\n - [x] Note 1 (by @scooprinder ac4d6bd538de9fe74db133dffd6181dc47b85a66)\r\n - [x] Note 2 (by @butlerji 52adeefbb11d70d8bd25d64a910ea55c0da89e2b)\r\n - [x] Note 3 (by @scooprinder 6ac92cf7c59d735bc5649cbaddadcc0a7281d53e)\r\n - [x] Note 4 (@butlerji discussed with audit team, won't fix as we control templeToken code)\r\n - [x] Q1 (by @butlerji 13ddc5f06b0c536b4c359892be91b0021a98c03d and 53fd4f5704ffbb322e9e7af39ff75976c8fe76da)\r\n - [x] Q2 (@butlerji this this is fine, open question with audit team)\r\n - [x] Q3 (by @butlerji 8f44d1c3f99c58c5e369351f2f1fcf9181074be4)\r\n - [x] Remove descrease time testing hack (by @butlerji ff097f9e3ccb568004b45556c3877699fc87640b)\r\n "
    }
]