[
    {
        "projcts_name": "keep-network_keep-core",
        "num": 1715,
        "created_user": "pdyraga",
        "created_at": "2020-04-29T21:16:22Z",
        "closed_at": "2020-04-29T21:40:58Z",
        "merged_at": "2020-04-29T21:40:58Z",
        "label": [],
        "comments_data": [],
        "title": "Do not cancel the context before entry makes it to the chain",
        "body": "Refs #1690 \r\n\r\nWe added `cancelCtx()` call to cancel signature shares retransmission if the current member has enough shares to reconstruct signature. From a selfish perspective of that member it absolutely makes sense but from a broader perspective it does not and it slows down relay entry submission.\r\n\r\nSpecifically, if members 10-64 collected enough shares to reconstruct entry, they stop broadcasting. If members 1-9 still do not have enough shares, none of them will be able to publish the result and we'll have to wait until member 10 is eligible.\r\n\r\nRetransmitting shares until the entry is on-chain makes sense."
    }
]