[
    {
        "projcts_name": "opynfinance_GammaProtocol",
        "num": 183,
        "created_user": "antoncoding",
        "created_at": "2020-09-16T09:41:55Z",
        "closed_at": "2021-01-07T15:12:00Z",
        "merged_at": [],
        "label": "enhancement",
        "comments_data": [],
        "title": "verify create2 address",
        "body": "Figure out a way to check if the create2 address is correct."
    },
    {
        "projcts_name": "OriginProtocol_origin-dollar",
        "num": 798,
        "created_user": "DanielVF",
        "created_at": "2021-10-28T21:04:55Z",
        "closed_at": "2021-10-29T03:38:38Z",
        "merged_at": "2021-10-29T03:38:38Z",
        "label": [],
        "comments_data": {
            "created": [
                "2021-10-28T21:13:25Z"
            ],
            "user_login": [
                "DanielVF"
            ]
        },
        "title": "Change Buyback contract Uniswap address",
        "body": "Propose changing Buyback contract Uniswap address to V3.\r\n\r\nCommand output:\r\n\r\n```\r\n> node propose.js --setBuybackUniswapAddr --address=0xE592427A0AEce92De3Edee1F18E0157C05861564 --doIt=true\r\nCurrent proposal count= 3\r\nsetBuybackUniswapAddr proposal\r\nSending a tx calling propose() on 0x72426BA137DEC62657306b12B1E869d43FeC6eC7\r\nargs: [\r\n  [ '0x77314EB392b2be47C014cde0706908b3307Ad6a9' ],\r\n  [ 'setUniswapAddr(address)' ],\r\n  [\r\n    '0x000000000000000000000000e592427a0aece92de3edee1f18e0157c05861564'\r\n  ]\r\n]\r\nSent. tx hash: 0xbae0693daa05d4dccd28d470693a9aaf07492f08fcb5c6593b878f9a99a44672\r\nWaiting for confirmation...\r\nPropose tx confirmed\r\nNew proposal count= 4\r\nNext step: call the following method on the governor at 0x72426BA137DEC62657306b12B1E869d43FeC6eC7 via multi-sig\r\n   queue(4)\r\nDone\r\n```\r\n\r\nOn timelock:\r\n\r\nhttps://etherscan.io/address/0x72426BA137DEC62657306b12B1E869d43FeC6eC7#readContract\r\n\r\n<img width=\"766\" alt=\"image\" src=\"https://user-images.githubusercontent.com/837/139335328-c9d53452-a414-4b25-a98a-87745c517473.png\">\r\n\r\nPlease verify all addresses on the timelock action\r\n"
    }
]