[
    {
        "projcts_name": "osmosis-labs_osmosis",
        "num": 726,
        "created_user": "mconcat",
        "created_at": "2022-01-06T14:27:35Z",
        "closed_at": "2022-01-06T14:53:57Z",
        "merged_at": [],
        "label": "C:x/gov",
        "comments_data": {
            "created": [
                "2022-01-06T14:51:48Z",
                "2022-01-06T14:53:57Z"
            ],
            "user_login": [
                "ValarDragon",
                "mconcat"
            ]
        },
        "title": "Extend governance module to handle arbitrary voting tokens",
        "body": "The SDK governance module accepts only single token denom(in most case same with the native token) for its voting. To implement per-pool govermance, we need to extend the governance module to accept other kind of tokens, specified in the proposal type.\r\n\r\n### Deposit\r\n\r\nThe deposit token remains same(determined by the MinDeposit params), to prevent chain level spam attack.\r\n\r\n### Vote\r\n\r\nAdd `VotingTokenDenom` field to the `govtypes.Content`(https://github.com/cosmos/cosmos-sdk/blob/master/x/gov/types/v1beta2/content.go#L12)\r\n\r\n```go\r\n// Content defines an interface that a proposal must implement. It contains\r\n// information such as the title and description along with the type and routing\r\n// information for the appropriate handler to process the proposal. Content can\r\n// have additional fields, which will handled by a proposal's Handler.\r\ntype Content interface {\r\n\tGetTitle() string\r\n\tGetDescription() string\r\n\tProposalRoute() string\r\n\tProposalType() string\r\n\tValidateBasic() error\r\n\tString() string\r\n\tVotingTokenDenom() string // added\r\n}\r\n```\r\n\r\nWhen the `VotingTokenDenom` is empty, use the same token with the `MinDeposit` token by default.\r\n\r\nAdd an adapter interface to use lockup module as a staking module\r\n\r\n```go\r\ntype StakingKeeperInterfaceAdapter struct {\r\n  keeper lockupkeeper.Keeper\r\n}\r\n\r\n// Implements govtypes.StakingKeeper\r\nfunc (adapter StakingKeeperInterfaceAdapter) IterateBondedValidatorsByPower(...) {\r\n  // Iterate all LP tokens locked\r\n}\r\n\r\nfunc (adapter StakingKeeperInterfaceAdapter) TotalBondedTokens(...) {\r\n  // return total locked lp tokens\r\n}\r\n\r\nfunc (adapter StakingKeeperInterfaceAdapter) IterateDelegations(...) {\r\n  // noop\r\n}\r\n```\r\n\r\nMake it able to use different staking interface for `OptionYes, OptionAbstain, OptionNo` and `OptionNoWithVeto`, so the proposal could use LP tokens for simple yay/nay, and use chain native staking token for `veto`ing(https://github.com/cosmos/cosmos-sdk/blob/master/x/gov/keeper/tally.go#L13). If not, an attacker can spam the network by making a dummy pool, submit empty proposal, not veto'ing and get the deposit refund. \r\n\r\n// TODO: in this design, the user could vote both `OptionYes` and `OptionNoWithVeto`, one with LP tokens and one with staking tokens. Although voting both option will not benefit the voter anyway, we should check it.\r\n\r\nAs the participant rate for LP token holders are expected to be much lower than the stakers, considering that there is no delegation in LP token, the threshold should be adjusted for different type of proposals, and in the future, add features that the LP tokens can delegate the permission to change pool parameters to specific addresses(which might be group address)."
    },
    {
        "projcts_name": "gnosis_dex-contracts",
        "num": 217,
        "created_user": "josojo",
        "created_at": "2019-10-01T11:39:01Z",
        "closed_at": "2019-11-06T13:56:38Z",
        "merged_at": [],
        "label": [],
        "comments_data": {
            "created": [
                "2019-10-10T11:41:48Z",
                "2019-10-10T14:58:44Z",
                "2019-10-11T12:03:50Z",
                "2019-10-11T13:08:59Z",
                "2019-10-28T14:41:35Z",
                "2019-10-28T14:44:47Z"
            ],
            "user_login": [
                "bh2smith",
                "josojo",
                "bh2smith",
                "josojo",
                "josojo",
                "bh2smith"
            ]
        },
        "title": "[PoC] Spam protection for addToken (Burn 10 Owl)",
        "body": "currently, your token addition process can be blocked by using up all the 2^16 token indices with spam tokens. If we assume that adding a token costs only roughly 1 dollar in gas, then our exchange can be blocked with only  2^16 thousand dollar \r\n\r\nProposed solution: \r\nAdding a token requires to burn 1 GNO, additionally. Then the attack costs for this spam attack would be more than 10 fold."
    },
    {
        "projcts_name": "osmosis-labs_osmosis",
        "num": 2173,
        "created_user": "effofxprime",
        "created_at": "2022-07-20T18:21:50Z",
        "closed_at": "2022-07-20T18:38:13Z",
        "merged_at": [],
        "label": [],
        "comments_data": {
            "created": [
                "2022-07-20T18:38:13Z",
                "2022-07-20T18:45:27Z",
                "2022-07-20T19:59:36Z"
            ],
            "user_login": [
                "czarcas7ic",
                "effofxprime",
                "czarcas7ic"
            ]
        },
        "title": "Full Node - Epoch block, Gauge and Delegation info issue",
        "body": "<!-- < < < < < < < < < < < < < < < < < < < < < < < < < < < < < < < < < \u263a\r\nv                               \u2730  Thanks for creating an issue! \u2730    \r\n\u263a > > > > > > > > > > > > > > > > > > > > > > > > > > > > > > > > >  -->\r\n\r\n## Background\r\n\r\nI've been running an Osmo full node for a couple of weeks now.  Version is `v10.0.1`.\r\nWhen the Epoch block is reached, the server \"stops working\" but the daemon is running and continuing to do peer gossip.  Prior to this, even when the network is under a heavier load, the node keeps up with the chain(I saw this when we had that small spam attack on the network the other day).\r\n\r\nBelow is a log snippet.  I have a lot of the no delegation distribution info errors and then it pauses on distribute superfluid gauges.\r\n```\r\nJul 20 12:01:48 horace systemd[1]: Started Osmosis Node.\r\nJul 20 12:01:48 horace osmosisd[724498]: 12:01PM INF starting ABCI with Tendermint\r\nJul 20 12:01:53 horace osmosisd[724498]: 12:01PM INF Starting multiAppConn service impl=multiAppConn module=proxy\r\nJul 20 12:01:53 horace osmosisd[724498]: 12:01PM INF Starting localClient service connection=query impl=localClient module=abci-client\r\nJul 20 12:01:53 horace osmosisd[724498]: 12:01PM INF Starting localClient service connection=snapshot impl=localClient module=abci-client\r\nJul 20 12:01:53 horace osmosisd[724498]: 12:01PM INF Starting localClient service connection=mempool impl=localClient module=abci-client\r\nJul 20 12:01:53 horace osmosisd[724498]: 12:01PM INF Starting localClient service connection=consensus impl=localClient module=abci-client\r\nJul 20 12:01:53 horace osmosisd[724498]: 12:01PM INF Starting EventBus service impl=EventBus module=events\r\nJul 20 12:01:53 horace osmosisd[724498]: 12:01PM INF Starting PubSub service impl=PubSub module=pubsub\r\nJul 20 12:01:53 horace osmosisd[724498]: 12:01PM INF Starting IndexerService service impl=IndexerService module=txindex\r\nJul 20 12:01:53 horace osmosisd[724498]: 12:01PM INF ABCI Handshake App Info hash=\"S>\u01bf\ufffd\ufffd[oU\ufffd\ufffd\\u007f\ufffd\ufffd'\ufffdn3\ufffd\ufffd\ufffd}EA\\r\ufffd\\f{7\ufffd\ufffde\" height=5238498 module=consensus protocol-version=9 software-version=10.0.1\r\nJul 20 12:01:53 horace osmosisd[724498]: 12:01PM INF ABCI Replay Blocks appHeight=5238498 module=consensus stateHeight=5238498 storeHeight=5238499\r\nJul 20 12:01:53 horace osmosisd[724498]: 12:01PM INF Replay last block using real app module=consensus\r\nJul 20 12:02:30 horace osmosisd[724498]: 12:02PM INF minted coins from module account amount=547945205479uosmo from=mint module=x/bank\r\nJul 20 12:02:30 horace osmosisd[724498]: 12:02PM INF burned tokens from module account amount=136986301369uosmo from=mint module=x/bank\r\nJul 20 12:02:30 horace osmosisd[724498]: 12:02PM INF Starting epoch with identifier day epoch number 397 module=x/epochs\r\nJul 20 12:02:31 horace osmosisd[724498]: 12:02PM INF Move delegation rewards to gauges\r\n....\r\n....  Lots of errors \"ERR no delegation distribution info\"\r\n....\r\n.... \r\nJul 20 12:02:34 horace osmosisd[724498]: 12:02PM ERR no delegation distribution info\r\nJul 20 12:02:34 horace osmosisd[724498]: 12:02PM ERR no delegation distribution info\r\nJul 20 12:02:34 horace osmosisd[724498]: 12:02PM ERR no delegation distribution info\r\nJul 20 12:02:34 horace osmosisd[724498]: 12:02PM INF Distribute Superfluid gauges\r\n```\r\n\r\nServer hosting specs:\r\nLinode Dedicated VPS - 8core 16GBram, 57G swap(swap drive is a 3x NVME strip LVM with striped size of 4M).\r\n\r\nWhile the daemon sits and does whatever it's doing behind the scense right now, htop reports that my `PSI FULL IO` is around 40%-60%.  So I am not currently maxing out my IO AFAIK.\r\n\r\n## Expectations ##\r\nI don't expect the swap drive to be too limiting on the performance here with how I've configured it in LVM.\r\nUnsure why I am getting the `no delegation distribution info` and the long pause on completing the epoch block.\r\n\r\nI searched and think that I am suffering from the same issue as here:  https://github.com/osmosis-labs/osmosis/issues/1797\r\n\r\nPlease let me know what other info you'd like me to get.  Looking forward to understanding this better as well.\r\nThank you\r\n\r\n"
    },
    {
        "projcts_name": "osmosis-labs_osmosis",
        "num": 74,
        "created_user": "Thunnini",
        "created_at": "2021-04-06T16:32:55Z",
        "closed_at": "2021-11-19T22:55:00Z",
        "merged_at": [],
        "label": "post-launch",
        "comments_data": {
            "created": [
                "2021-11-19T22:55:00Z"
            ],
            "user_login": [
                "ValarDragon"
            ]
        },
        "title": "Use F1 based reward distribution for v1",
        "body": "## Background\r\nWe initially delayed the idea of using an F1-based reward distribution mechanism for Osmosis due to concerns on the timeline, but I do think we can adopt the F1-based module without significantly delaying the launch schedule. I believe there are minimal benefits of an epoch-based system over the F1-based system, and only opens up spam attack risk vectors as well as instability in the block times due to the iterations required.\r\n\r\nThe x/farm module provides a much more sustainable and manageable architecture, and I've made progress on the implementation that I believe it will create no delays for launch. (Refer to the [pool-yield branch](https://github.com/osmosis-labs/osmosis/tree/pool-yield))\r\n\r\nBelow is an outline of how the current architecture functions.\r\n\r\n\r\n### Farm Module\r\n\r\n- Other modules create a farm\r\n- Farm module doesn't custody the shares, but the rewards are managed(and custodied) by the farm module\r\n- Farm module is created by an external module, but external accounts can provide additional incentives to farms that are already created\r\n- Users can request the farm module for unclaimed rewards\r\n\r\n### Pool-Yield (to be changed to Pool Incentive) Module\r\n\r\n- x/gamm `afterPoolCreate` hook created.\r\n- Pool-yield module sets the `lockableDurations` at genesis (i.e. 1 week / 2 week / 4 week)\r\n- Pool-yield module creates a farm (according to the number of `lockableDurations`) when the x/gamm `afterPoolCreate` is run\r\n- lockup module\r\n    - `onTokenLocked`  - When the hook runs this, the pool-yield module checks if the locked token is the pool share token. If it is a pool share token, then it will check if the duration matches the  `lockableDurations`. If both conditions are true, it will get the farm and add the farm share according to the locked poolShare amount. (Because the farm module doesn't custody the farm's share, the lockup module custodies the shares.)\r\n    - `onTokenUnlocked`  - This is the opposite process of `onTokenLocked`.\r\n- External accounts can query the x/pool-yield module by specifying the `poolId` and `lockableDurations` and find the `farmId`.\r\n- x/farm module supports external incentives, but the incentives must be added on a regular periodical basis for the duration that the additional incentives is active (i.e. reward added once per day).\r\n- `AddPoolIncentives` proposal can be used to add records. The records consist of farm Id and weight. When the record is added, reward is allocated according to the record's farm ID. The reward amount equals to weight/ totalWeight.\r\n    - To consider the potential the amount of farms/lockable duration increases, the pool-yield module uses an unnormalized weight since normalizing becomes fairly inconvenient when the number of farm becomes large.\r\n- `RemovePoolIncentives` proposal is the opposite of the above proposal\r\n- Because feeCollector manages the entire minted inflation in the same module account as the previous block's transaction fees are handled, and the distribution module take the entire remaining amount that's left in the feeCollector module account, the pool-yield module's begin block must be run between the mint module and the distr module's begin block.\r\n- The pool-yield takes the `mintedDenom` according to the `allocationRatio` from the feeCollector module account then distributes the amount to farms according to the logic described above, then the distribution module uses the remaining amount.\r\n- Issue (TODO):\r\n    - Each module has a specific set of order that it takes its allocated amount in\r\n    - The allocation taken by each designation (i.e. pool incentives, developer DAO, etc) is relative to the remaining amount\r\n    - Therefore, setting the parameter is not very logical:\r\n        - i.e. 100 OSMO minted, 50% liquidity incentives, 20% developer dao)\r\n            1.  liquidity incentives take the 50%\r\n            2. Developer dao parameter must be set to 0.4(40%) because the liquidity incentives already took half, and only half is remaining (20% of total, but relatively 40% of the remaining minted amount)\r\n        - feeCollector account manages the transaction fee and the inflation minted amount in the same account, and can't know which % is the transaction fee. Therefore, the transaction fees are distributed in the same allocationRatio as the minted inflation amount.\r\n    - If the mint module can specify the amount that is to be allocated to pool-yield/developer-dao, then this should be able to be resolved.\r\n        - ACTION ITEM \u2192 merge new mint module implementation to Osmosis-Labs repository\r\n    - [ ]  Create `updatePoolIncentives` proposal type.\r\n    - [ ]  Need to create more CLI and gRPC queries\r\n    - [ ]  DeveloperDAO (should be easy lift)\r\n\r\n### Discussion\r\n\r\n- It'd be good for the lockup module to send tokens that have expired lockup at each block, rather than having each user to manually unlock their tokens. (Because the amount of lock tx that can be included in a block is limited, and the amount of  unlock depends on the amount of lock, this alleviates concerns about spam)\r\n    - Needed because the pool-yield module needs to remove expired lockup LP shares out of actively incentivized farms. and if this isn't done automatically, the pool-yield module needs to take care of this and having the lockup module handle this would simplify the design significantly while also making it easier for users.\r\n"
    },
    {
        "projcts_name": "DeFiCh_ain",
        "num": 263,
        "created_user": "Bushstar",
        "created_at": "2021-03-04T09:08:54Z",
        "closed_at": "2021-03-04T09:43:02Z",
        "merged_at": "2021-03-04T09:43:02Z",
        "label": "kind/docs",
        "comments_data": {
            "created": [
                "2021-03-04T09:09:11Z"
            ],
            "user_login": [
                "defichain-bot"
            ]
        },
        "title": "Move anchor log to anchor debug log category",
        "body": "Do not log anchor validation as ERROR in log and move these entries to anchoring debug category to avoid spamming the log file."
    },
    {
        "projcts_name": "gnosis_dex-contracts",
        "num": 270,
        "created_user": "bh2smith",
        "created_at": "2019-11-04T08:33:04Z",
        "closed_at": "2019-11-06T13:56:38Z",
        "merged_at": "2019-11-06T13:56:38Z",
        "label": [],
        "comments_data": [],
        "title": "217/Burn OWL on token Registration",
        "body": "In order to avoid spamming the exchange with token registrations (and reaching capacity too early), we impose a small fee of burning 10 OWL for each token registration.\r\n\r\n\r\nCloses #217 \r\n\r\n---\r\ntestplan:\r\nMake sure that you can add Tokens:\r\n```\r\ncd dex-contracts\r\nrm -r build\r\nnpx truffle migrate --reset\r\nnpx truffle exec scripts/stablex/setup_environment.js\r\nnpx truffle exec scripts/stablex/add_token.js --tokenAddress=\"0x6810e776880c02933d47db1b9fc05908e5386b96\"\r\n```\r\n\r\nAnd check out that the other PR in dex-services will run through ->\r\nhttps://github.com/gnosis/dex-services/pull/288"
    },
    {
        "projcts_name": "osmosis-labs_osmosis",
        "num": 2016,
        "created_user": "rrrliu",
        "created_at": "2022-07-11T07:33:50Z",
        "closed_at": "2022-07-17T18:47:46Z",
        "merged_at": "2022-07-17T18:47:46Z",
        "label": "C:docs",
        "comments_data": {
            "created": [
                "2022-07-13T11:28:31Z",
                "2022-07-15T04:56:11Z",
                "2022-07-15T12:27:23Z",
                "2022-07-15T16:13:29Z"
            ],
            "user_login": [
                "mattverse",
                "rrrliu",
                "ValarDragon",
                "mattverse"
            ]
        },
        "title": "x/gamm: Add fixed gas cost for swaps",
        "body": "<!-- < < < < < < < < < < < < < < < < < < < < < < < < < < < < < < < < < \u263a\r\nv                               \u2730  Thanks for creating a PR! \u2730    \r\nv    Before smashing the submit button please review the checkboxes.\r\nv    If a checkbox is n/a - please still include it but + a little note why\r\nv    If your PR doesn't close an issue, that's OK!  Just remove the Closes: #XXX line!\r\n\u263a > > > > > > > > > > > > > > > > > > > > > > > > > > > > > > > > >  -->\r\n\r\nCloses: #1903 \r\n\r\n## What is the purpose of the change\r\n\r\nTo further prevent spam, adds fixed amount of gas we consume per swap in/out. Previously we had only been consuming gas for built-in I/O (store reads and writes), and in the future we might make \r\n\r\n## Brief Changelog\r\n\r\n- Added new `BalancerGasFeeForSwap` constant + TODO comment to turn into param\r\n- Have `swapExactAmountIn` and `swapExactAmountOut` consume gas\r\n- Test this in `swap_test.go`\r\n\r\n\r\n## Testing and Verifying\r\n\r\nThis change added tests and can be verified as follows:\r\n\r\n- Added lines to test gas consumed in `swap_test.go`\r\n\r\n## Documentation and Release Note\r\n\r\n  - Does this pull request introduce a new feature or user-facing behavior changes? (yes)\r\n  - Is a relevant changelog entry added to the `Unreleased` section in `CHANGELOG.md`? yes\r\n  - How is the feature or change documented? (not applicable   /   specification (`x/<module>/spec/`)  /  [Osmosis docs repo](https://github.com/osmosis-labs/docs)   /   not documented)"
    },
    {
        "projcts_name": "AcalaNetwork_Acala",
        "num": 358,
        "created_user": "xlc",
        "created_at": "2020-08-07T02:50:29Z",
        "closed_at": "2020-08-07T11:26:10Z",
        "merged_at": [],
        "label": [],
        "comments_data": [],
        "title": "Improve DEX accumulate interest to avoid event spam",
        "body": "Currently on every block, one deposit event is created for each liquidity pool.\r\n\r\nShould merge all deposit into one to reduce number of events.\r\n\r\nhttps://github.com/AcalaNetwork/Acala/blob/13bca79e215e28ff0391f86d59b837f6b47104ec/modules/dex/src/lib.rs#L835"
    },
    {
        "projcts_name": "blockworks-foundation_mango-v3",
        "num": 169,
        "created_user": "theDefiBat",
        "created_at": "2022-04-15T16:14:07Z",
        "closed_at": "2022-06-14T09:13:28Z",
        "merged_at": null,
        "label": [],
        "comments_data": {
            "created": [
                "2022-04-17T16:38:06Z",
                "2022-04-19T14:19:24Z",
                "2022-04-23T10:45:56Z"
            ],
            "user_login": [
                "dafyddd",
                "dafyddd",
                "theDefiBat"
            ]
        },
        "title": "Add Associated Token Accounts owner check during withdraw",
        "body": "Associated Token Accounts(ATA) ownership is transferable which is generally not normal\r\n\r\nIn case of a scenario where a user might have signed some malicious transactions in which the spammer had taken over the ownership of the user's ATA say-USDC, now if the user unknowingly tries to withdraw from the mango account the funds will get transferred to the USDC ATA owned by the spammer and not the user.\r\n\r\nBelow is the transaction in which I tried replicating the above scenario:  where its deterministic USDC ATA  is not owned by the user and tries withdrawing 5 USDC from mango\r\n\r\nuser wallet :  DC9wKR6F1PsLzjs1PikthtNaKtVfUeBCc4EUeHhsBLA1\r\nspammer WALLET : 5yFs5rrUGqdwAww69DV6derLUZccs5zUQU6oe2BzUcop\r\nuser deterministic USDC ATA owner by spammer : 8nTLNSgkoFXpkLT6z4Y1hS6f49n3yaXruTTrCKmPCYK5\r\n\r\nhttps://explorer.solana.com/tx/4dbGe7wxMPiQeVsEvceJCSZfDxD84M3pKzbykXY9nuw7ePEL5ApQ4tuzNcyTust7nNqfWJEPRX1FcewCUQY4qtVt?cluster=mainnet"
    },
    {
        "projcts_name": "gnosis_dex-contracts",
        "num": 661,
        "created_user": "nlordell",
        "created_at": "2020-04-14T18:43:43Z",
        "closed_at": "2020-04-15T08:09:43Z",
        "merged_at": null,
        "label": [],
        "comments_data": [],
        "title": "[WIP] Add spam orders script for orderbook retrieval testing",
        "body": "This PR includes a small script I wrote when stress-testing orderbook retrieval on Rinkeby. It spams orders (by default 1 per user) for burner EOAs in batches (doing them all at once seemed to have issues with the Rinkeby node I was connected to).\r\n\r\n### Test Plan\r\n\r\nDeploy locally and run `npx truffle exec scripts/spam_orders.js` and see 100 new accounts with single orders get added to the exchange."
    },
    {
        "projcts_name": "osmosis-labs_osmosis",
        "num": 2266,
        "created_user": "AlpinYukseloglu",
        "created_at": "2022-08-01T06:03:45Z",
        "closed_at": "2022-08-04T19:05:18Z",
        "merged_at": [],
        "label": "T:bug \ud83d\udc1b",
        "comments_data": [],
        "title": "stableswap: Add check for correct input asset denoms to `joinPoolSharesInternal` and `updatePoolForJoin`",
        "body": "<!-- < < < < < < < < < < < < < < < < < < < < < < < < < < < < < < < < < \u263a\r\nv                               \u2730  Thanks for creating an issue! \u2730    \r\n\u263a > > > > > > > > > > > > > > > > > > > > > > > > > > > > > > > > >  -->\r\n\r\n## Background\r\n\r\nOur current implementation of `JoinPool` for stableswap checks the number of input assets, but does not check what their specific denoms are. This allows for a scenario where arbitrary tokens can be sent into a pool, much like was the case in https://github.com/osmosis-labs/osmosis/issues/1906.\r\n\r\n\r\nHowever, unlike in https://github.com/osmosis-labs/osmosis/issues/1906, our stableswap implementation has no implicit denom check when updating pool assets, so anything that is passed in is just directly added to the pool:\r\nhttps://github.com/osmosis-labs/osmosis/blob/5879583fa0c82857a1cb18b4bab8f18173b43de1/x/gamm/pool-models/stableswap/pool.go#L163-L166\r\n\r\n\r\nIf it weren't for a division by zero [here](https://github.com/osmosis-labs/osmosis/blob/5879583fa0c82857a1cb18b4bab8f18173b43de1/x/gamm/pool-models/internal/cfmm_common/lp.go#L75) incidentally catching denom deposits for denoms not in the pool, this would be a critical bug as it would allow spam/poisoned tokens to be sent into a pool to crowd out and ultimately drain liquidity.\r\n\r\nWe should add a denom check both in `joinPoolSharesInternal` and, to cover broader future cases, also add a check to `updatePoolForJoin` to make sure joining a pool does not change the number of assets in it.\r\n\r\n## Suggested Design\r\n\r\n- Expand the condition below to ensure that `p.GetTotalPoolLiquidity()` is a `DenomsSubsetOf` of `TokensIn` and vice versa (i.e. make sure denoms are equivalent):\r\nhttps://github.com/osmosis-labs/osmosis/blob/5879583fa0c82857a1cb18b4bab8f18173b43de1/x/gamm/pool-models/stableswap/amm.go#L382\r\n\r\n- Add a length check similar to the following to `updatePoolForJoin` in stableswap/pool.go:\r\nhttps://github.com/osmosis-labs/osmosis/blob/5879583fa0c82857a1cb18b4bab8f18173b43de1/x/gamm/pool-models/stableswap/pool.go#L151-L153\r\n\r\n## Acceptance Criteria\r\n\r\n- Existing and new tests pass\r\n"
    },
    {
        "projcts_name": "osmosis-labs_osmosis",
        "num": 1438,
        "created_user": "sunnya97",
        "created_at": "2022-05-05T23:51:51Z",
        "closed_at": "2022-05-06T18:29:46Z",
        "merged_at": [],
        "label": [],
        "comments_data": [],
        "title": "Add fee for creating new denoms with x/tokenfactory",
        "body": "Needed for spam resistance"
    },
    {
        "projcts_name": "osmosis-labs_osmosis",
        "num": 1435,
        "created_user": "sunnya97",
        "created_at": "2022-05-05T18:09:08Z",
        "closed_at": "2022-05-06T18:29:46Z",
        "merged_at": "2022-05-06T18:29:46Z",
        "label": "C:x/lockup",
        "comments_data": {
            "created": [
                "2022-05-05T18:17:57Z"
            ],
            "user_login": [
                "codecov-commenter"
            ]
        },
        "title": "x/tokenfactory create denom fee",
        "body": "<!-- < < < < < < < < < < < < < < < < < < < < < < < < < < < < < < < < < \u263a\r\nv                               \u2730  Thanks for creating a PR! \u2730    \r\nv    Before smashing the submit button please review the checkboxes.\r\nv    If a checkbox is n/a - please still include it but + a little note why\r\nv    If your PR doesn't close an issue, that's OK!  Just remove the Closes: #XXX line!\r\n\u263a > > > > > > > > > > > > > > > > > > > > > > > > > > > > > > > > >  -->\r\n\r\nCloses: #1438\r\n\r\n## What is the purpose of the change\r\n\r\nAdds a base fee for creating denoms with x/tokenfactory for spam resistance\r\n\r\n## Brief change log\r\n\r\nAdds a params struct to x/tokenfactory and uses that to store denoms\r\n\r\n## Testing and Verifying\r\n\r\nThis change added a check to make sure fees were being paid in tests\r\n\r\n## Documentation and Release Note\r\n\r\n  - Does this pull request introduce a new feature or user-facing behavior changes? (yes / no)\r\n  - Is a relevant changelog entry added to the `Unreleased` section in `CHANGELOG.md`? (yes / no)\r\n  - How is the feature or change documented? (not applicable   /   specification (`x/<module>/spec/`)  /  [Osmosis docs repo](https://github.com/osmosis-labs/docs)   /   not documented)\r\n\r\n "
    },
    {
        "projcts_name": "osmosis-labs_osmosis",
        "num": 723,
        "created_user": "ValarDragon",
        "created_at": "2022-01-06T07:17:17Z",
        "closed_at": "2022-01-12T01:43:24Z",
        "merged_at": [],
        "label": "C:x/gamm",
        "comments_data": [],
        "title": "x/txfees: Make an ante-handler filter for recognizing Gamm arb txs, and charging a flat fee for them",
        "body": "To help combat arb bot fee spam, we should add a mempool filter detecting if a tx is an arb transaction. If so, require a different minimum fee than every other tx.\r\n\r\nTheres three steps for this:\r\n* Make a gamm function for detecting if this multiMsg is an on-chain arb cycle\r\n* Make the anteHandler method use this for getting minimum gas price\r\n* Extend the app.toml config to expose this (instead of hardcoding something)\r\n\r\nWe can add new parameters to the app.toml config, e.g. see this PR: https://github.com/cosmos/cosmos-sdk/pull/10561/files\r\n\r\nI don't yet know if its possible to add these from the Osmosis repo, or if we have to do it in the SDK fork."
    },
    {
        "projcts_name": "UMAprotocol_protocol",
        "num": 1849,
        "created_user": "chrismaree",
        "created_at": "2020-08-14T09:14:32Z",
        "closed_at": "2020-09-16T11:43:55Z",
        "merged_at": [],
        "label": "enhancement",
        "comments_data": {
            "created": [
                "2020-09-16T11:43:55Z"
            ],
            "user_login": [
                "chrismaree"
            ]
        },
        "title": "EMP Feature: EMP should place reasonable restrictions on withdrawal requests",
        "body": "**Why**\r\n\r\nThe current implementation places no bounds on the kinds of withdrawal request a sponsor can submit. Resultantly, a sponsor can attempt to withdraw all collateral in their position in one go. Normally, this is not an issue as a liquidator would be able to profitably liquidate this invalid action. However, if a whale attempts to withdraw from a position with more synthetic tokens than the liquidators have access to the liquidator might not be able to liquidate the position. In the worst-case, the sponsor will be able to walk away from their debt and keep all their collateral due to underfunded liquidators who can\u2019t provide sufficient liquidity to liquidate the sponsor during the liveness period.\r\n\r\n**How**\r\n\r\n\r\nRestrictions can be imposed to limit the attack surface on the request withdrawal function. These restrictions would limit the damage a whale withdrawing attack would cause and decrease the liquidator collateral requirement by forcing the sponsor to always leave some collateral in the contract after a bulk withdrawal.\r\n\r\nIdeally, the EMP should prevent anyone from performing an action that would obviously result in liquidation, like withdrawing past the contract CR. However, these kinds of checks are hard in a priceless context as without the synthetic price you cant find the actual CR (or GCR). \r\n\r\nA softer version of this restriction is also possible. For example, the EMP could restrict withdrawal requests such that the resulting position CR can not be anything less than 1/3 of the current GCR. This restriction would prevent a user from trying to withdraw all collateral from their position in one go while still enabling \u201creasonable\u201d contract interactions. \r\n\r\nTake for example yUSD. It has a CR of 1.25 and currently has a GCR of ~2.5. Under this proposed restriction, a withdrawal request could not place a position\u2019s CR below 2.5/3=0.833. This means that if a whale attempted to withdraw all of their collateral and walk away from their debt they would be forced to leave a sizable amount in the position, making the attack much more expensive and risky as they would not be able to liberate this remaining collateral.\r\n\r\nAs an EMP\u2019s GCR increases, so this restriction bounds the range that a position CR can have relative to the overall GCR. Say, for example, the yUSD GCR is 5. This restriction would prevent a withdrawal request from taking a position CR to anything less than 5/3=1.666. This is still 40% away from the contract CR, which might not be ideal as it limits capital efficiency of users that want to ride close to the margin.\r\n\r\n**Resolution**\r\n\r\nSmart contract upgrade + unit tests\r\n\r\nFollow up issue would be to update EMP clients (i.e. EMPTools and CLI) to take restrict the user from submitting invalid requests.\r\n\r\n**Difficulty Score [1-10]**\r\n\r\n- 7: ~3 days\r\n"
    },
    {
        "projcts_name": "UMAprotocol_protocol",
        "num": 4043,
        "created_user": "md0x",
        "created_at": "2022-07-15T22:43:41Z",
        "closed_at": "2022-08-05T07:34:20Z",
        "merged_at": "2022-08-05T07:34:20Z",
        "label": [],
        "comments_data": {
            "created": [
                "2022-08-02T11:44:16Z",
                "2022-08-02T12:14:42Z",
                "2022-08-02T12:31:57Z"
            ],
            "user_login": [
                "chrismaree",
                "md0x",
                "chrismaree"
            ]
        },
        "title": "feat: update spam test",
        "body": "Signed-off-by: Pablo Maldonado <pablo@umaproject.org>\r\n\r\n<!--\r\n  Thanks for submitting a pull request!\r\n  We appreciate you spending the time to work on these changes. Please provide enough information so that others can review your pull request. The three fields below are mandatory.\r\n-->\r\n\r\n<!--\r\n  Title\r\n  Please include a concise title that briefly describes the change.\r\n  Titles should follow https://www.conventionalcommits.org/.\r\n  They should also be in the present simple tense.\r\n\r\n  Examples:\r\n\r\n  feat(dvm): adds a new function to compute voting rewards offchain\r\n  fix(monitor): fixes broken link in liquidation log\r\n  feat(voter-dapp): adds countdown timer component to the header\r\n  build(solc): updates solc version to 0.6.12\r\n  improve(emp-client): parallelizes web3 calls to improve performance\r\n\r\n  For examples of other types (feat, fix, build, improve) and what they mean, take a look at the angular list:\r\n  https://github.com/angular/angular/blob/22b96b9/CONTRIBUTING.md#type\r\n\r\n  See https://github.com/UMAprotocol/protocol/blob/master/CONTRIBUTING.md#conventional-commits for more details on PR\r\n  title expectations.\r\n-->\r\n\r\n\r\n**Motivation**\r\n\r\nUpdate spam test check that an internal call to `_resolvePriceRequest` during a price request deletion execution doesn't break anything\r\n\r\n**Summary**\r\n\r\nBriefly summarize what changes were made to accomplish the motivation above.\r\n\r\n\r\n**Details**\r\n\r\nThis may be unnecessary for some PRs. Catch-all for detailed explanations about the implementation decisions and implications of the change.\r\n\r\n\r\n**Testing**\r\n\r\nCheck a box to describe how you tested these changes and list the steps for reviewers to test.\r\n\r\n- [ ]  Ran end-to-end test, running the code as in production\r\n- [ ]  New unit tests created\r\n- [ ]  Existing tests adequate, no new tests required\r\n- [ ]  All existing tests pass\r\n- [ ]  Untested\r\n\r\n\r\n**Issue(s)**\r\n\r\n<!-- This PR must fix or refer to one or more issues. Please list them here. -->\r\nFixes #XXXX\r\n"
    }
]