[
    {
        "projcts_name": "enzymefinance_protocol",
        "num": 344,
        "created_user": "schmidsi",
        "created_at": "2018-01-03T16:24:13Z",
        "closed_at": "2018-01-06T11:21:56Z",
        "merged_at": [],
        "label": [],
        "comments_data": {
            "created": [
                "2018-01-05T13:08:11Z",
                "2018-01-05T14:28:23Z",
                "2018-01-06T11:20:41Z",
                "2018-01-06T11:22:22Z"
            ],
            "user_login": [
                "retotrinkler",
                "schmidsi",
                "retotrinkler",
                "schmidsi"
            ]
        },
        "title": "Setup multiple funds with same address",
        "body": "*Scenario*: John is a well known and serious fund manager. Because of that, he verifies his address with a sybil-resistant verification service. He plans to setup 3 different funds for his different types of investors.\r\n\r\n*Problem*: With the current implementation (https://github.com/melonproject/protocol/blob/develop/src/version/Version.sol#L108) it is not possible to setup multiple funds from the same address. But John cannot verify another address because of sybil-attack-resistance of the choosen verification service."
    }
]