[
    {
        "projcts_name": "keep-network_keep-core",
        "num": 782,
        "created_user": "rargulati",
        "created_at": "2019-05-01T17:53:07Z",
        "closed_at": "2019-05-10T10:39:20Z",
        "merged_at": "2019-05-10T10:39:19Z",
        "label": "\ud83c\udf0d network",
        "comments_data": {
            "created": [
                "2019-05-03T19:07:21Z",
                "2019-05-10T06:02:08Z"
            ],
            "user_login": [
                "rargulati",
                "pdyraga"
            ]
        },
        "title": "Remove custom message signing",
        "body": "We no longer need sign and verify in our libp2p implementation. Rather, we move the\r\nimportant bits of the verification code into authenticated connection process\r\n(where it was being used for the verification of the initial, out-of-band handshake). \r\n\r\nSince we're leaving signing to go-libp2p-pubusb, we still want to test that messages\r\ncan't be tampered with. This proves difficult as we don't control the bits in libp2p-pubsub \r\nthat would allow us to test if a message was tampered with AND we don't expose the bits \r\nin our own codeto manage direct connections.\r\n\r\nCloses https://github.com/keep-network/keep-core/issues/305"
    },
    {
        "projcts_name": "keep-network_keep-core",
        "num": 259,
        "created_user": "rargulati",
        "created_at": "2018-08-15T23:54:22Z",
        "closed_at": "2018-08-24T14:50:12Z",
        "merged_at": "2018-08-24T14:50:12Z",
        "label": [],
        "comments_data": {
            "created": [
                "2018-08-16T06:59:47Z",
                "2018-08-21T16:38:21Z",
                "2018-08-21T21:12:21Z",
                "2018-08-22T14:50:11Z",
                "2018-08-24T14:24:53Z"
            ],
            "user_login": [
                "pdyraga",
                "rargulati",
                "rargulati",
                "rargulati",
                "rargulati"
            ]
        },
        "title": "Sign inner message",
        "body": "Addresses https://github.com/keep-network/keep-core/issues/88\r\n\r\nDependent on https://github.com/keep-network/keep-core/pull/256\r\n\r\nNOTE switch branch to master after #256 is merged\r\n\r\nThis PR completes signing and verifying message signatures (specifically over the payload of the message). Ideally, we'd add a check to the channel mac, and group membership to a `Verify` that would encompass the `verifyPayload()` message introduced here. \r\n\r\nTODO: encrypting the entire envelope (so that the message isn't tampered with) or signing the entire envelope."
    }
]