[
    {
        "projcts_name": "UMAprotocol_protocol",
        "num": 6,
        "created_user": "mrice32",
        "created_at": "2018-09-18T03:51:40Z",
        "closed_at": "2018-11-16T22:45:27Z",
        "merged_at": [],
        "label": [],
        "comments_data": {
            "created": [
                "2018-09-18T14:30:08Z",
                "2018-11-16T22:45:27Z"
            ],
            "user_login": [
                "hlambur",
                "mrice32"
            ]
        },
        "title": "Try to remove time-based logic from contracts",
        "body": "In general, `block.timestamp` (or `now`) isn't particularly accurate and can be a security flaw if used carelessly. It's generally recommended that smart contracts avoid time based logic altogether (the solhint linter complains about this) in favor of block-number based logic, which can't be manipulated by the miner."
    }
]