[
    {
        "projcts_name": "enzymefinance_protocol",
        "num": 392,
        "created_user": "travs",
        "created_at": "2018-02-23T18:42:16Z",
        "closed_at": "2018-06-07T13:47:19Z",
        "merged_at": [],
        "label": [],
        "comments_data": {
            "created": [
                "2018-02-26T13:32:48Z",
                "2018-02-26T15:01:14Z",
                "2018-02-27T15:32:16Z",
                "2018-02-27T15:40:14Z",
                "2018-06-07T13:47:19Z"
            ],
            "user_login": [
                "travs",
                "retotrinkler",
                "retotrinkler",
                "travs",
                "travs"
            ]
        },
        "title": "Unhandled Division by Zero in Pricefeed getInvertedPrice",
        "body": "## Impact\r\ngetInvertedPrice will throw if an asset price is set to 0, leading to a denial of service\r\ncondition when requesting the inverted price for that asset.\r\n\r\n## Details\r\nIn the function getInvertedPrice, the price of an asset is retrieved via getPrice and the\r\nresult is stored in the inputPrice variable. The issue arises on line 193 of Pricefeed.sol, where\r\na division by zero may be performed if an asset price is set to zero by the Pricefeed owner.\r\n\r\n## Recommendation\r\nAccount for the possibility of inputPrice equaling 0 in getInvertedPrice, and gracefully\r\nhandle this scenario."
    }
]