[
    {
        "projcts_name": "osmosis-labs_osmosis",
        "num": 17,
        "created_user": "sunnya97",
        "created_at": "2021-01-10T06:25:30Z",
        "closed_at": "2021-04-02T01:55:40Z",
        "merged_at": [],
        "label": [],
        "comments_data": {
            "created": [
                "2021-03-31T20:20:13Z"
            ],
            "user_login": [
                "sunnya97"
            ]
        },
        "title": "Create lock-up mechanism for LP tokens",
        "body": "By default, when providing liquidity, liquidity providers receive back liquid LP tokens.  We want a way to allow liquidity providers to lock their LP tokens for a minimum locktime (i.e. 1 month, 3 months, etc).  This lock-ups will help guarantee long term liquidity, which will prevent [Vampire Attacks](https://www.cryptonative.ch/vampire-attack-an-attack-on-liquidity-dependent-protocols/).\r\n\r\nThese lockups should be easily queryable by other modules, that want to grant certain powers to long-term LPs.\r\n\r\nExamples can include:\r\n1. Distribution of liquidity mining rewards\r\n2. Granting of governance power over pool parameters"
    }
]