[
    {
        "projcts_name": "Loopring_protocols",
        "num": 1549,
        "created_user": "dong77",
        "created_at": "2020-08-04T11:50:28Z",
        "closed_at": "2020-08-04T13:58:09Z",
        "merged_at": null,
        "label": [],
        "comments_data": {
            "created": [
                "2020-08-04T12:42:27Z",
                "2020-08-04T12:50:14Z",
                "2020-08-04T13:45:33Z"
            ],
            "user_login": [
                "kongliangzhong",
                "kongliangzhong",
                "dong77"
            ]
        },
        "title": "[Hebao_1.1] option-2: meta-tx fees do not consume daily quota",
        "body": "The main purpose of this change is to reduce meta-transaction cost overhead.\r\nBut this PR actually introduces a security risk, a hacker who steals a wallet's owner private key can deplete the wallet by giving away tokens as meta-tx fees.\r\n\r\nPlease also see https://github.com/Loopring/protocols/pull/1551\r\n[Please do not merge yet!!!]"
    },
    {
        "projcts_name": "Loopring_protocols",
        "num": 1322,
        "created_user": "dong77",
        "created_at": "2020-06-23T12:28:03Z",
        "closed_at": "2020-06-23T13:10:01Z",
        "merged_at": null,
        "label": [],
        "comments_data": {
            "created": [
                "2020-06-23T12:56:32Z"
            ],
            "user_login": [
                "Brechtpd"
            ]
        },
        "title": "[Hebao_v1] fix lock/unlock meta-tx fee security issue",
        "body": "I'm trying to fix a security issue just identified in the current hebao smart contracts.\r\n\r\n## The issue\r\nA guardian can use a meta-transaction to call the `lock` function with a very high gas price to deplete a wallet up to the wallet's daily quota.  If the official guardian's key is leaked from the hot wallet, the sole official guardian can steal all wallets' assets up to their corresponding daily quota.\r\n\r\n## Analysis\r\nThe `lock` and `unlock` function can be called by any guardian without the knowledge of the wallet's owner. The meta-tx fee is deducted from the wallet's address, not the guardian's address. This should be seen as a security bug.\r\n\r\nThe reason is that in our executeMetaTx function, we didn't distinguish the logical message sender from the wallet in question. The meta-tx fee should only be deducted from the logical message sender. We should also extract a `reimburseFee` method and make it usable to modules and allow modules to call this method when necessary.\r\n\r\nGoing forward, I really want to use a better meta-transaction abstraction, something like GSN's codebase.\r\n\r\n## About this PR\r\nI'm not 100% sure about the fix, a careful review is demanded."
    },
    {
        "projcts_name": "Loopring_protocols",
        "num": 841,
        "created_user": "Brechtpd",
        "created_at": "2019-12-09T21:16:42Z",
        "closed_at": "2019-12-10T22:33:36Z",
        "merged_at": "2019-12-10T22:33:36Z",
        "label": [],
        "comments_data": [],
        "title": "[heabo] Allow the wallet to be created trustlessly (with meta tx or not)",
        "body": "The current method doesn't allow the wallet owner to create the wallet himself (which can be a security risk if he already deposited funds to the address) or easily allow the wallet owner to pay for the wallet deployment cost.\r\n\r\nThis PR allows the future wallet owner to remain in control of his wallet at any time. He can either deploy the wallet himself (by calling the create function directly) or pay a relayer to do it for him using a meta transaction.\r\n\r\nSo the normal process would be something like this:\r\n- The user downloads the wallet UI and the wallet UI creates a new owner keypair.\r\n- The wallet UI computes the wallet address and shows the address in the UI.\r\n- The user can now deposit ETH/any token to the wallet address anytime he wants.\r\n- The wallet UI monitors the deposits. If the user deposited some funds to the address the wallet UI can ask for the user to sign a meta tx so the wallet can be deployed on Ethereum. The cost for this deployment is paid using the funds in the wallet as usual.\r\n\r\nNote that at any point the wallet can be created by anyone by calling the wallet create function. The wallet contract only needs to be deployed when it's actually used by the user."
    },
    {
        "projcts_name": "liquity_dev",
        "num": 322,
        "created_user": "NatalieChin80",
        "created_at": "2021-03-01T13:51:02Z",
        "closed_at": "2021-03-01T20:19:56Z",
        "merged_at": [],
        "label": "wontfix",
        "comments_data": {
            "created": [
                "2021-03-01T20:19:56Z"
            ],
            "user_login": [
                "bingen"
            ]
        },
        "title": "Attacker can create backdoored scripts to steal funds from proxy ",
        "body": "Severity: High\r\nDifficulty: High\r\nType: Undefined Behavior\r\nTarget: `contracts/Proxy/BorrowerWrappersScript.sol` \r\n\r\n## Description \r\nAn attacker can create a backdoored script that introduces malicious behavior, which may result in a loss of funds when users interact with it.\r\n\r\nThe [Proxy's `execute` function uses `delegatecall` to call within the contract context](https://github.com/liquity/dev/blob/b90440d3bb39f35e58d786257f5573d94f7a5947/packages/contracts/contracts/TestContracts/DappSys/proxy.sol#L55-L80), allowing the delegated contract to transfer ETH and execute arbitrary data. \r\n\r\n``` solidity\r\nfunction execute(address _target, bytes _data)\r\n        public\r\n        auth\r\n        note\r\n        payable\r\n        returns (bytes32 response)\r\n    {\r\n        require(_target != 0x0);\r\n\r\n        // call contract in current context\r\n        assembly {\r\n            let succeeded := delegatecall(sub(gas, 5000), _target, add(_data, 0x20), mload(_data), 0, 32)\r\n            response := mload(0)      // load delegatecall output\r\n            switch iszero(succeeded)\r\n            case 1 {\r\n                // throw if delegatecall failed\r\n                revert(0, 0)\r\n            }\r\n        }\r\n    }\r\n```\r\n\r\nThis is dangerous, as users must be _very_ sure of what contracts they are interacting with when they use the Proxy. For example, users should verify these that these contracts do not: \r\n- Arbitrarily transfer ETH, which will use funds from the user's Proxy\r\n- Self-destruct, resulting in the Proxy self-destructing\r\n- Unintentionally interact with different DeFi systems which use the same proxy \r\n- Target contract is not upgradeable, otherwise attackers can very easily add backdoors\r\n\r\n## Exploit Scenario \r\nEve deploys a BorrowersScript that is upgradeable, promising users better use of recycling staking rewards. Once the contract gains traction, she upgrades a function in the contract to `selfdestruct`. As a result, users will call the function and their proxies will be self-destructed.\r\n\r\n## Recommendations\r\nShort term, ensure users are aware of the functionality of these scripts and ensure that the risks associated with executing arbitrary scripts are explicitly stated.\r\n\r\nLong term, compile a list of risks that are associated with users interacting with arbitrary scripts. This gives users an idea of what to look out for when interacting with arbitrary contracts."
    },
    {
        "projcts_name": "dydxprotocol_protocol_v1",
        "num": 224,
        "created_user": "BrendanChou",
        "created_at": "2018-04-24T01:01:53Z",
        "closed_at": "2018-06-05T00:09:08Z",
        "merged_at": [],
        "label": "security",
        "comments_data": {
            "created": [
                "2018-06-05T00:09:50Z"
            ],
            "user_login": [
                "BrendanChou"
            ]
        },
        "title": "Tracking Bugs",
        "body": "**Severity** | **Examples**\r\n--- | ---\r\n**P0** | Allows for stealing or locking funds from other positions on the base protocol\r\n**P1** | Allows for stealing or locking funds from the same position on the base protocol. Allows for stealing or locking funds from shared positions on the second-layer\r\n**P2** | Allows for strong manipulation of funds in the base or second-layer protocol. Some types of positions are difficult to open or close based on certain values.\r\n**P3** | External getter function is implemented incorrectly, making it misleading or useless\r\n**P4** | Extreme gas inefficiency\r\n\r\n---\r\n\r\n**Severity** | **Found** | **Fixed** | **Description**\r\n--- | --- | --- | ---\r\nP1 | 5/14 | #287 | No interest when interest percentage is 32XX%.\r\nP1 | 4/26 | #261 | When increasing a position, the lender may give `P*e^rt` `owedToken` but only `P*Q` `heldToken` is added as collateral (where `Q=minHeldToken/maxAmount`). To protect the lender, we must ensure that at least `P*e^rt*Q` heldTokens are added. Found by the cryptofin team.\r\nP3 | 4/23 | #222 | `getTimeUntilInterestIncrease()` was incorrect and returned 0 for nearly all input values\r\nP1 | 4/16 | #209 | We wouldn't accept extra makerTokens from the exchange wrapper"
    },
    {
        "projcts_name": "keep-network_keep-core",
        "num": 1169,
        "created_user": "ngrinkevich",
        "created_at": "2019-11-26T11:32:53Z",
        "closed_at": "2020-01-27T19:57:38Z",
        "merged_at": "2020-01-27T19:57:38Z",
        "label": [],
        "comments_data": {
            "created": [
                "2020-01-27T16:02:51Z",
                "2020-01-27T19:55:46Z"
            ],
            "user_login": [
                "ngrinkevich",
                "ngrinkevich"
            ]
        },
        "title": "Slashing implementation - Seize stake if group fails to produce an entry",
        "body": "Refs: #805 \r\n\r\nClose: #1079 \r\n\r\nWhen a group fails to produce an entry, all of its members shall be\r\nsubject to seizing. The submitter of the trigger transaction shall be\r\ntreated as the tattletale, but the tattletale reward shall be limited to\r\nmin(1, 20 / group_size) of the maximum, or effectively the minimum stake\r\nof a single member. This is to prevent actors in a lynchpin position from\r\nprofitably stealing other stakers' funds."
    },
    {
        "projcts_name": "KyberNetwork_smart-contracts",
        "num": 908,
        "created_user": "Anyhowclick",
        "created_at": "2020-04-24T04:36:29Z",
        "closed_at": "2020-04-24T08:43:14Z",
        "merged_at": "2020-04-24T08:43:14Z",
        "label": [],
        "comments_data": [],
        "title": "Fixed most failing tests, except 2",
        "body": "- Failing tests have to do with MaliciousNetwork. If it \"steals\" funds by sending the user less than expected, and reports that amount, then the check that `require(reportedDestAmount == tradeOutcome.userDeltaDestAmount);` in the proxy will still be true..."
    },
    {
        "projcts_name": "yieldprotocol_vault-v2",
        "num": 258,
        "created_user": "alcueca",
        "created_at": "2021-08-12T14:25:40Z",
        "closed_at": "2021-08-19T03:13:01Z",
        "merged_at": "2021-08-19T03:13:01Z",
        "label": [],
        "comments_data": {
            "created": [
                "2021-08-18T20:28:31Z",
                "2021-08-19T03:12:49Z"
            ],
            "user_login": [
                "aniemerg",
                "alcueca"
            ]
        },
        "title": "Feat/router",
        "body": "This PR reorganizes how the Ladle deals with routing arbitrary `call`, as well as `transfer` and `permit`. The goal is to make the Ladle safer, while allowing a few more recipes to be implemented.\r\n\r\nOriginally, arbitrary calls could be routed to Pools. This is problematic in principle because the Ladle would be doing arbitrary calls to a contract, and the Ladle has permission to do dangerous things via `auth` and ERC20 `approve`. The issue was mitigated until now by whitelisting the `route` targets via `addPool`.\r\n\r\nThinking on how to `route` calls to other contracts, such as Strategy.sol, revealed the risk of letting the Ladle do arbitrary calls, chosen by the user. Even if the targets are whitelisted, it is easy to miss interactions that would lead to loss of funds.\r\n\r\nThe solution in this PR is to use a Router contract. This Router contract is deployed automatically when the Ladle is deployed, and all it does is to take arbitrary calls to arbitrary targets from Ladle and execute them. This solves the problem of the Ladle having permissions, since it will always be the Router the actual caller, and the Router will never have any permissions by our hand.\r\n\r\nIn a way, it is an airgap that for the cost of one extra CALL (no SLOADS even), strips all permissions from Ladle before it calls on a contract. In any case, targets for this kind of execution are still whitelisted as an additional layer of security.\r\n\r\nThe whitelisting has been extended to `transfer` and `permit`, to allow the Ladle to transfer any whitelisted tokens from the users wallet to any receiver. The main protection here is that `transfer` only takes tokens from the caller, so it can't ever be used to steal funds from an user's wallet. Still, token that Ladle will cal `transfer` or `permit` on are whitelisted as an additional layer of security.\r\n\r\nThe `addJoin` and `addPool` governance functions have been extended to whitelist standard assets and pools appropriately and automatically, meaning that the governance UX remains the same. Only now governance has more options to whitelist tokens and integrations.\r\n\r\nThe syntax for certain batch actions has changed for the better. Where before the frontend needed to use asset ids, boolean flags, or combinations of addresses to infer the actual target, now a single address can be passed on.\r\n"
    }
]